;F2;G1;M1;N1
1;1;2;1;1
2;0;NA;1;1
3;1;NA;1;2
4;1;NA;1;2
5;0;1;1;1
6;0;1;1;1
7;0;1;1;1
8;NA;1;0;1
9;NA;1;2;2
10;3;2;2;1
11;2;1;2;1
12;1;1;1;2
13;0;1;1;1
14;NA;1;2;1
15;1;1;1;2
16;0;1;1;1
17;0;1;1;1
18;0;1;1;1
19;1;1;0;1
20;0;3;1;4
21;0;1;1;1
22;2;1;1;2
23;0;0;1;1
24;0;1;1;1
25;0;1;1;1
26;NA;1;2;2
27;1;1;2;2
28;0;2;1;1
29;0;1;1;1
30;1;0;0;0
31;1;2;2;2
32;0;1;1;1
33;NA;0;1;1
34;NA;1;1;2
35;NA;1;2;1
36;1;2;3;4
37;0;3;1;1
38;1;1;1;2
39;0;1;1;0
40;0;1;1;1
41;2;1;1;1
42;0;1;1;1
43;0;1;1;3
44;2;1;1;1
45;0;1;1;1
46;2;1;1;1
47;1;1;2;1
48;1;1;2;2
49;1;2;1;2
50;1;0;1;0
51;0;1;1;1
52;NA;2;1;1
53;NA;0;1;0
54;1;2;1;1
55;0;NA;1;1
56;1;NA;1;2
57;0;NA;1;0
58;0;NA;1;1
59;0;NA;1;1
60;1;2;1;1
61;1;2;3;4
62;1;0;1;1
63;0;1;1;1
64;0;1;1;1
65;1;1;2;3
66;0;1;1;1
67;0;1;1;1
68;NA;1;1;2
69;NA;2;1;1
70;NA;2;1;1
71;NA;1;2;2
72;NA;0;1;1
73;NA;2;1;1
74;0;1;1;1
75;0;1;1;1
76;0;1;0;0
77;0;1;1;1
78;0;1;1;1
79;2;1;1;1
80;1;1;0;1
81;0;1;0;1
82;0;1;1;1
83;0;1;1;1
84;NA;0;1;1
85;NA;1;1;2
86;NA;2;1;1
87;0;1;1;1
88;1;1;2;2
89;1;0;0;0
90;2;1;1;1
91;1;1;1;2
92;0;3;1;1
93;NA;NA;1;2
94;0;1;1;1
95;1;2;2;2
96;1;2;3;4
97;0;1;1;1
98;NA;2;1;1
99;NA;1;1;0
100;NA;0;1;1
101;NA;1;2;1
102;NA;1;2;3
103;0;1;1;1
104;0;1;1;1
105;0;0;1;1
106;2;1;1;1
107;1;1;1;2
108;0;1;1;1
109;NA;1;2;1
110;0;1;1;1
111;2;1;1;1
112;0;1;1;1
113;NA;1;2;1
114;1;2;2;2
115;1;0;1;1
116;1;1;2;1
117;0;1;NA;1
118;2;1;3;1
119;1;2;1;1
120;2;NA;1;1
121;1;2;1;0
122;0;1;1;1
123;2;1;1;1
124;NA;0;1;3
125;NA;2;1;1
126;2;1;1;1
127;0;2;1;1
128;1;2;1;1
129;0;1;1;3
130;0;1;3;3
131;1;0;0;0
132;1;2;3;4
133;1;2;1;3
134;1;1;1;2
135;1;1;1;2
136;0;1;1;1
137;NA;1;0;1
138;2;2;1;1
139;0;1;1;1
140;1;1;0;1
141;1;0;1;1
142;1;2;3;4
143;1;2;1;1
144;1;1;2;2
145;1;2;1;1
146;2;1;1;1
147;NA;2;2;1
148;1;2;3;3
149;1;2;1;1
150;1;2;1;1
151;2;1;3;3
152;2;1;2;2
153;1;1;1;2
154;0;1;1;1
155;1;2;1;1
156;2;NA;1;1
157;2;NA;1;1
158;1;2;1;1
159;1;0;0;0
160;1;2;1;1
161;0;NA;1;1
162;2;1;1;1
163;1;2;1;1
164;1;2;3;1
165;1;1;2;1
166;1;2;3;1
167;0;1;1;1
168;1;0;0;1
169;0;1;1;1
170;2;1;1;1
171;1;2;1;1
172;1;1;1;2
173;1;1;1;0
174;1;1;2;2
175;1;2;1;1
176;1;1;1;2
177;2;1;1;1
178;NA;1;2;2
179;1;1;0;1
180;1;0;1;1
181;0;1;1;1
182;1;2;3;3
183;1;2;1;1
184;1;1;2;1
185;1;2;1;1
186;1;1;2;1
187;2;1;1;1
188;1;1;1;2
189;1;1;1;2
190;0;1;1;1
191;NA;1;1;2
192;1;2;1;1
193;1;2;2;2
194;1;2;1;1
195;0;1;1;1
196;NA;2;1;1
197;1;2;2;2
198;1;1;1;2
199;2;3;1;1
200;2;1;1;1
201;1;0;1;1
202;0;1;1;1
203;NA;0;1;1
204;2;1;2;3
205;1;1;0;0
206;0;1;1;1
207;0;1;1;1
208;0;1;1;1
209;1;0;0;0
210;1;1;2;2
211;0;1;1;1
212;1;1;1;2
213;1;1;1;2
214;3;4;1;2
215;0;1;1;1
216;NA;1;2;2
217;2;1;1;1
218;2;3;1;1
219;1;2;1;1
220;2;1;1;1
221;1;1;2;3
222;0;1;0;1
223;1;1;2;2
224;1;2;3;3
225;1;0;1;1
226;0;1;1;1
227;NA;2;1;1
228;NA;1;2;2
229;NA;1;1;2
230;1;0;0;0
231;1;2;2;2
232;0;1;1;1
233;0;1;1;0
234;1;2;1;1
235;1;2;3;1
236;0;NA;NA;1
237;1;NA;NA;0
238;1;2;1;1
239;1;1;1;0
240;1;2;1;NA
241;0;1;1;1
242;1;2;2;2
243;1;2;3;4
244;0;1;1;1
245;2;0;1;1
246;1;1;2;1
247;2;3;3;1
248;2;1;1;1
249;1;1;0;0
250;1;1;2;2
251;1;1;2;2
252;1;0;NA;NA
253;1;2;NA;NA
254;1;1;2;2
255;1;1;1;2
256;1;1;2;2
257;0;1;1;1
258;NA;1;1;2
259;0;1;1;1
260;1;1;1;2
261;1;1;2;NA
262;1;1;2;NA
263;1;1;1;2
264;1;2;1;1
265;2;3;1;1
266;0;1;1;1
267;NA;1;2;2
268;2;1;1;1
269;NA;2;1;1
270;2;1;3;0
271;0;1;1;1
272;1;2;1;1
273;0;1;1;1
274;NA;1;2;2
275;1;1;0;0
276;1;2;3;1
277;2;1;1;3
278;0;0;1;0
279;2;1;1;1
280;0;1;1;1
281;0;1;1;1
282;1;1;2;2
283;1;1;2;1
284;3;1;2;1
285;1;1;2;1
286;1;1;1;2
287;1;2;1;1
288;2;1;1;1
289;1;2;3;3
290;0;1;0;0
291;1;2;1;1
292;1;2;1;1
293;1;2;3;3
294;2;1;2;1
295;0;0;1;0
296;1;2;1;1
297;0;1;1;1
298;NA;1;1;2
299;0;1;1;1
300;2;1;1;1
301;0;1;1;1
302;NA;2;1;1
303;NA;NA;1;0
304;1;2;2;2
305;1;2;3;4
306;2;3;1;3
307;1;1;2;1
308;1;1;2;1
309;1;2;1;1
310;1;1;1;2
311;1;2;1;1
312;1;1;1;0
313;2;1;1;1
314;1;1;2;3
315;1;0;1;0
316;1;1;2;3
317;1;0;1;1
318;1;1;2;2
319;2;1;1;1
320;0;1;1;1
321;0;1;1;1
322;2;1;1;1
323;1;1;2;3
324;1;1;0;0
325;0;0;1;1
326;2;1;2;1
327;1;0;1;1
328;1;2;2;2
329;2;1;1;1
330;1;0;1;1
331;2;1;2;2
332;1;1;2;2
333;1;2;1;1
334;1;1;0;1
335;1;2;1;2
336;0;1;1;1
337;1;1;1;2
338;1;0;3;1
339;1;NA;NA;0
340;1;0;1;1
341;1;NA;0;0
342;1;0;1;1
343;1;1;2;2
344;1;1;1;2
345;1;1;1;0
346;1;1;2;3
347;0;1;1;1
348;1;1;1;0
349;2;3;1;NA
350;1;0;0;NA
351;1;2;2;NA
352;2;1;1;1
353;1;2;1;1
354;0;1;1;1
355;0;1;1;1
356;NA;1;1;2
357;0;1;1;1
358;0;1;1;1
359;0;1;1;1
360;0;1;1;1
361;0;1;1;1
362;2;1;1;1
363;1;0;1;1
364;0;1;1;1
365;NA;2;1;1
366;1;2;1;1
367;1;2;1;2
368;0;1;1;1
369;NA;0;1;1
370;1;0;0;0
371;1;1;2;2
372;1;2;NA;NA
373;1;2;1;1
374;1;2;3;1
375;0;1;1;1
376;NA;1;1;2
377;NA;0;1;3
378;1;1;2;1
379;2;1;1;1
380;0;1;1;1
381;NA;1;1;2
382;0;1;1;1
383;NA;1;1;2
384;1;2;1;1
385;0;NA;1;1
386;NA;NA;1;2
387;1;NA;2;1
388;0;1;0;0
389;2;1;1;1
390;0;0;1;1
391;1;2;1;1
392;0;0;1;1
393;2;1;3;1
394;1;2;2;2
395;0;1;1;1
396;0;1;1;1
397;0;1;1;1
398;1;1;2;2
399;0;1;1;1
400;1;2;2;2
401;1;2;1;1
402;1;2;2;2
403;2;1;1;1
404;0;1;1;1
405;NA;1;2;1
406;0;0;1;0
407;1;2;1;3
408;1;0;1;1
409;1;0;0;0
410;0;1;1;1
411;0;1;1;1
412;2;1;1;1
413;2;1;1;1
414;2;1;1;1
415;1;2;3;3
416;1;0;1;1
417;1;1;2;1
418;2;1;1;1
419;0;1;1;1
420;0;1;1;1
421;1;1;2;1
422;0;1;1;1
423;2;2;1;1
424;0;3;4;1
425;2;1;1;1
426;NA;2;1;1
427;1;2;1;1
428;1;1;2;2
429;0;1;1;1
430;0;1;0;0
431;1;0;0;0
432;1;0;1;1
433;0;NA;1;1
434;1;2;3;1
435;2;1;1;3
436;2;1;1;1
437;1;1;0;0
438;1;1;2;2
439;1;2;3;3
440;1;2;1;1
441;1;2;3;2
442;2;1;1;1
443;1;0;1;1
444;0;1;1;1
445;1;2;3;1
446;2;1;1;1
447;NA;1;2;2
448;NA;1;1;2
449;NA;1;1;0
450;2;1;1;1
451;1;1;0;1
452;1;1;1;0
453;0;1;1;1
454;2;1;1;1
455;2;1;1;1
456;2;1;1;2
457;0;1;1;3
458;2;1;1;1
459;1;2;3;1
460;2;1;1;1
461;1;1;1;0
462;0;1;1;1
463;1;1;2;2
464;0;1;1;1
465;NA;1;2;1
466;0;1;1;1
467;NA;2;1;1
468;1;1;2;1
469;2;1;1;1
470;0;1;1;1
471;NA;1;1;2
472;1;1;1;2
473;1;3;2;2
474;0;1;1;1
475;1;0;1;1
476;1;1;1;0
477;2;3;1;1
478;1;0;1;0
479;1;2;3;3
480;2;3;1;1
481;1;2;2;2
482;2;1;1;1
483;0;1;1;1
484;NA;2;1;1
485;NA;1;2;2
486;2;1;1;1
487;0;1;1;1
488;0;1;1;0
489;2;1;1;1
490;0;1;1;1
491;NA;0;1;1
492;NA;2;1;1
493;2;1;1;1
494;0;1;1;1
495;NA;1;2;2
496;NA;0;1;0
497;0;1;1;1
498;0;1;1;1
499;1;1;2;2
500;0;0;1;1
501;1;2;1;1
502;1;0;0;0
503;1;1;2;2
504;1;2;3;3
505;2;1;1;1
506;0;1;1;1
507;1;2;1;1
508;1;2;1;1
509;2;NA;1;1
510;1;0;1;1
511;2;1;1;1
512;1;2;1;1
513;0;1;1;1
514;1;1;1;0
515;1;1;1;2
516;1;2;2;2
517;1;2;3;3
518;1;0;1;1
519;1;2;3;4
520;1;0;1;1
521;2;1;1;1
522;1;2;2;2
523;1;0;0;0
524;0;1;1;1
525;NA;1;2;2
526;1;0;1;1
527;0;1;1;1
528;NA;2;1;1
529;1;2;1;1
530;1;1;2;2
531;0;1;1;1
532;0;0;1;1
533;0;1;1;1
534;NA;1;1;2
535;0;1;1;1
536;0;1;1;1
537;1;0;1;1
538;0;3;1;1
539;0;0;1;1
540;0;1;1;1
541;1;2;1;1
542;1;NA;1;0
543;0;0;1;1
544;0;1;1;1
545;NA;1;0;0
546;2;1;1;1
547;NA;2;1;1
548;0;1;1;1
549;NA;1;1;0
550;0;1;1;0
551;1;2;1;3
552;0;0;1;1
553;NA;NA;1;2
554;1;2;2;3
555;1;2;2;2
556;1;2;1;1
557;1;1;2;2
558;1;0;0;0
559;1;1;1;2
560;2;1;1;NA
561;1;0;0;1
562;0;1;0;0
563;1;1;0;0
564;2;1;3;3
565;1;2;3;1
566;1;1;1;2
567;1;0;0;1
568;1;1;2;2
569;1;2;2;2
570;0;1;1;0
571;0;1;1;1
572;1;2;1;2
573;1;2;3;1
574;1;2;3;1
575;1;0;1;1
576;0;1;1;1
577;NA;1;3;0
578;1;2;1;1
579;1;2;1;1
580;1;1;1;2
581;1;2;1;1
582;0;NA;1;1
583;1;2;1;1
584;1;2;3;3
585;1;2;1;1
586;1;2;1;1
587;1;0;1;1
588;1;2;1;2
589;1;0;1;1
590;1;2;2;2
591;1;2;3;4
592;0;1;1;1
593;0;1;0;0
594;2;1;1;1
595;2;1;1;1
596;1;2;3;4
597;1;0;1;1
598;1;1;2;2
599;0;1;2;2
600;0;1;1;1
601;1;1;1;2
602;1;1;2;1
603;1;1;2;3
604;1;1;1;2
605;1;2;1;1
606;1;0;1;1
607;0;0;1;1
608;1;0;1;1
609;2;3;1;1
610;0;1;1;1
611;1;1;1;2
612;1;0;0;0
613;2;0;1;1
614;0;1;1;1
615;NA;2;1;1
616;0;1;1;1
617;1;2;1;1
618;1;2;1;1
619;1;2;1;1
620;1;0;1;1
621;0;1;1;1
622;0;1;1;1
623;2;1;1;1
624;0;1;1;1
625;1;0;1;1
626;0;0;1;1
627;0;1;1;1
628;1;2;3;3
629;1;2;1;1
630;0;1;1;0
631;1;2;1;1
632;1;NA;2;2
633;0;NA;1;1
634;1;1;2;2
635;0;1;1;1
636;0;1;1;1
637;0;3;1;1
638;0;1;1;1
639;0;1;1;1
640;NA;2;1;1
641;NA;NA;1;0
642;2;1;2;1
643;1;1;1;0
644;1;0;1;1
645;0;1;1;1
646;1;2;1;1
647;1;0;1;1
648;1;2;1;1
649;1;2;2;2
650;1;2;2;2
651;1;1;2;2
652;0;1;1;1
653;NA;0;1;1
654;NA;1;2;2
655;2;1;1;1
656;1;1;2;1
657;1;1;2;1
658;0;0;3;1
659;1;2;1;1
660;1;1;1;2
661;1;2;1;1
662;0;1;1;1
663;0;1;1;1
664;NA;0;1;1
665;0;1;1;1
666;NA;1;1;2
667;2;1;1;1
668;NA;2;1;1
669;0;1;1;1
670;2;1;1;2
671;1;2;1;2
672;1;1;2;3
673;1;0;3;3
674;1;1;2;2
675;1;1;1;0
676;0;1;1;NA
677;1;0;1;0
678;0;NA;1;NA
679;2;NA;1;NA
680;2;1;1;0
681;0;1;1;1
682;1;2;1;1
683;1;1;1;2
684;1;2;2;2
685;1;2;0;0
686;1;1;2;3
687;1;0;1;1
688;0;NA;1;1
689;1;1;1;2
690;1;1;1;2
691;1;1;1;2
692;1;2;3;3
693;1;2;3;4
694;1;2;2;2
695;1;1;0;0
696;1;1;2;3
697;2;1;1;1
698;0;1;1;1
699;1;0;1;1
700;1;1;2;1
701;1;2;1;1
702;2;1;1;1
703;1;1;2;3
704;1;2;1;1
705;1;NA;1;0
706;1;2;1;1
707;1;0;0;1
708;2;1;1;1
709;1;2;1;1
710;1;0;1;1
711;1;NA;1;2
712;1;2;3;2
713;0;0;1;1
714;1;2;3;3
715;0;1;1;1
716;NA;2;1;1
717;0;0;1;1
718;1;1;2;2
719;1;1;1;0
720;1;1;2;3
721;0;1;1;1
722;0;1;1;1
723;NA;2;1;1
724;NA;1;1;2
725;NA;0;1;NA
726;1;1;2;1
727;0;1;1;1
728;0;1;1;1
729;NA;1;2;2
730;NA;0;0;1
731;0;0;1;1
732;1;1;2;2
733;0;1;1;1
734;NA;2;1;1
735;0;1;1;1
736;0;1;1;1
737;NA;1;2;2
738;2;1;1;1
739;0;1;1;1
740;NA;0;1;1
741;1;2;2;2
742;1;1;2;2
743;1;2;2;2
744;1;2;1;1
745;1;1;1;2
746;1;1;1;0
747;1;1;1;0
748;0;1;1;0
749;0;1;1;1
750;0;1;1;1
751;NA;0;1;1
752;2;2;3;1
753;1;1;1;2
754;1;2;1;1
755;1;2;1;1
756;2;2;1;1
757;0;1;1;1
758;NA;2;2;1
759;1;1;1;2
760;1;0;1;1
761;1;1;1;2
762;0;1;1;1
763;NA;2;1;1
764;NA;0;1;1
765;NA;1;0;1
766;2;1;1;1
767;0;1;1;1
768;2;1;1;1
769;0;1;1;1
770;0;1;1;1
771;NA;2;1;3
772;NA;0;0;1
773;0;1;1;1
774;2;1;1;1
775;0;1;1;1
776;NA;2;1;1
777;NA;0;1;1
778;0;1;1;1
779;0;1;1;1
780;NA;1;0;0
781;NA;0;1;1
782;NA;NA;1;0
783;0;1;1;1
784;0;1;1;1
785;1;0;1;0
786;1;1;1;2
787;0;1;1;NA
788;1;1;2;1
789;2;1;1;3
790;2;1;1;2
791;2;3;1;1
792;0;1;2;0
793;2;1;1;1
794;2;1;1;1
795;2;1;1;1
796;1;0;1;1
797;1;1;2;3
798;2;1;NA;NA
799;0;3;1;0
800;0;1;1;1
801;1;0;3;3
802;2;NA;1;1
803;1;2;1;1
804;1;2;1;1
805;1;1;2;3
806;1;1;1;0
807;1;2;1;1
808;2;1;1;1
809;1;1;2;1
810;1;2;1;1
811;1;0;0;0
812;1;0;1;1
813;1;2;1;1
814;1;1;2;1
815;0;1;NA;1
816;1;1;2;1
817;1;2;0;0
818;1;1;2;2
819;1;1;2;1
820;1;2;1;1
821;1;0;1;1
822;1;NA;0;1
823;1;1;2;2
824;0;1;NA;NA
825;1;1;1;2
826;1;1;2;1
827;1;2;3;3
828;1;1;2;1
829;0;0;NA;1
830;1;0;0;0
831;1;2;1;1
832;0;NA;1;1
833;1;1;1;2
834;1;1;1;2
835;1;1;1;2
836;2;1;1;1
837;1;1;0;0
838;1;1;0;1
839;2;1;1;1
840;0;1;0;0
841;1;1;2;3
842;2;1;NA;NA
843;0;1;1;0
844;1;3;1;2
845;1;2;3;3
846;1;1;1;2
847;0;1;1;1
848;NA;2;1;1
849;1;2;2;2
850;0;1;1;1
851;NA;0;1;1
852;1;2;1;1
853;1;1;1;2
854;2;1;3;4
855;1;2;3;4
856;1;1;2;2
857;2;2;1;1
858;2;1;1;1
859;0;1;1;1
860;0;1;1;1
861;NA;2;1;1
862;NA;1;2;3
863;NA;0;1;1
864;NA;2;1;2
865;NA;0;1;0
866;NA;1;2;1
867;NA;0;1;1
868;NA;1;2;2
869;NA;0;1;0
870;NA;2;1;1
871;NA;1;1;2
872;1;2;1;1
873;0;1;1;1
874;1;1;0;0
875;0;1;1;1
876;0;1;1;1
877;1;2;2;2
878;1;1;1;0
879;1;1;1;2
880;1;2;3;3
881;0;1;1;1
882;1;2;3;4
883;1;1;2;1
884;1;1;1;0
885;1;2;1;1
886;0;3;1;1
887;0;1;1;1
888;NA;2;1;2
889;NA;1;2;1
890;NA;0;1;1
891;NA;NA;2;1
892;1;2;2;1
893;2;1;1;1
894;1;2;3;3
895;2;1;1;1
896;NA;1;0;0
897;0;1;1;1
898;NA;2;1;1
899;1;2;1;1
900;0;NA;1;1
901;1;1;1;0
902;0;1;1;NA
903;0;1;1;1
904;NA;1;1;0
905;NA;2;1;1
906;NA;0;1;1
907;1;0;1;1
908;2;NA;1;1
909;0;1;1;1
910;NA;2;1;1
911;0;1;1;1
912;1;2;3;2
913;0;1;1;0
914;0;3;1;4
915;1;1;1;2
916;0;1;1;1
917;2;2;1;1
918;1;2;1;1
919;1;2;1;1
920;0;1;1;1
921;NA;2;1;1
922;2;1;1;1
923;2;1;1;1
924;3;2;1;1
925;2;2;2;1
926;0;1;0;0
927;1;2;2;2
928;2;1;1;1
929;2;1;1;1
930;0;0;1;1
931;1;1;0;0
932;0;1;NA;NA
933;0;1;1;1
934;NA;2;1;1
935;NA;2;1;1
936;NA;2;1;1
937;0;1;1;1
938;1;0;1;1
939;1;NA;0;0
940;1;2;2;2
941;0;1;1;1
942;NA;0;1;1
943;NA;1;0;0
944;0;1;1;1
945;NA;2;1;1
946;0;1;1;1
947;NA;1;1;2
948;0;1;1;1
949;NA;1;1;2
950;1;1;1;2
951;0;1;1;1
952;0;3;1;4
953;2;1;1;1
954;NA;1;1;0
955;1;1;1;2
956;1;1;2;2
957;1;1;1;2
958;1;2;1;1
959;1;1;2;3
960;1;2;1;1
961;1;2;1;1
962;0;1;1;1
963;NA;0;1;1
964;0;1;1;1
965;NA;0;1;0
966;0;0;1;1
967;0;1;1;1
968;0;1;1;1
969;0;0;0;1
970;1;2;1;1
971;2;1;1;1
972;2;1;1;1
973;NA;2;1;1
974;1;0;1;1
975;1;NA;1;2
976;0;1;1;1
977;2;1;1;1
978;2;1;1;2
979;0;3;1;3
980;1;1;0;1
981;2;1;1;1
982;NA;1;2;1
983;1;2;1;1
984;0;1;1;1
985;1;1;2;2
986;0;1;1;1
987;NA;1;2;1
988;2;1;2;2
989;0;1;1;1
990;NA;1;2;1
991;1;0;1;1
992;0;1;1;1
993;0;1;1;1
994;NA;1;2;1
995;1;0;1;1
996;1;NA;2;2
997;1;NA;2;2
998;1;2;1;1
999;2;1;1;1
1000;0;1;1;1
1001;NA;1;2;2
1002;1;0;1;1
1003;1;1;1;2
1004;2;1;1;1
1005;2;3;1;1
1006;0;1;1;1
1007;1;0;1;1
1008;0;NA;1;1
1009;2;3;1;1
1010;0;1;1;1
1011;0;1;0;0
1012;1;0;0;0
1013;1;1;2;2
1014;0;1;NA;NA
1015;1;2;1;1
1016;1;0;1;1
1017;0;0;1;1
1018;0;1;1;1
1019;0;1;1;1
1020;1;2;1;1
1021;0;1;1;1
1022;NA;1;2;1
1023;2;1;1;1
1024;1;2;1;1
1025;0;0;1;1
1026;0;1;1;1
1027;NA;1;2;1
1028;1;1;2;3
1029;1;1;2;1
1030;0;1;0;1
1031;1;2;1;1
1032;0;1;1;1
1033;NA;1;2;2
1034;1;2;2;2
1035;1;2;3;3
1036;2;1;1;1
1037;1;2;3;3
1038;1;1;1;2
1039;1;2;2;2
1040;1;2;3;4
1041;1;2;2;2
1042;1;2;1;1
1043;0;1;1;1
1044;NA;1;1;2
1045;1;2;1;1
1046;1;0;1;1
1047;1;2;1;1
1048;1;1;2;2
1049;1;2;3;3
1050;1;1;2;2
1051;0;1;1;1
1052;1;1;2;1
1053;1;1;2;1
1054;2;1;1;1
1055;1;1;1;2
1056;0;1;1;1
1057;2;1;1;1
1058;0;1;1;1
1059;1;1;1;2
1060;1;2;1;1
1061;1;2;1;1
1062;2;1;1;1
1063;1;0;3;3
1064;0;1;1;1
1065;1;0;1;1
1066;2;1;1;1
1067;1;0;1;1
1068;1;2;1;1
1069;0;1;1;1
1070;NA;2;1;1
1071;0;1;1;1
1072;1;0;1;0
1073;0;1;1;1
1074;NA;1;1;0
1075;1;1;1;2
1076;1;2;1;1
1077;2;NA;1;1
1078;0;1;1;1
1079;NA;1;0;1
1080;1;2;3;3
1081;1;2;2;3
1082;2;1;1;1
1083;0;1;1;0
1084;1;0;0;1
1085;2;1;1;1
1086;NA;2;1;2
1087;NA;1;1;2
1088;NA;1;2;1
1089;1;1;0;0
1090;0;1;1;1
1091;1;2;1;1
1092;0;0;1;1
1093;0;1;1;1
1094;1;1;1;0
1095;1;2;1;1
1096;1;2;2;1
1097;1;1;0;0
1098;1;1;2;3
1099;0;1;NA;NA
1100;2;1;3;3
1101;1;1;1;2
1102;0;1;3;3
1103;1;2;3;4
1104;0;1;1;1
1105;NA;0;1;1
1106;NA;1;2;2
1107;NA;2;1;1
1108;1;2;2;2
1109;1;2;2;2
1110;1;2;3;4
1111;1;1;1;2
1112;1;2;2;2
1113;1;1;1;2
1114;0;1;1;1
1115;NA;1;2;2
1116;NA;2;1;1
1117;NA;2;1;3
1118;NA;1;1;2
1119;0;1;1;1
1120;1;2;1;1
1121;1;NA;0;0
1122;1;2;3;4
1123;0;0;1;1
1124;NA;NA;1;0
1125;1;2;3;3
1126;2;1;1;1
1127;0;1;1;1
1128;1;2;3;3
1129;0;1;1;1
1130;0;0;1;1
1131;2;1;1;1
1132;0;1;1;1
1133;NA;2;1;1
1134;NA;NA;1;0
1135;0;1;1;1
1136;2;1;1;1
1137;1;1;2;1
1138;1;1;1;2
1139;0;1;1;1
1140;NA;1;2;3
1141;NA;1;2;2
1142;NA;1;1;2
1143;NA;1;1;2
1144;2;1;1;1
1145;1;2;1;1
1146;2;1;1;1
1147;1;1;1;2
1148;2;1;1;1
1149;1;1;2;2
1150;1;1;0;0
1151;0;1;1;1
1152;1;2;3;3
1153;0;1;0;0
1154;1;2;1;1
1155;0;1;1;1
1156;NA;0;1;0
1157;1;0;1;0
1158;0;1;1;1
1159;1;1;2;2
1160;1;2;1;1
1161;0;0;1;1
1162;1;2;1;1
1163;0;1;1;1
1164;1;1;0;0
1165;1;0;1;1
1166;2;NA;1;1
1167;1;1;2;3
1168;0;1;NA;NA
1169;2;1;1;1
1170;0;1;0;0
1171;0;1;1;1
1172;1;0;0;0
1173;1;2;1;1
1174;1;2;1;1
1175;1;2;1;1
1176;2;1;3;3
1177;1;2;1;1
1178;0;1;1;1
1179;NA;1;2;3
1180;1;1;2;1
1181;1;2;1;1
1182;1;2;1;1
1183;1;1;1;0
1184;1;2;1;1
1185;2;1;1;1
1186;NA;0;1;1
1187;0;1;1;1
1188;1;1;2;2
1189;1;1;1;2
1190;1;2;2;2
1191;1;2;1;1
1192;1;2;3;3
1193;1;2;1;1
1194;1;2;1;1
1195;1;0;1;1
1196;0;1;0;1
1197;1;1;1;2
1198;1;1;1;2
1199;1;0;1;1
1200;1;1;2;1
1201;1;1;2;0
1202;1;1;1;2
1203;0;1;1;1
1204;1;2;1;1
1205;1;1;1;2
1206;1;1;2;2
1207;1;0;1;1
1208;1;2;3;3
1209;1;2;2;2
1210;1;2;1;1
1211;1;1;0;0
1212;1;1;0;0
1213;2;1;2;1
1214;0;1;1;1
1215;1;1;1;2
1216;1;2;1;2
1217;0;1;1;1
1218;0;1;1;1
1219;0;1;1;1
1220;1;2;1;1
1221;1;0;1;1
1222;1;NA;0;0
1223;1;2;0;0
1224;0;0;1;1
1225;1;2;2;2
1226;0;1;1;0
1227;2;1;1;1
1228;1;2;1;1
1229;1;1;1;2
1230;0;1;1;1
1231;NA;1;2;1
1232;NA;2;1;1
1233;NA;NA;0;1
1234;2;3;1;1
1235;NA;NA;1;0
1236;0;NA;1;NA
1237;1;1;1;2
1238;0;1;1;1
1239;2;1;1;1
1240;NA;1;2;2
1241;NA;0;1;1
1242;1;2;2;2
1243;1;1;0;0
1244;0;1;1;1
1245;1;1;2;2
1246;0;1;1;1
1247;0;0;1;1
1248;1;2;3;3
1249;0;3;1;1
1250;0;3;3;1
1251;1;2;1;1
1252;1;0;1;1
1253;2;1;1;1
1254;1;1;2;3
1255;2;1;1;1
1256;0;1;1;1
1257;NA;0;1;1
1258;NA;2;1;1
1259;NA;2;1;1
1260;NA;1;0;1
1261;2;1;1;1
1262;NA;2;1;3
1263;NA;1;1;0
1264;NA;1;0;NA
1265;1;2;3;1
1266;0;NA;NA;1
1267;1;1;2;2
1268;1;0;NA;NA
1269;1;1;0;0
1270;1;2;1;1
1271;1;2;1;1
1272;0;0;1;1
1273;1;2;1;1
1274;2;NA;1;1
1275;0;1;3;3
1276;0;1;1;1
1277;NA;0;1;1
1278;0;1;1;1
1279;2;1;1;1
1280;2;1;1;1
1281;2;0;1;4
1282;1;2;1;1
1283;2;2;1;2
1284;1;2;1;1
1285;0;1;1;1
1286;NA;1;1;2
1287;NA;0;1;1
1288;1;2;2;2
1289;1;2;1;1
1290;0;1;1;1
1291;2;1;1;1
1292;2;2;1;1
1293;2;2;1;1
1294;NA;NA;1;0
1295;1;2;1;1
1296;1;2;2;2
1297;0;1;1;1
1298;2;1;1;1
1299;NA;2;1;1
1300;0;1;1;1
1301;1;0;1;1
1302;2;1;1;1
1303;0;1;1;1
1304;2;1;1;1
1305;0;1;3;3
1306;1;2;1;1
1307;1;0;1;1
1308;1;0;3;3
1309;1;2;2;2
1310;1;2;2;2
1311;0;1;1;1
1312;1;2;1;1
1313;0;1;1;1
1314;NA;1;1;0
1315;NA;1;0;0
1316;NA;2;1;1
1317;1;0;1;1
1318;1;NA;0;0
1319;2;1;1;1
1320;0;1;1;1
1321;NA;2;1;1
1322;2;1;1;1
1323;1;1;1;2
1324;2;1;1;1
1325;1;2;2;3
1326;1;2;2;2
1327;0;1;1;1
1328;1;1;2;2
1329;1;1;1;0
1330;1;0;1;1
1331;0;1;1;1
1332;1;2;1;1
1333;1;2;1;1
1334;1;2;2;2
1335;2;1;1;1
1336;0;1;1;1
1337;1;2;3;3
1338;1;2;3;3
1339;1;2;1;1
1340;0;NA;1;1
1341;1;NA;2;2
1342;0;1;1;1
1343;1;2;2;2
1344;0;1;1;1
1345;0;1;1;1
1346;NA;2;1;1
1347;1;1;2;2
1348;1;1;2;1
1349;0;1;NA;1
1350;1;1;2;2
1351;1;3;0;0
1352;1;0;1;1
1353;0;1;1;1
1354;1;0;0;0
1355;1;1;2;2
1356;1;2;1;1
1357;0;NA;1;1
1358;1;2;1;1
1359;0;NA;1;1
1360;0;1;1;1
1361;1;1;0;1
1362;1;1;2;2
1363;1;2;1;1
1364;1;2;3;4
1365;1;2;2;2
1366;1;1;1;2
1367;2;2;1;1
1368;2;1;1;1
1369;0;1;1;1
1370;NA;1;1;2
1371;2;1;1;2
1372;1;0;0;0
1373;1;2;1;1
1374;1;2;1;1
1375;0;1;1;1
1376;0;1;1;1
1377;1;2;1;1
1378;1;1;0;1
1379;1;1;2;2
1380;2;2;1;1
1381;0;1;1;1
1382;0;1;1;1
1383;NA;1;2;1
1384;1;1;2;1
1385;0;1;1;1
1386;0;1;1;1
1387;2;1;1;1
1388;0;1;1;1
1389;2;1;1;1
1390;0;1;1;0
1391;1;0;0;0
1392;1;2;2;2
1393;1;2;3;2
1394;1;0;0;0
1395;1;2;1;1
1396;1;2;1;1
1397;1;0;0;1
1398;1;1;2;1
1399;1;0;1;1
1400;1;2;1;1
1401;1;2;1;1
1402;1;2;1;1
1403;1;2;2;3
1404;0;1;1;1
1405;1;1;1;2
1406;1;2;1;1
1407;1;1;2;1
1408;1;1;2;1
1409;1;2;2;2
1410;1;0;1;1
1411;1;2;1;1
1412;0;NA;1;1
1413;1;2;1;1
1414;1;1;1;2
1415;0;1;1;1
1416;NA;2;1;1
1417;NA;1;1;2
1418;NA;0;1;1
1419;NA;1;1;2
1420;0;1;1;1
1421;1;2;1;1
1422;1;1;1;2
1423;0;1;1;1
1424;NA;1;2;2
1425;0;1;1;1
1426;NA;1;2;2
1427;NA;1;2;1
1428;2;1;1;1
1429;2;1;1;1
1430;0;1;1;1
1431;1;0;0;0
1432;1;2;1;1
1433;0;3;1;1
1434;0;1;1;1
1435;1;0;1;1
1436;2;1;1;1
1437;1;1;1;0
1438;1;2;1;3
1439;0;1;1;1
1440;1;2;2;2
1441;2;3;1;1
1442;0;1;1;1
1443;1;0;0;0
1444;1;2;2;2
1445;0;1;1;1
1446;NA;2;1;1
1447;NA;1;1;2
1448;1;1;1;0
1449;1;1;1;0
1450;1;2;2;2
1451;1;2;1;2
1452;0;0;1;0
1453;1;1;2;1
1454;2;3;1;1
1455;1;2;1;1
1456;0;1;1;1
1457;1;2;0;0
1458;1;0;0;0
1459;1;2;1;1
1460;2;1;1;1
1461;2;2;2;1
1462;0;1;1;1
1463;0;1;1;1
1464;2;3;1;1
1465;2;1;1;1
1466;1;2;1;1
1467;1;2;2;2
1468;0;1;1;1
1469;1;1;0;1
1470;1;2;1;1
1471;1;1;2;2
1472;2;1;1;1
1473;0;1;1;1
1474;1;2;1;1
1475;0;NA;1;1
1476;1;0;0;0
1477;1;1;2;3
1478;1;1;0;1
1479;1;2;2;2
1480;1;1;1;0
1481;1;2;1;1
1482;1;2;1;1
1483;1;1;1;0
1484;1;2;2;2
1485;1;0;0;1
1486;1;1;2;1
1487;1;1;1;0
1488;0;1;1;1
1489;NA;2;3;1
1490;0;1;1;1
1491;1;2;2;2
1492;1;0;0;0
1493;1;0;1;1
1494;3;1;2;2
1495;1;1;2;2
1496;0;1;1;1
1497;1;2;1;1
1498;0;1;1;1
1499;2;1;1;1
1500;0;1;1;1
1501;1;1;2;2
1502;0;1;1;1
1503;1;2;1;1
1504;1;1;1;2
1505;0;1;1;1
1506;1;2;2;2
1507;1;1;2;2
1508;1;2;1;1
1509;0;1;1;1
1510;1;2;3;2
1511;2;2;1;3
1512;0;1;1;1
1513;NA;1;0;0
1514;1;0;1;0
1515;1;2;1;1
1516;1;1;1;0
1517;1;2;1;1
1518;1;NA;1;0
1519;1;2;1;1
1520;2;1;1;1
1521;0;1;1;1
1522;NA;2;1;1
1523;NA;2;1;1
1524;2;1;2;1
1525;NA;2;NA;1
1526;1;1;1;0
1527;1;2;1;1
1528;1;1;2;2
1529;1;2;1;1
1530;1;NA;0;0
1531;1;1;2;1
1532;1;2;2;3
1533;1;1;0;1
1534;1;0;0;0
1535;1;2;2;2
1536;1;2;2;2
1537;1;2;1;1
1538;1;2;1;1
1539;1;1;2;2
1540;1;0;1;1
1541;2;1;1;1
1542;NA;2;1;1
1543;0;1;1;1
1544;NA;2;1;1
1545;0;1;1;1
1546;1;1;2;2
1547;0;1;1;1
1548;0;1;1;1
1549;NA;2;1;1
1550;NA;1;1;0
1551;NA;1;1;2
1552;NA;2;1;1
1553;1;1;2;1
1554;1;1;2;1
1555;1;1;1;2
1556;1;2;1;1
1557;0;1;1;1
1558;1;0;1;0
1559;1;2;1;1
1560;0;1;1;1
1561;NA;2;2;1
1562;NA;0;1;1
1563;1;1;1;2
1564;1;1;1;2
1565;1;2;2;2
1566;1;1;1;2
1567;1;2;2;2
1568;0;0;1;1
1569;1;2;2;2
1570;1;2;2;2
1571;1;1;1;2
1572;1;2;1;1
1573;0;1;1;1
1574;1;2;1;1
1575;1;1;2;1
1576;1;1;1;2
1577;0;1;1;1
1578;1;1;2;1
1579;1;2;1;1
1580;1;1;0;0
1581;1;1;1;2
1582;1;0;1;1
1583;1;0;3;3
1584;1;1;1;2
1585;1;0;0;0
1586;0;1;1;1
1587;1;0;0;0
1588;1;0;0;1
1589;1;1;1;2
1590;1;2;1;1
1591;1;1;2;1
1592;0;1;1;1
1593;NA;0;1;1
1594;NA;1;1;2
1595;1;2;3;4
1596;2;2;1;1
1597;0;1;1;1
1598;2;3;1;1
1599;1;1;1;0
1600;0;1;1;1
1601;NA;1;0;0
1602;NA;1;1;0
1603;2;3;1;4
1604;1;2;1;1
1605;1;2;1;1
1606;2;1;1;1
1607;1;2;1;1
1608;1;NA;1;2
1609;2;NA;1;1
1610;0;NA;1;1
1611;1;1;2;2
1612;1;0;0;1
1613;2;1;1;1
1614;1;1;1;0
1615;1;1;1;2
1616;0;1;1;NA
1617;1;2;2;2
1618;0;1;1;1
1619;2;1;2;2
1620;1;2;2;2
1621;1;1;2;3
1622;1;1;2;1
1623;1;1;2;2
1624;0;1;1;1
1625;NA;1;0;0
1626;1;1;2;2
1627;1;1;1;2
1628;1;1;1;0
1629;1;2;1;1
1630;1;2;1;1
1631;1;0;1;1
1632;1;2;1;1
1633;1;1;0;0
1634;1;0;1;1
1635;1;NA;2;2
1636;1;NA;2;2
1637;1;2;3;3
1638;1;2;2;2
1639;1;0;1;1
1640;1;1;2;3
1641;0;0;1;1
1642;1;2;1;3
1643;1;2;1;1
1644;1;1;2;2
1645;1;0;1;1
1646;1;2;1;1
1647;1;1;2;2
1648;1;2;NA;NA
1649;1;1;0;1
1650;1;0;1;1
1651;1;2;3;4
1652;1;0;1;1
1653;1;2;1;1
1654;1;2;1;1
1655;2;1;1;1
1656;1;0;1;1
1657;0;3;1;1
1658;1;2;1;1
1659;2;1;1;1
1660;1;1;2;3
1661;1;2;NA;NA
1662;0;1;1;1
1663;NA;0;1;1
1664;1;0;1;1
1665;0;0;0;1
1666;0;1;0;1
1667;1;1;2;1
1668;0;1;1;0
1669;0;1;1;1
1670;2;1;1;1
1671;0;1;1;1
1672;NA;1;1;0
1673;1;1;1;2
1674;0;1;1;1
1675;1;1;2;2
1676;2;3;1;1
1677;1;1;1;0
1678;1;2;1;1
1679;1;1;2;3
1680;1;0;1;1
1681;1;2;1;1
1682;1;NA;1;0
1683;1;NA;1;2
1684;0;NA;1;1
1685;1;NA;2;2
1686;1;2;2;2
1687;1;1;2;2
1688;0;0;1;1
1689;1;1;1;2
1690;1;0;0;0
1691;0;1;1;1
1692;1;1;1;0
1693;2;2;1;1
1694;2;1;1;1
1695;0;1;1;1
1696;2;3;1;1
1697;1;2;2;2
1698;1;2;1;1
1699;1;0;1;1
1700;0;1;1;1
1701;NA;0;1;1
1702;0;1;1;1
1703;NA;2;1;1
1704;NA;1;2;2
1705;0;1;1;1
1706;1;1;1;0
1707;1;0;1;1
1708;1;2;1;1
1709;0;1;1;0
1710;0;0;1;1
1711;0;1;1;1
1712;1;2;1;1
1713;1;NA;1;2
1714;0;NA;1;1
1715;1;0;1;1
1716;0;1;1;1
1717;1;0;1;1
1718;1;0;1;1
1719;1;2;3;4
1720;2;3;1;1
1721;1;2;1;1
1722;1;2;3;2
1723;0;1;1;1
1724;0;1;1;0
1725;2;1;1;1
1726;1;1;1;2
1727;1;2;2;2
1728;1;0;1;1
1729;1;2;1;1
1730;1;1;1;2
1731;0;1;1;1
1732;1;2;3;3
1733;1;0;0;0
1734;0;1;1;1
1735;1;2;2;3
1736;1;2;1;1
1737;1;0;1;1
1738;0;1;1;1
1739;1;2;3;3
1740;1;1;2;1
1741;1;1;NA;2
1742;1;2;NA;1
1743;1;1;NA;0
1744;1;1;1;2
1745;1;1;1;0
1746;1;1;1;2
1747;1;1;2;2
1748;1;1;2;3
1749;1;2;1;1
1750;1;2;2;2
1751;1;0;1;1
1752;1;1;2;2
1753;1;2;1;1
1754;1;0;1;1
1755;1;NA;2;2
1756;1;2;1;1
1757;1;0;1;1
1758;1;0;0;0
1759;1;2;2;2
1760;1;1;1;2
1761;1;2;2;2
1762;1;2;2;3
1763;1;2;3;3
1764;1;1;0;0
1765;1;0;3;4
1766;1;2;2;3
1767;1;2;1;1
1768;1;2;1;1
1769;1;2;3;4
1770;1;2;2;2
1771;1;2;1;1
1772;1;NA;1;2
1773;1;1;1;2
1774;1;1;1;2
1775;1;2;1;1
1776;1;2;3;4
1777;3;1;1;2
1778;1;2;1;1
1779;1;NA;2;0
1780;1;NA;2;1
1781;1;2;2;3
1782;1;2;2;1
1783;2;1;1;1
1784;1;0;1;1
1785;1;2;3;4
1786;1;0;0;0
1787;1;2;3;4
1788;0;0;1;1
1789;0;1;0;0
1790;0;1;1;1
1791;2;1;1;1
1792;0;1;1;1
1793;0;1;1;1
1794;NA;1;1;2
1795;1;2;1;2
1796;2;1;1;1
1797;0;1;1;1
1798;NA;1;1;2
1799;NA;2;1;3
1800;NA;2;1;0
1801;NA;1;2;1
1802;1;0;1;1
1803;1;1;2;2
1804;2;1;1;1
1805;0;1;1;1
1806;1;2;1;1
1807;0;1;1;1
1808;2;1;1;1
1809;0;1;1;1
1810;1;1;1;0
1811;0;1;1;1
1812;1;1;2;2
1813;2;1;1;3
1814;1;2;3;3
1815;2;1;1;1
1816;1;2;2;2
1817;1;2;1;1
1818;1;2;3;3
1819;2;1;1;1
1820;NA;1;1;0
1821;NA;2;3;1
1822;0;1;1;1
1823;NA;0;1;1
1824;NA;NA;1;0
1825;NA;2;1;2
1826;NA;1;2;2
1827;NA;3;1;2
1828;NA;0;1;1
1829;1;1;1;2
1830;2;1;1;NA
1831;0;0;1;1
1832;0;NA;1;0
1833;1;2;1;1
1834;1;NA;1;2
1835;1;NA;1;2
1836;1;2;1;1
1837;0;1;1;1
1838;1;0;1;1
1839;0;0;1;1
1840;0;1;1;1
1841;NA;0;1;1
1842;2;1;1;1
1843;1;1;2;2
1844;1;1;0;0
1845;0;1;1;1
1846;1;2;2;2
1847;0;1;1;1
1848;NA;2;1;1
1849;2;1;1;1
1850;0;1;1;1
1851;0;1;1;1
1852;1;1;2;2
1853;1;2;1;2
1854;0;1;1;1
1855;1;2;1;1
1856;1;2;1;1
1857;2;NA;1;3
1858;0;0;1;1
1859;1;2;1;1
1860;0;NA;1;1
1861;1;2;3;2
1862;1;1;2;3
1863;0;1;NA;NA
1864;1;2;2;1
1865;1;0;0;0
1866;1;1;2;3
1867;1;1;2;2
1868;1;1;1;2
1869;0;1;1;1
1870;NA;1;1;2
1871;NA;1;0;0
1872;1;0;1;1
1873;2;1;1;1
1874;NA;1;2;2
1875;2;1;1;1
1876;1;2;2;2
1877;0;1;1;1
1878;1;2;2;2
1879;1;2;1;1
1880;1;1;1;2
1881;1;1;1;0
1882;1;0;1;1
1883;2;3;1;1
1884;0;0;1;1
1885;1;1;2;2
1886;2;1;1;2
1887;2;1;1;1
1888;0;1;1;1
1889;1;2;1;1
1890;1;2;1;1
1891;2;NA;1;1
1892;0;1;1;1
1893;2;1;1;1
1894;NA;1;2;2
1895;0;1;1;1
1896;0;1;1;1
1897;NA;1;1;2
1898;NA;1;2;1
1899;NA;2;NA;1
1900;NA;1;NA;0
1901;NA;1;1;2
1902;2;1;1;1
1903;1;2;2;2
1904;1;1;1;2
1905;1;2;3;4
1906;1;2;2;2
1907;0;1;1;1
1908;NA;1;0;0
1909;1;2;1;1
1910;1;NA;1;2
1911;1;2;1;2
1912;1;2;1;2
1913;1;2;1;2
1914;0;1;1;1
1915;NA;2;1;1
1916;1;1;1;2
1917;1;2;2;2
1918;1;1;1;2
1919;1;1;1;2
1920;1;2;1;1
1921;1;1;1;0
1922;1;0;1;3
1923;1;2;2;2
1924;1;2;2;2
1925;1;0;1;1
1926;1;0;0;0
1927;1;2;3;3
1928;1;2;2;3
1929;2;1;1;1
1930;1;1;2;2
1931;2;1;1;1
1932;1;2;1;1
1933;0;1;1;1
1934;1;2;2;2
1935;1;2;1;1
1936;2;1;1;1
1937;0;1;0;0
1938;1;2;3;4
1939;1;0;1;0
1940;1;1;2;1
1941;0;0;1;1
1942;1;1;0;0
1943;0;1;1;1
1944;NA;2;1;1
1945;1;2;1;1
1946;0;1;1;1
1947;1;2;3;3
1948;1;1;1;0
1949;1;1;2;NA
1950;1;2;1;1
1951;0;1;1;1
1952;1;2;1;1
1953;0;1;1;1
1954;NA;0;1;1
1955;NA;2;1;1
1956;1;2;1;1
1957;2;1;1;1
1958;1;1;2;2
1959;2;1;1;1
1960;1;2;2;1
1961;2;1;1;1
1962;1;0;1;1
1963;0;1;1;1
1964;1;2;1;1
1965;0;1;1;1
1966;NA;1;1;2
1967;2;2;1;1
1968;1;0;1;1
1969;1;1;2;2
1970;1;2;1;1
1971;1;0;3;4
1972;1;1;1;2
1973;1;1;1;2
1974;1;0;1;0
1975;1;0;1;1
1976;1;NA;1;2
1977;3;1;2;2
1978;1;1;2;3
1979;1;2;1;1
1980;0;1;1;1
1981;1;2;1;1
1982;1;NA;1;2
1983;0;0;1;0
1984;1;2;1;1
1985;0;1;1;1
1986;2;1;1;1
1987;1;2;1;1
1988;1;2;1;1
1989;1;2;1;1
1990;0;1;1;1
1991;1;0;1;1
1992;1;2;2;3
1993;1;1;0;0
1994;1;0;1;1
1995;1;1;1;2
1996;0;1;1;1
1997;1;2;1;1
1998;0;0;1;1
1999;0;3;1;1
2000;0;1;1;1
2001;NA;1;0;0
2002;NA;0;1;1
2003;1;0;0;0
2004;1;2;2;1
2005;0;0;1;1
2006;1;2;1;1
2007;0;NA;1;1
2008;1;2;1;1
2009;1;1;1;2
2010;1;2;1;1
2011;2;1;1;1
2012;1;2;1;1
2013;2;NA;1;1
2014;1;1;1;0
2015;1;0;1;1
2016;0;1;1;1
2017;NA;2;1;1
2018;1;1;1;0
2019;1;1;1;2
2020;1;2;1;1
2021;0;0;1;3
2022;1;2;1;2
2023;0;1;1;1
2024;1;2;2;2
2025;2;3;1;1
2026;1;1;2;1
2027;1;0;1;1
2028;0;1;0;1
2029;0;1;1;1
2030;NA;1;2;1
2031;2;1;1;3
2032;1;1;1;0
2033;0;1;1;1
2034;1;0;1;1
2035;1;1;2;1
2036;1;2;2;2
2037;1;1;2;3
2038;0;3;1;1
2039;1;2;1;1
2040;1;2;2;2
2041;1;2;3;4
2042;2;1;1;1
2043;1;1;2;2
2044;1;2;1;1
2045;1;1;1;2
2046;1;1;1;2
2047;1;1;1;0
2048;1;2;1;1
2049;0;1;1;1
2050;1;1;3;2
2051;1;2;1;1
2052;1;1;2;2
2053;2;3;1;1
2054;1;2;1;1
2055;0;0;1;1
2056;2;2;1;1
2057;1;1;2;2
2058;2;1;1;1
2059;1;1;1;2
2060;0;1;1;NA
2061;2;1;1;1
2062;0;1;1;1
2063;NA;0;0;1
2064;NA;1;1;0
2065;2;1;1;1
2066;0;1;1;1
2067;NA;2;1;1
2068;NA;2;1;1
2069;NA;1;2;1
2070;1;2;1;1
2071;1;1;2;1
2072;1;2;1;1
2073;1;2;1;1
2074;2;1;1;1
2075;1;1;1;0
2076;0;1;1;1
2077;1;2;1;3
2078;2;2;1;1
2079;2;1;1;1
2080;NA;1;1;0
2081;0;0;1;1
2082;1;2;1;1
2083;1;0;0;0
2084;1;1;0;1
2085;0;1;1;1
2086;1;1;1;2
2087;2;1;1;1
2088;0;0;1;1
2089;0;1;1;1
2090;1;2;1;1
2091;0;NA;1;1
2092;NA;NA;1;0
2093;0;1;1;1
2094;2;1;2;2
2095;1;2;1;1
2096;2;1;1;1
2097;2;3;1;1
2098;0;0;1;1
2099;1;1;1;0
2100;1;1;1;0
2101;1;2;1;1
2102;1;2;1;1
2103;0;NA;1;1
2104;1;1;1;0
2105;0;1;1;NA
2106;1;2;1;1
2107;1;2;1;1
2108;1;1;1;2
2109;1;2;1;1
2110;2;2;1;1
2111;0;0;1;1
2112;1;2;1;1
2113;1;2;1;1
2114;1;1;1;0
2115;1;0;1;0
2116;2;2;1;1
2117;1;2;1;1
2118;1;NA;2;1
2119;2;NA;1;1
2120;1;2;3;3
2121;0;1;1;1
2122;NA;0;1;1
2123;2;3;1;1
2124;1;1;1;2
2125;0;1;1;1
2126;NA;1;0;0
2127;NA;0;1;1
2128;NA;1;1;2
2129;NA;1;2;2
2130;0;1;1;1
2131;NA;2;1;1
2132;NA;2;1;2
2133;NA;2;1;1
2134;NA;2;1;1
2135;NA;2;1;0
2136;NA;2;1;1
2137;NA;1;2;1
2138;NA;1;0;0
2139;NA;1;1;2
2140;NA;1;2;2
2141;NA;1;2;1
2142;NA;1;2;1
2143;NA;2;1;1
2144;NA;2;1;1
2145;NA;1;2;1
2146;NA;1;0;1
2147;NA;0;1;1
2148;NA;NA;2;1
2149;NA;NA;1;2
2150;NA;NA;2;1
2151;NA;0;1;1
2152;NA;2;1;1
2153;2;3;1;1
2154;0;1;1;1
2155;1;0;1;1
2156;1;2;1;1
2157;0;1;1;1
2158;NA;1;2;2
2159;1;1;1;2
2160;1;2;2;2
2161;0;1;1;1
2162;NA;2;1;1
2163;NA;2;1;1
2164;NA;2;1;1
2165;NA;NA;2;1
2166;NA;2;1;1
2167;NA;2;1;1
2168;NA;2;1;0
2169;1;2;1;1
2170;0;1;1;1
2171;0;1;1;1
2172;NA;2;1;1
2173;NA;2;2;1
2174;1;0;1;1
2175;2;2;1;1
2176;2;1;1;1
2177;NA;0;1;1
2178;2;1;1;1
2179;2;1;1;3
2180;1;2;1;3
2181;0;1;1;1
2182;NA;2;1;1
2183;NA;2;1;1
2184;1;2;1;1
2185;2;NA;1;1
2186;2;1;1;1
2187;0;0;1;1
2188;2;3;1;1
2189;1;2;1;1
2190;1;2;1;1
2191;1;0;0;0
2192;1;1;1;2
2193;1;2;1;1
2194;1;0;1;3
2195;2;1;1;1
2196;1;0;1;1
2197;0;1;1;1
2198;NA;0;1;1
2199;2;1;1;1
2200;2;1;1;1
2201;NA;1;1;0
2202;2;1;1;1
2203;NA;2;1;1
2204;1;2;3;3
2205;1;2;3;3
2206;0;1;1;1
2207;NA;1;2;1
2208;NA;1;2;2
2209;1;1;2;2
2210;0;1;1;3
2211;2;1;1;1
2212;1;1;0;1
2213;1;2;2;1
2214;0;1;1;1
2215;1;2;1;1
2216;1;2;1;1
2217;0;1;1;1
2218;1;2;1;1
2219;0;1;1;1
2220;NA;2;2;1
2221;1;2;1;1
2222;1;1;1;2
2223;1;2;3;3
2224;1;1;0;0
2225;1;2;1;1
2226;0;0;1;1
2227;1;1;2;3
2228;2;1;1;1
2229;2;1;1;1
2230;0;1;1;1
2231;0;1;1;1
2232;0;1;1;1
2233;2;3;1;3
2234;1;1;1;2
2235;1;2;1;NA
2236;1;1;2;3
2237;1;1;0;3
2238;0;1;NA;NA
2239;2;1;1;1
2240;1;2;3;3
2241;1;0;1;0
2242;1;2;1;1
2243;1;NA;2;2
2244;1;2;1;1
2245;0;NA;1;1
2246;1;0;1;1
2247;1;NA;1;2
2248;0;NA;1;1
2249;0;1;1;1
2250;NA;2;1;3
2251;NA;0;1;1
2252;NA;0;1;1
2253;1;1;1;0
2254;2;1;1;1
2255;1;2;1;1
2256;0;1;1;1
2257;1;0;0;0
2258;1;1;1;0
2259;1;2;1;3
2260;2;1;1;1
2261;0;1;1;1
2262;NA;2;1;2
2263;NA;2;1;1
2264;NA;NA;2;1
2265;NA;1;1;2
2266;NA;0;1;0
2267;NA;0;1;1
2268;NA;NA;1;0
2269;NA;3;1;2
2270;NA;1;1;2
2271;2;1;1;1
2272;0;1;1;1
2273;1;1;1;2
2274;0;1;1;1
2275;NA;1;1;2
2276;0;1;1;1
2277;NA;1;1;0
2278;NA;2;1;1
2279;NA;1;1;2
2280;NA;2;1;1
2281;NA;2;1;2
2282;NA;2;2;1
2283;NA;2;3;1
2284;NA;1;2;1
2285;2;1;3;3
2286;1;1;2;1
2287;0;1;1;1
2288;1;2;2;2
2289;1;0;1;1
2290;1;2;1;3
2291;0;1;1;1
2292;2;1;1;1
2293;1;0;0;1
2294;0;3;1;1
2295;0;1;1;1
2296;2;1;1;1
2297;NA;1;1;2
2298;NA;1;1;2
2299;1;2;3;1
2300;2;1;1;1
2301;0;0;1;1
2302;NA;NA;1;2
2303;0;1;1;1
2304;NA;2;1;1
2305;NA;NA;1;0
2306;1;2;2;2
2307;0;3;1;1
2308;1;0;1;1
2309;2;NA;1;1
2310;1;2;1;1
2311;1;NA;1;2
2312;2;1;1;1
2313;1;2;1;3
2314;0;NA;1;NA
2315;0;1;1;1
2316;NA;0;1;1
2317;2;1;1;1
2318;1;2;1;1
2319;2;1;1;1
2320;1;1;2;2
2321;2;1;1;1
2322;NA;1;2;3
2323;NA;2;1;1
2324;0;1;1;1
2325;NA;1;2;2
2326;NA;1;1;2
2327;NA;2;1;1
2328;0;1;1;1
2329;2;1;1;1
2330;1;2;1;1
2331;0;1;1;1
2332;1;2;1;1
2333;1;2;3;3
2334;0;1;1;1
2335;NA;1;1;2
2336;NA;2;1;1
2337;NA;0;1;1
2338;1;1;2;3
2339;1;0;1;1
2340;0;1;1;1
2341;NA;1;1;2
2342;NA;1;2;1
2343;NA;1;2;2
2344;NA;1;2;2
2345;NA;2;1;1
2346;NA;0;1;1
2347;NA;2;1;1
2348;NA;2;1;1
2349;NA;1;2;2
2350;NA;1;0;0
2351;NA;0;1;3
2352;NA;2;1;1
2353;1;2;2;2
2354;1;2;1;1
2355;0;1;1;1
2356;NA;2;1;1
2357;1;1;1;0
2358;1;0;1;1
2359;2;3;1;1
2360;1;2;2;2
2361;1;2;1;1
2362;2;2;1;1
2363;1;1;1;2
2364;1;1;1;0
2365;1;2;3;0
2366;1;0;0;0
2367;1;1;2;2
2368;1;1;1;2
2369;0;1;1;1
2370;NA;1;1;2
2371;NA;1;1;0
2372;0;1;1;1
2373;1;0;0;0
2374;0;1;1;1
2375;0;1;1;1
2376;NA;1;1;0
2377;NA;2;1;1
2378;1;2;1;1
2379;1;2;1;1
2380;1;0;0;0
2381;0;1;1;1
2382;0;1;1;1
2383;NA;1;1;0
2384;NA;1;2;2
2385;1;0;1;1
2386;1;1;1;2
2387;1;0;1;NA
2388;1;2;3;4
2389;0;1;1;1
2390;NA;2;1;1
2391;NA;1;2;2
2392;1;2;1;1
2393;2;1;1;1
2394;0;1;1;1
2395;NA;2;1;1
2396;1;2;1;1
2397;1;2;3;1
2398;0;1;1;0
2399;0;1;1;1
2400;0;0;1;1
2401;0;1;1;1
2402;NA;1;2;1
2403;NA;2;1;1
2404;NA;1;1;2
2405;NA;1;2;2
2406;NA;2;1;1
2407;NA;2;1;1
2408;NA;1;2;3
2409;NA;0;1;1
2410;2;1;1;1
2411;NA;1;1;2
2412;0;1;1;1
2413;1;2;1;1
2414;2;1;1;1
2415;0;1;1;1
2416;NA;2;1;3
2417;NA;NA;1;2
2418;NA;1;2;2
2419;NA;1;2;2
2420;NA;2;1;1
2421;NA;2;1;2
2422;NA;1;0;0
2423;1;1;2;2
2424;0;1;1;1
2425;1;2;1;1
2426;1;1;1;0
2427;1;1;0;1
2428;1;2;1;3
2429;1;1;1;0
2430;1;1;0;NA
2431;0;1;1;1
2432;NA;2;1;1
2433;0;1;1;1
2434;2;1;1;1
2435;2;1;1;1
2436;1;1;1;2
2437;1;2;1;1
2438;1;2;3;3
2439;2;2;1;2
2440;1;1;1;2
2441;2;1;1;1
2442;0;1;1;1
2443;NA;1;0;0
2444;NA;2;1;3
2445;NA;0;1;1
2446;NA;1;0;0
2447;NA;1;2;2
2448;NA;2;1;1
2449;NA;1;2;2
2450;NA;1;1;2
2451;1;2;2;1
2452;1;2;2;2
2453;1;0;1;1
2454;1;1;2;1
2455;1;2;1;1
2456;2;1;1;1
2457;1;1;1;2
2458;2;0;1;1
2459;0;1;1;1
2460;1;1;0;1
2461;0;1;1;1
2462;NA;1;2;2
2463;1;2;2;2
2464;1;1;2;2
2465;0;1;1;1
2466;NA;0;1;1
2467;NA;1;1;0
2468;1;1;1;0
2469;2;1;1;1
2470;1;2;1;1
2471;2;1;3;1
2472;0;1;1;1
2473;NA;1;2;2
2474;0;1;1;1
2475;NA;2;1;1
2476;NA;1;1;0
2477;2;1;1;1
2478;2;1;1;1
2479;2;1;1;1
2480;NA;2;1;1
2481;NA;1;1;2
2482;NA;2;1;1
2483;1;2;1;1
2484;2;1;1;1
2485;2;1;1;1
2486;0;3;1;1
2487;0;1;1;1
2488;NA;0;1;1
2489;0;1;1;1
2490;NA;3;1;2
2491;NA;2;1;3
2492;NA;1;2;1
2493;NA;2;1;2
2494;2;1;1;1
2495;NA;2;1;1
2496;1;2;1;1
2497;2;1;1;1
2498;0;1;1;1
2499;NA;2;1;1
2500;NA;0;1;0
2501;NA;2;1;1
2502;NA;2;1;1
2503;NA;2;1;1
2504;NA;0;1;0
2505;2;0;1;1
2506;0;1;1;0
2507;1;2;1;1
2508;0;1;1;1
2509;1;1;2;1
2510;0;1;1;1
2511;NA;2;1;1
2512;2;1;1;1
2513;NA;1;1;0
2514;NA;0;1;1
2515;0;1;1;1
2516;NA;1;2;2
2517;NA;1;1;0
2518;NA;0;1;1
2519;2;1;1;1
2520;1;0;1;1
2521;1;2;1;1
2522;1;2;1;1
2523;0;1;1;1
2524;NA;0;1;1
2525;1;1;1;2
2526;1;1;2;2
2527;0;1;1;1
2528;2;1;1;1
2529;1;1;1;2
2530;0;1;1;1
2531;NA;0;1;1
2532;NA;0;1;1
2533;NA;NA;1;0
2534;NA;1;1;2
2535;NA;1;1;2
2536;NA;1;2;NA
2537;NA;1;2;NA
2538;0;1;0;1
2539;2;1;2;1
2540;1;2;1;1
2541;1;1;1;0
2542;1;1;1;0
2543;1;2;3;4
2544;1;2;3;3
2545;0;1;1;1
2546;1;1;1;0
2547;2;2;3;1
2548;0;1;1;0
2549;1;2;1;1
2550;1;1;1;2
2551;0;1;1;1
2552;NA;2;1;1
2553;NA;1;1;2
2554;0;1;1;1
2555;0;1;1;1
2556;NA;1;1;0
2557;1;2;1;1
2558;0;1;1;1
2559;2;1;1;1
2560;NA;0;1;0
2561;1;1;1;2
2562;1;1;1;0
2563;1;1;2;2
2564;2;1;1;1
2565;1;2;3;4
2566;0;1;1;1
2567;1;1;1;2
2568;0;0;0;1
2569;0;0;1;1
2570;1;2;1;1
2571;1;0;1;1
2572;1;1;2;2
2573;0;1;1;1
2574;1;1;2;2
2575;0;1;1;1
2576;NA;2;1;1
2577;0;1;1;1
2578;0;0;1;1
2579;1;2;1;1
2580;1;1;1;0
2581;0;1;1;1
2582;1;2;1;3
2583;0;1;1;1
2584;1;1;0;0
2585;1;1;1;2
2586;1;1;2;3
2587;2;1;1;1
2588;0;0;1;1
2589;0;0;1;1
2590;0;1;1;1
2591;1;2;1;1
2592;1;1;1;2
2593;1;2;1;1
2594;1;2;1;1
2595;1;2;2;2
2596;0;1;1;1
2597;1;2;3;2
2598;0;1;1;1
2599;NA;2;1;1
2600;1;2;1;1
2601;1;2;2;2
2602;2;1;1;1
2603;2;1;1;1
2604;2;2;1;1
2605;0;1;1;1
2606;0;3;4;1
2607;1;1;2;2
2608;0;1;1;1
2609;NA;2;1;1
2610;2;1;1;1
2611;2;2;1;1
2612;1;0;1;1
2613;2;1;1;2
2614;2;1;1;1
2615;1;0;1;1
2616;2;1;1;1
2617;0;1;1;1
2618;1;0;0;0
2619;2;1;1;1
2620;1;1;2;1
2621;0;1;1;1
2622;1;0;1;1
2623;1;1;1;2
2624;1;0;1;1
2625;2;1;1;1
2626;1;2;1;1
2627;1;2;2;2
2628;0;1;1;1
2629;2;1;1;1
2630;0;1;1;1
2631;0;0;1;3
2632;1;2;3;3
2633;0;1;1;1
2634;NA;1;2;2
2635;0;1;1;1
2636;NA;2;1;1
2637;0;0;1;1
2638;0;1;1;1
2639;0;0;1;1
2640;1;2;1;1
2641;0;1;3;1
2642;0;3;1;0
2643;0;1;1;1
2644;0;1;1;1
2645;1;1;2;2
2646;1;1;1;2
2647;0;1;1;1
2648;NA;2;3;1
2649;1;2;1;1
2650;0;1;1;1
2651;NA;1;0;0
2652;NA;2;2;1
2653;2;1;1;1
2654;1;0;3;3
2655;1;1;2;1
2656;1;1;2;1
2657;1;1;1;2
2658;0;0;1;1
2659;1;1;0;0
2660;1;2;3;4
2661;0;1;1;1
2662;2;2;1;1
2663;1;0;0;1
2664;0;1;1;1
2665;NA;2;2;1
2666;1;1;2;2
2667;0;1;1;1
2668;NA;1;1;2
2669;NA;2;1;1
2670;NA;0;1;1
2671;NA;2;1;1
2672;NA;2;1;0
2673;0;0;1;1
2674;0;3;1;1
2675;2;1;1;1
2676;1;2;1;1
2677;0;NA;1;1
2678;NA;NA;1;0
2679;0;NA;1;0
2680;1;2;1;1
2681;2;1;1;1
2682;0;1;1;1
2683;NA;2;1;1
2684;NA;1;2;2
2685;2;1;1;1
2686;0;0;1;1
2687;0;1;1;0
2688;1;2;1;1
2689;3;1;2;3
2690;2;1;1;1
2691;1;2;1;1
2692;0;1;1;1
2693;NA;1;1;2
2694;1;1;1;2
2695;1;2;1;1
2696;1;1;1;2
2697;0;1;1;1
2698;1;2;1;1
2699;0;NA;1;1
2700;1;NA;0;0
2701;1;2;1;1
2702;1;2;1;1
2703;0;0;1;0
2704;0;1;1;1
2705;1;0;1;1
2706;2;2;1;1
2707;0;1;1;0
2708;1;1;2;1
2709;0;1;1;1
2710;0;1;1;1
2711;1;2;1;1
2712;0;1;1;1
2713;2;1;1;1
2714;NA;2;1;1
2715;0;1;1;1
2716;NA;0;1;1
2717;2;1;1;1
2718;NA;2;1;1
2719;NA;1;0;1
2720;1;1;1;0
2721;1;0;0;NA
2722;1;2;1;NA
2723;2;1;1;NA
2724;1;0;1;NA
2725;1;2;1;NA
2726;0;0;1;NA
2727;1;0;1;NA
2728;0;1;1;NA
2729;NA;2;1;NA
2730;0;0;1;NA
2731;1;0;1;NA
2732;0;1;1;NA
2733;0;1;1;NA
2734;0;1;1;NA
2735;1;2;1;1
2736;1;0;0;0
2737;1;1;1;2
2738;1;2;2;2
2739;1;2;1;1
2740;0;NA;1;1
2741;0;1;1;1
2742;1;1;1;2
2743;1;2;2;2
2744;1;1;1;2
2745;1;2;1;1
2746;0;3;1;1
2747;0;0;1;1
2748;1;2;1;1
2749;1;2;3;3
2750;1;2;1;1
2751;1;0;1;1
2752;2;2;1;1
2753;1;2;1;1
2754;1;2;1;1
2755;1;1;1;0
2756;1;2;1;NA
2757;2;2;1;1
2758;2;1;1;1
2759;2;1;3;3
2760;1;2;1;1
2761;1;2;1;1
2762;1;NA;1;2
2763;1;1;1;0
2764;0;0;3;1
2765;1;0;3;3
2766;1;2;2;1
2767;1;1;1;2
2768;1;1;2;1
2769;1;2;1;2
2770;1;0;0;1
2771;1;2;2;2
2772;1;0;0;0
2773;1;2;1;1
2774;1;2;1;1
2775;1;1;2;2
2776;1;2;1;1
2777;1;NA;0;0
2778;1;0;3;1
2779;2;1;1;1
2780;0;1;0;0
2781;0;1;1;1
2782;NA;2;1;0
2783;1;1;1;2
2784;1;1;1;0
2785;0;1;1;1
2786;1;2;1;1
2787;1;1;2;1
2788;0;1;NA;1
2789;0;1;1;1
2790;NA;1;1;2
2791;1;2;1;2
2792;0;3;1;1
2793;0;0;1;1
2794;0;1;1;1
2795;NA;2;1;1
2796;NA;2;1;1
2797;1;2;1;2
2798;1;1;1;0
2799;1;2;3;3
2800;0;1;1;NA
2801;0;1;1;1
2802;2;1;1;1
2803;1;2;1;1
2804;3;1;0;0
2805;1;1;0;0
2806;1;2;NA;NA
2807;1;2;NA;NA
2808;0;1;NA;NA
2809;1;2;NA;NA
2810;1;2;NA;NA
2811;0;1;NA;NA
2812;1;2;NA;NA
2813;0;1;NA;NA
2814;0;1;NA;NA
2815;1;2;NA;NA
2816;1;2;NA;NA
2817;0;1;NA;NA
2818;2;1;NA;NA
2819;0;1;NA;NA
2820;2;1;NA;NA
2821;1;0;NA;NA
2822;0;1;NA;NA
2823;2;1;NA;NA
2824;0;1;NA;NA
2825;1;2;NA;NA
2826;1;2;NA;NA
2827;2;1;NA;NA
2828;1;2;NA;NA
2829;2;1;NA;NA
2830;1;2;NA;NA
2831;1;2;NA;NA
2832;1;0;NA;NA
2833;1;2;NA;NA
2834;1;2;NA;NA
2835;2;1;NA;NA
2836;2;1;NA;NA
2837;0;1;NA;NA
2838;1;0;NA;NA
2839;1;2;NA;NA
2840;0;1;NA;NA
2841;1;2;NA;NA
2842;0;1;NA;NA
2843;1;2;NA;NA
2844;0;1;NA;NA
2845;1;2;NA;NA
2846;1;2;NA;NA
2847;1;2;NA;NA
2848;1;2;NA;NA
2849;1;2;NA;NA
2850;2;1;NA;NA
2851;1;1;0;0
2852;2;1;NA;NA
2853;1;2;NA;NA
2854;1;2;NA;NA
2855;0;1;NA;NA
2856;1;0;NA;NA
2857;1;2;NA;NA
2858;0;1;NA;NA
2859;1;2;NA;NA
2860;1;2;NA;NA
2861;1;0;NA;NA
2862;0;1;NA;NA
2863;1;2;NA;NA
2864;1;2;NA;NA
2865;0;1;NA;NA
2866;1;2;NA;NA
2867;0;1;NA;NA
2868;1;2;NA;NA
2869;1;0;NA;NA
2870;0;1;NA;NA
2871;0;1;NA;NA
2872;1;0;NA;NA
2873;1;2;NA;NA
2874;1;2;NA;NA
2875;1;2;NA;NA
2876;2;1;NA;NA
2877;1;0;NA;NA
2878;1;0;NA;NA
2879;1;0;NA;NA
2880;0;1;NA;NA
2881;2;1;NA;NA
2882;1;1;0;0
2883;1;0;NA;NA
2884;1;2;NA;NA
2885;0;1;NA;NA
2886;1;0;NA;NA
2887;1;2;NA;NA
2888;1;2;NA;NA
2889;2;1;NA;NA
2890;0;1;NA;NA
2891;1;2;NA;NA
2892;2;1;NA;NA
2893;0;1;NA;NA
2894;0;1;NA;NA
2895;0;1;NA;NA
2896;0;1;NA;NA
