;C1;C2;C3;D;E2;F2
1;1;1;1;1;1;0
2;1;1;1;1;0;1
3;1;1;1;1;1;0
4;1;1;1;1;1;0
5;1;1;1;1;0;NA
6;1;1;1;1;1;0
7;1;1;1;1;2;1
8;1;1;1;3;1;0
9;1;1;1;2;2;3
10;1;1;1;1;1;2
11;1;1;1;1;1;0
12;1;1;1;1;1;0
13;1;1;1;1;2;1
14;1;1;1;1;1;0
15;1;1;1;1;1;0
16;1;1;1;1;1;0
17;1;1;1;1;1;2
18;1;1;1;1;1;0
19;1;1;1;1;1;0
20;1;1;1;1;1;0
21;1;1;1;1;2;NA
22;1;1;1;1;2;NA
23;1;1;2;1;2;NA
24;1;1;1;1;0;0
25;1;1;1;1;1;0
26;1;1;1;1;1;0
27;1;1;1;1;1;0
28;1;1;1;1;1;2
29;1;1;1;1;1;0
30;1;1;1;1;1;2
31;1;1;1;1;1;0
32;1;1;1;1;1;2
33;1;1;1;1;2;1
34;1;1;1;1;2;1
35;1;1;1;1;1;0
36;1;1;1;1;0;NA
37;1;1;1;1;0;NA
38;1;1;1;1;1;0
39;1;1;1;0;0;0
40;1;1;1;2;1;1
41;1;1;1;1;1;0
42;1;1;1;1;1;0
43;1;1;1;1;1;0
44;1;1;1;1;0;1
45;1;0;1;0;0;0
46;1;1;1;1;1;0
47;1;1;1;1;1;0
48;1;1;1;2;2;NA
49;1;1;1;1;1;0
50;1;1;1;1;0;1
51;1;1;1;1;1;0
52;1;1;1;1;2;NA
53;1;1;1;1;0;NA
54;1;1;1;1;0;NA
55;1;1;1;1;1;0
56;1;1;1;0;1;0
57;1;1;1;1;1;2
58;1;1;1;1;1;0
59;1;1;1;1;1;0
60;1;1;1;1;1;0
61;1;1;1;1;1;0
62;1;1;1;2;3;NA
63;1;1;1;1;1;2
64;1;1;1;1;1;0
65;1;1;1;1;1;0
66;1;1;1;1;1;0
67;1;1;1;1;0;NA
68;1;1;1;1;0;NA
69;1;1;1;1;1;0
70;1;1;1;1;1;2
71;1;1;1;1;1;0
72;1;1;1;1;1;0
73;1;0;1;0;0;NA
74;1;1;1;1;1;0
75;1;0;1;0;0;0
76;1;1;1;1;1;0
77;1;1;1;1;1;2
78;1;1;1;2;1;1
79;1;1;1;1;1;0
80;1;1;1;1;1;0
81;1;1;2;1;2;2
82;1;1;1;1;1;0
83;1;1;1;1;2;2
84;1;1;1;1;1;0
85;1;1;1;1;1;2
86;1;1;1;1;1;0
87;1;1;1;1;1;2
88;1;1;1;1;1;2
89;1;1;1;2;2;0
90;1;1;1;1;2;1
91;1;1;1;0;1;1
92;1;1;1;2;3;0
93;1;1;1;1;1;0
94;1;1;1;1;1;2
95;1;1;1;1;1;0
96;1;1;1;2;1;1
97;1;1;1;1;2;0
98;1;1;1;1;1;2
99;1;2;1;1;1;1
100;1;1;1;1;1;2
101;1;1;1;1;1;0
102;1;1;1;1;0;NA
103;1;1;1;1;1;2
104;1;1;1;1;1;2
105;1;1;1;1;1;0
106;1;0;1;0;0;0
107;1;1;1;2;2;2
108;1;1;1;1;0;1
109;1;1;1;1;2;1
110;1;1;1;1;1;0
111;1;1;1;1;1;0
112;1;1;1;1;1;2
113;1;1;1;1;1;2
114;1;1;1;1;2;NA
115;1;1;1;1;1;0
116;1;1;1;1;2;1
117;1;1;1;1;1;2
118;1;1;1;1;1;0
119;1;1;1;1;1;0
120;1;1;1;0;1;1
121;1;1;1;1;1;2
122;1;1;1;2;1;1
123;1;1;1;2;1;1
124;1;1;1;1;1;2
125;1;1;1;1;0;1
126;1;1;1;1;1;0
127;1;1;1;1;0;NA
128;1;1;1;1;1;0
129;1;1;1;1;2;1
130;1;1;1;1;1;0
131;1;1;1;1;1;0
132;1;2;1;1;1;NA
133;1;1;1;1;1;0
134;1;2;1;NA;NA;NA
135;1;1;1;1;0;1
136;1;1;1;1;1;0
137;1;1;1;1;1;2
138;1;1;1;2;2;2
139;1;1;1;1;0;1
140;1;1;1;1;1;0
141;1;1;1;1;1;0
142;1;1;1;1;1;0
143;1;1;1;1;2;1
144;1;1;1;1;1;0
145;1;1;1;1;0;0
146;1;1;1;1;1;0
147;1;1;1;1;0;1
148;1;1;1;1;0;0
149;1;2;1;2;3;1
150;1;1;1;1;1;2
151;1;1;NA;NA;0;1
152;1;1;2;1;1;1
153;1;1;1;1;1;0
154;1;1;1;1;1;0
155;1;1;1;1;1;0
156;1;1;1;1;1;2
157;1;1;1;1;1;0
158;1;1;1;1;1;0
159;1;1;1;1;1;2
160;1;1;1;1;1;0
161;1;1;1;0;1;1
162;1;1;1;1;1;2
163;1;1;1;2;2;NA
164;1;1;1;1;1;0
165;1;1;1;2;1;NA
166;1;1;1;1;1;0
167;1;1;1;1;2;3
168;1;1;1;1;2;1
169;1;1;1;1;1;2
170;1;1;1;1;1;0
171;1;1;1;2;1;2
172;1;1;1;2;1;1
173;1;1;1;NA;NA;2
174;1;1;1;0;1;1
175;1;1;1;0;1;0
176;1;0;1;0;0;0
177;1;0;1;0;0;1
178;1;NA;1;NA;NA;0
179;1;NA;1;NA;NA;2
180;1;NA;1;NA;NA;0
181;1;NA;2;NA;NA;NA
182;1;1;1;1;1;2
183;1;1;1;1;1;2
184;1;1;1;1;1;0
185;1;1;1;1;1;0
186;1;1;1;1;1;2
187;1;1;1;1;1;0
188;1;1;1;1;1;2
189;1;1;1;1;1;2
190;1;2;2;2;2;2
191;1;1;1;1;1;2
192;1;1;1;1;1;2
193;1;0;0;0;1;3
194;1;1;0;1;1;1
195;1;1;1;1;1;0
196;1;1;1;2;1;1
197;2;1;1;1;1;1
198;1;1;1;1;1;0
199;1;1;1;1;2;3
200;1;1;1;2;3;3
201;1;1;1;1;1;2
202;1;1;1;1;1;0
203;1;1;1;1;1;0
204;1;1;1;1;1;0
205;1;0;1;0;0;0
206;1;2;1;1;1;1
207;1;1;1;1;1;0
208;1;1;1;1;0;0
209;1;1;1;1;1;0
210;1;1;1;1;1;2
211;1;1;1;2;1;3
212;1;1;1;1;1;2
213;1;1;1;1;1;0
214;1;1;1;2;2;1
215;1;1;1;1;1;0
216;1;1;1;1;0;1
217;1;1;1;1;1;0
218;1;1;1;1;1;2
219;1;1;1;1;1;0
220;1;1;1;1;1;0
221;1;1;1;1;1;0
222;1;1;1;1;1;0
223;1;1;1;1;2;1
224;1;1;1;1;1;2
225;1;1;1;1;1;0
226;1;1;1;1;2;NA
227;1;1;1;1;2;1
228;1;1;1;1;1;0
229;1;1;1;1;1;0
230;1;1;1;1;0;NA
231;1;1;1;1;1;0
232;1;1;1;1;1;0
233;1;1;1;1;1;0
234;1;1;1;2;1;NA
235;1;1;1;1;2;1
236;1;1;1;1;2;2
237;1;1;1;1;1;0
238;1;1;1;1;1;0
239;1;1;1;1;1;0
240;1;1;1;1;1;0
241;1;1;1;1;1;2
242;1;1;1;1;1;2
243;1;1;1;1;1;2
244;1;1;1;1;1;2
245;1;1;1;1;1;0
246;1;1;1;1;1;0
247;1;1;1;1;1;0
248;1;1;1;1;1;2
249;1;1;1;1;1;2
250;1;1;1;0;0;NA
251;1;2;1;3;0;NA
252;1;2;2;2;2;2
253;1;1;1;1;1;0
254;1;1;1;1;1;0
255;1;1;1;1;0;1
256;1;1;1;1;1;0
257;1;1;1;1;1;2
258;1;1;1;1;2;1
259;1;1;1;1;1;2
260;1;1;1;1;2;1
261;1;1;1;1;0;1
262;1;1;1;1;1;0
263;1;1;1;1;1;2
264;1;1;1;1;1;2
265;1;1;1;1;1;0
266;1;1;1;1;1;2
267;1;2;2;2;2;2
268;1;1;1;1;1;2
269;1;1;1;1;1;2
270;1;1;1;1;2;1
271;1;1;1;1;1;2
272;1;1;1;1;1;2
273;1;1;1;1;1;0
274;1;1;1;1;1;0
275;1;1;1;1;1;0
276;1;1;1;1;2;NA
277;1;1;1;2;1;1
278;1;1;1;1;1;2
279;1;1;1;1;1;0
280;1;1;1;1;1;0
281;1;1;1;1;1;2
282;1;1;1;1;0;NA
283;1;1;1;1;1;0
284;1;1;1;1;1;2
285;1;1;1;1;1;0
286;1;1;1;1;1;0
287;1;1;1;1;1;2
288;1;1;1;1;1;0
289;1;1;1;2;1;NA
290;1;1;1;1;1;2
291;1;1;1;1;1;0
292;1;1;1;1;2;NA
293;1;1;2;1;1;NA
294;1;1;1;1;1;0
295;1;1;1;1;0;NA
296;1;1;1;1;1;0
297;1;1;1;1;1;0
298;1;1;1;1;1;2
299;1;1;1;1;1;0
300;1;1;1;2;1;1
301;1;1;1;1;1;2
302;1;2;1;2;2;2
303;1;1;1;1;1;0
304;1;1;1;1;1;0
305;1;2;2;2;2;1
306;1;1;1;1;2;1
307;1;1;1;1;1;2
308;1;1;1;0;1;1
309;1;1;1;0;1;0
310;1;1;1;1;1;0
311;1;1;1;1;1;0
312;1;1;1;1;1;0
313;1;1;1;1;1;0
314;1;1;1;1;1;0
315;1;2;1;1;1;1
316;1;1;1;1;1;0
317;1;1;1;1;1;2
318;1;1;1;1;1;0
319;1;0;1;0;0;0
320;1;1;1;1;0;1
321;1;1;1;1;NA;2
322;1;1;1;1;1;0
323;1;1;1;0;1;NA
324;1;2;1;2;2;1
325;1;1;1;1;2;1
326;1;1;2;1;1;1
327;1;1;1;1;1;0
328;1;1;1;1;1;0
329;1;1;1;1;1;2
330;1;1;1;2;2;NA
331;1;1;1;1;1;0
332;1;1;1;0;0;NA
333;1;2;1;3;3;NA
334;1;0;1;0;0;0
335;1;1;1;1;1;0
336;1;1;1;1;0;NA
337;1;2;1;1;1;1
338;1;1;1;0;0;0
339;1;1;1;2;2;2
340;1;1;1;0;1;0
341;1;1;1;1;1;0
342;1;1;1;1;1;0
343;1;1;2;1;1;1
344;1;1;1;1;1;0
345;1;1;1;1;1;0
346;1;1;1;1;0;1
347;1;1;1;1;1;0
348;1;1;1;1;1;0
349;1;2;3;2;2;1
350;2;1;1;1;2;1
351;1;1;1;1;1;0
352;1;1;1;1;1;0
353;1;1;1;1;1;0
354;1;1;1;1;1;2
355;1;1;1;1;1;2
356;1;2;1;2;2;0
357;1;0;1;1;1;1
358;1;NA;1;0;1;0
359;1;NA;0;1;1;1
360;1;1;1;1;1;0
361;1;1;1;1;1;0
362;1;1;1;0;1;1
363;1;1;1;1;1;0
364;1;1;1;1;1;0
365;1;1;1;1;1;0
366;1;1;1;1;1;0
367;1;1;1;1;1;0
368;1;2;1;2;2;2
369;1;1;1;1;1;0
370;1;1;1;2;3;2
371;1;1;1;0;0;0
372;1;1;1;1;1;0
373;1;1;1;1;1;0
374;1;1;1;1;1;0
375;1;1;1;0;1;NA
376;1;1;1;1;1;0
377;1;1;1;1;1;0
378;1;1;1;2;1;3
379;1;1;1;1;1;0
380;1;1;1;1;1;0
381;1;1;1;1;0;3
382;1;1;1;1;0;1
383;1;1;1;1;1;2
384;1;2;0;0;4;2
385;1;1;1;1;1;0
386;1;1;1;0;0;1
387;1;1;1;1;2;1
388;1;1;1;1;1;0
389;1;1;1;1;1;2
390;1;1;1;0;1;1
391;1;0;1;0;1;0
392;1;1;2;2;2;2
393;1;1;1;1;1;0
394;1;1;1;1;1;0
395;1;1;1;1;1;0
396;1;1;1;1;1;2
397;1;1;1;1;1;0
398;1;1;1;2;1;NA
399;1;1;2;1;1;1
400;1;1;1;1;1;2
401;1;1;1;2;1;1
402;1;1;1;1;1;0
403;1;1;1;1;0;1
404;1;1;1;1;NA;0
405;1;2;1;1;NA;2
406;1;1;1;1;1;0
407;1;2;1;1;1;1
408;1;1;1;1;1;0
409;1;1;1;1;1;0
410;1;1;1;1;1;0
411;1;1;1;1;1;2
412;1;2;1;1;1;1
413;1;NA;1;1;0;0
414;1;1;1;1;1;2
415;1;1;1;2;1;1
416;1;1;1;1;1;2
417;1;1;1;1;1;0
418;1;1;1;1;2;NA
419;1;1;1;1;1;0
420;1;0;0;0;0;0
421;1;1;1;1;1;0
422;1;1;1;1;1;0
423;1;1;1;1;1;0
424;1;1;1;1;0;NA
425;1;1;1;1;1;0
426;1;1;1;1;1;0
427;1;1;1;1;1;0
428;1;1;1;1;1;0
429;1;1;1;1;1;0
430;1;1;1;1;0;1
431;1;1;1;1;1;0
432;1;1;1;1;0;0
433;1;1;1;1;1;2
434;1;1;1;1;1;0
435;1;2;2;2;2;NA
436;1;1;1;1;0;1
437;1;1;1;1;2;1
438;1;1;1;1;1;0
439;1;1;1;1;1;0
440;1;1;1;1;2;NA
441;1;1;1;1;1;0
442;1;0;1;0;1;NA
443;1;1;1;1;1;2
444;1;1;1;1;1;0
445;1;1;1;1;0;1
446;1;1;1;1;1;0
447;1;1;1;1;1;2
448;1;1;1;2;2;NA
449;1;1;1;1;1;0
450;1;1;1;1;1;2
451;1;1;1;1;1;0
452;1;1;1;1;1;0
453;1;1;1;1;1;0
454;1;1;1;1;1;2
455;1;1;1;1;1;0
456;1;1;1;1;2;NA
457;1;1;1;1;1;0
458;1;1;1;1;1;0
459;1;0;0;0;0;0
460;1;1;2;2;2;3
461;1;1;1;1;1;0
462;1;1;1;1;1;0
463;1;1;1;1;1;0
464;1;1;1;1;1;2
465;1;1;1;1;1;2
466;1;1;1;1;1;2
467;1;1;1;1;1;2
468;1;1;2;3;1;0
469;1;1;1;1;1;2
470;1;1;1;1;1;0
471;1;1;1;1;2;1
472;1;1;1;1;1;2
473;1;1;1;1;NA;2
474;1;1;1;1;NA;0
475;1;1;2;1;1;1
476;1;1;1;2;1;1
477;1;1;1;1;2;1
478;1;1;1;1;1;2
479;1;1;1;1;1;2
480;1;1;1;2;2;0
481;1;1;1;1;1;0
482;1;1;1;2;1;1
483;1;1;1;2;1;1
484;1;0;1;NA;0;1
485;1;1;1;2;1;1
486;1;1;1;0;0;0
487;1;1;1;1;1;0
488;1;1;1;2;2;NA
489;1;0;0;1;0;1
490;1;1;1;0;3;3
491;1;1;1;1;1;0
492;1;1;1;1;1;0
493;1;1;1;1;1;2
494;1;1;1;1;2;1
495;1;1;1;1;2;1
496;1;1;1;0;1;1
497;1;1;1;1;2;1
498;1;1;1;1;1;2
499;1;1;1;1;1;0
500;1;1;1;1;1;2
501;1;1;1;0;1;1
502;1;1;1;NA;1;0
503;1;1;1;1;2;1
504;1;1;1;1;1;0
505;1;1;1;1;1;0
506;1;1;1;2;1;1
507;1;1;1;1;1;2
508;1;1;1;1;1;0
509;1;1;1;1;1;0
510;1;1;1;1;1;2
511;1;1;1;1;1;2
512;1;1;1;1;1;0
513;1;1;1;1;1;0
514;1;1;1;2;2;NA
515;1;1;1;1;1;0
516;1;1;1;1;2;1
517;1;1;1;1;1;0
518;1;1;1;1;2;1
519;1;1;1;1;NA;0
520;1;1;1;1;1;0
521;2;1;1;1;1;1
522;1;1;1;2;3;0
523;1;1;1;1;1;0
524;1;1;1;1;2;1
525;1;1;1;1;2;2
526;1;1;1;1;1;0
527;1;1;1;2;1;NA
528;1;1;1;2;2;NA
529;1;1;1;1;1;2
530;1;1;1;1;1;2
531;1;1;1;1;1;0
532;1;0;1;0;1;0
533;1;1;1;1;1;0
534;1;1;1;1;1;0
535;1;1;1;1;1;0
536;1;1;1;0;0;NA
537;1;1;1;1;1;2
538;1;2;2;2;2;2
539;1;1;1;1;1;0
540;1;1;1;1;1;0
541;1;1;1;1;1;0
542;1;1;1;1;1;0
543;1;1;1;1;0;1
544;1;1;1;1;1;2
545;1;1;1;1;1;0
546;1;1;1;2;3;NA
547;1;1;1;1;1;2
548;1;1;1;1;1;2
549;1;1;1;1;2;3
550;1;2;2;1;1;2
551;1;1;1;1;1;0
552;1;1;1;2;1;3
553;1;1;1;1;2;1
554;1;1;1;1;1;2
555;1;1;1;1;0;1
556;1;1;1;1;NA;2
557;1;1;1;1;0;0
558;1;2;1;1;NA;NA
559;1;1;1;1;2;1
560;1;1;1;1;1;0
561;1;1;1;1;1;0
562;1;1;0;0;0;0
563;1;2;NA;NA;NA;NA
564;1;1;1;1;0;1
565;1;1;1;1;1;0
566;1;0;0;0;0;0
567;1;1;1;1;1;0
568;1;1;1;0;0;NA
569;1;0;1;1;1;NA
570;1;1;1;2;1;1
571;1;1;1;1;1;0
572;1;1;1;1;1;0
573;1;1;1;2;1;1
574;1;1;1;1;1;0
575;1;1;1;1;0;NA
576;1;1;1;1;1;0
577;1;1;1;1;1;2
578;1;2;1;1;1;1
579;1;1;1;2;1;0
580;1;2;1;2;2;0
581;1;1;1;1;1;0
582;1;1;1;0;0;NA
583;1;1;1;1;2;NA
584;1;1;1;1;1;0
585;1;1;1;1;1;0
586;1;1;1;1;1;0
587;1;2;2;2;3;4
588;1;1;1;1;1;0
589;1;1;1;1;0;0
590;1;1;0;0;0;0
591;1;2;1;2;2;2
592;1;1;1;1;1;2
593;1;1;1;1;1;0
594;1;1;1;1;1;2
595;1;1;1;1;1;2
596;1;1;1;1;1;2
597;1;1;1;1;1;0
598;1;2;1;1;1;1
599;1;1;1;1;1;0
600;1;2;1;2;2;2
601;1;1;1;1;1;0
602;1;1;1;1;1;0
603;1;1;1;1;1;0
604;1;1;1;2;2;1
605;1;1;1;1;1;0
606;1;1;2;1;1;1
607;1;2;1;1;1;1
608;1;1;1;1;1;2
609;1;1;1;1;1;0
610;1;1;1;1;1;2
611;1;1;1;1;1;0
612;1;1;1;1;1;0
613;1;1;1;1;1;0
614;1;1;1;2;2;NA
615;1;1;1;1;0;0
616;1;1;1;1;2;1
617;1;1;1;0;1;0
618;1;1;1;1;0;1
619;1;1;1;1;1;0
620;1;1;1;1;1;0
621;1;1;1;1;1;0
622;1;1;1;1;1;0
623;1;1;1;2;1;NA
624;1;1;1;1;1;2
625;1;1;0;1;1;1
626;1;1;1;1;1;0
627;1;1;1;1;1;0
628;1;2;2;1;1;NA
629;1;2;1;1;1;1
630;1;1;1;1;1;0
631;1;1;1;1;1;0
632;1;1;1;2;2;NA
633;1;1;1;1;1;2
634;1;2;2;1;2;1
635;1;1;1;2;1;1
636;1;1;1;1;1;0
637;1;1;1;1;2;NA
638;1;2;1;1;1;1
639;1;1;1;1;0;1
640;1;1;1;1;1;0
641;1;1;1;1;0;1
642;1;1;1;1;1;2
643;1;1;1;1;1;0
644;1;1;1;1;2;2
645;1;1;1;1;1;0
646;1;1;1;1;2;NA
647;1;1;0;0;0;0
648;1;2;1;1;2;1
649;1;1;1;1;1;2
650;1;1;1;1;1;0
651;1;1;1;1;1;2
652;1;1;1;1;0;1
653;1;1;1;1;0;1
654;1;1;1;1;1;0
655;1;1;1;1;1;0
656;1;1;1;1;0;1
657;1;1;1;1;1;0
658;1;1;1;1;1;2
659;1;1;1;1;1;0
660;1;1;1;1;1;2
661;1;1;1;1;1;0
662;1;1;1;1;1;2
663;1;1;1;1;1;0
664;1;1;1;1;1;2
665;1;2;1;1;1;1
666;1;NA;1;1;1;0
667;1;1;1;1;1;0
668;1;1;1;1;1;0
669;1;1;1;1;2;1
670;1;1;1;1;1;0
671;1;1;1;0;0;0
672;1;1;1;1;1;0
673;1;1;1;2;1;1
674;1;1;1;1;1;2
675;1;1;1;1;1;0
676;1;1;1;1;0;NA
677;1;1;1;1;1;0
678;1;1;1;1;1;0
679;1;1;1;1;1;0
680;1;1;1;0;0;NA
681;1;1;1;2;1;NA
682;1;1;1;1;1;2
683;1;1;1;1;1;0
684;1;1;1;1;0;3
685;1;1;1;1;1;0
686;1;1;1;1;1;0
687;1;1;1;0;1;1
688;1;1;1;1;1;0
689;1;1;1;1;1;2
690;1;1;1;1;1;0
691;1;1;1;1;1;0
692;1;1;1;0;1;1
693;1;1;1;NA;1;2
694;1;1;1;1;1;0
695;1;2;1;1;1;NA
696;1;1;1;1;1;2
697;1;1;1;1;1;2
698;1;1;1;1;1;2
699;1;1;1;1;1;0
700;1;1;1;1;1;0
701;1;1;1;NA;2;1
702;1;1;1;1;1;0
703;1;1;1;1;1;0
704;1;1;0;1;1;1
705;1;1;1;1;1;0
706;1;1;1;1;1;0
707;1;1;1;2;2;1
708;1;1;1;0;1;0
709;1;1;1;1;1;2
710;1;1;1;1;2;NA
711;1;1;1;1;1;0
712;1;1;1;1;1;2
713;1;1;1;1;1;0
714;1;1;1;1;1;0
715;1;1;1;1;1;0
716;1;1;0;1;1;1
717;1;1;1;1;1;0
718;1;1;1;1;0;1
719;1;1;1;1;1;2
720;1;1;1;1;2;1
721;1;1;1;0;1;1
722;1;1;1;2;1;1
723;1;1;1;1;1;0
724;1;1;1;2;1;NA
725;1;2;1;1;1;1
726;1;1;1;1;1;0
727;1;1;1;1;1;0
728;1;1;0;0;0;0
729;1;1;1;0;0;0
730;1;1;1;1;0;1
731;1;1;1;1;1;2
732;1;1;1;1;1;0
733;1;1;1;1;1;0
734;1;1;1;1;1;0
735;1;1;1;1;1;0
736;1;1;1;1;1;0
737;1;1;1;1;0;0
738;1;1;1;1;1;2
739;1;1;1;1;1;0
740;1;1;1;1;0;0
741;1;1;1;2;2;NA
742;1;1;1;1;1;0
743;1;1;1;1;1;2
744;1;1;1;1;1;0
745;1;1;1;1;1;0
746;1;1;1;1;1;0
747;1;1;1;1;1;0
748;1;1;1;1;1;2
749;1;1;1;1;1;2
750;1;1;1;1;1;0
751;1;1;1;1;1;2
752;1;1;1;1;0;NA
753;1;1;1;1;0;NA
754;1;1;1;1;0;NA
755;1;1;0;0;0;0
756;1;1;1;1;1;0
757;1;2;1;1;1;NA
758;1;1;1;2;2;NA
759;1;1;1;0;1;3
760;1;1;1;1;1;0
761;1;1;1;2;2;2
762;1;1;1;1;1;0
763;1;1;1;1;1;0
764;1;1;1;1;1;2
765;1;1;1;1;0;1
766;1;1;1;1;1;2
767;1;1;1;1;1;0
768;1;1;1;2;2;2
769;1;1;1;1;1;0
770;1;1;1;1;1;0
771;1;1;1;1;1;2
772;1;2;2;2;2;2
773;1;1;1;1;1;2
774;1;1;1;2;1;3
775;1;1;1;1;1;0
776;1;1;1;1;2;NA
777;1;1;1;1;1;2
778;1;1;1;1;1;0
779;1;1;1;2;2;NA
780;1;0;1;1;1;NA
781;1;1;1;1;1;2
782;1;1;1;1;1;0
783;1;1;1;1;1;2
784;1;1;2;1;1;1
785;1;1;1;1;2;1
786;1;1;1;1;1;0
787;1;1;1;1;1;0
788;1;1;2;1;1;1
789;1;1;1;2;1;1
790;1;1;1;NA;2;2
791;1;1;1;1;1;0
792;1;1;1;1;1;2
793;1;1;1;1;1;2
794;1;1;1;1;1;0
795;1;2;1;2;2;1
796;1;1;1;1;1;0
797;1;1;1;1;2;1
798;1;1;1;1;1;2
799;1;1;1;1;1;0
800;1;1;2;1;1;3
801;1;1;1;1;1;0
802;1;1;1;1;2;NA
803;1;1;1;1;0;0
804;1;1;1;1;1;0
805;1;1;1;1;1;0
806;1;1;0;0;0;0
807;1;1;1;1;1;0
808;1;1;1;1;2;1
809;1;0;1;0;0;0
810;1;1;1;1;1;0
811;1;1;1;1;1;0
812;1;1;1;1;1;0
813;1;1;1;1;1;0
814;1;1;1;1;0;1
815;1;1;1;1;1;2
816;1;1;1;1;1;2
817;1;1;1;1;1;0
818;1;2;1;2;2;2
819;1;1;0;1;1;1
820;1;1;1;1;1;0
821;1;1;1;1;1;0
822;1;0;1;1;1;1
823;1;1;2;2;2;2
824;1;1;1;1;1;0
825;1;1;1;1;0;0
826;1;1;1;1;1;0
827;1;1;0;0;0;0
828;1;1;1;1;0;0
829;1;1;1;1;1;0
830;1;1;1;1;1;2
831;1;1;1;1;1;0
832;1;1;1;1;1;2
833;1;1;1;1;1;0
834;1;1;1;1;0;1
835;1;1;1;0;0;1
836;1;1;1;1;1;0
837;1;1;1;1;1;0
838;1;1;2;1;1;1
839;1;1;1;1;0;1
840;1;1;1;1;1;0
841;1;1;1;1;1;0
842;1;1;1;1;1;0
843;1;1;1;1;2;1
844;1;1;1;1;1;0
845;1;1;1;2;2;NA
846;1;1;1;1;1;0
847;1;1;1;1;1;2
848;1;1;1;1;1;2
849;1;1;1;1;0;1
850;1;1;1;1;1;0
851;1;1;1;1;1;0
852;1;1;1;1;2;NA
853;1;1;0;0;0;0
854;1;1;1;1;0;0
855;1;1;1;2;2;2
856;1;1;1;1;2;1
857;1;1;1;1;1;0
858;1;1;1;1;1;0
859;1;1;1;1;2;3
860;1;1;1;2;1;1
861;1;1;1;1;1;0
862;1;1;1;1;1;0
863;1;1;1;1;1;0
864;1;1;1;1;0;1
865;1;1;1;1;0;1
866;1;1;1;1;0;0
867;1;1;1;1;1;0
868;1;1;1;2;2;1
869;1;1;1;1;1;0
870;1;1;1;1;1;0
871;1;1;1;2;2;0
872;1;1;1;1;1;2
873;1;1;1;1;1;2
874;1;1;1;1;1;0
875;1;1;1;1;1;0
876;1;1;1;1;1;2
877;1;1;1;1;1;0
878;1;1;1;1;1;2
879;1;1;1;1;1;0
880;1;1;1;1;2;NA
881;1;1;1;1;1;0
882;1;1;0;0;0;0
883;1;1;1;2;1;1
884;1;1;1;1;1;0
885;1;1;1;1;1;0
886;1;1;1;2;2;3
887;1;1;1;1;1;0
888;1;1;1;2;2;NA
889;1;1;1;1;1;0
890;1;1;1;1;1;2
891;1;1;1;1;1;0
892;1;1;0;0;0;0
893;2;1;NA;NA;NA;NA
894;1;1;1;1;1;0
895;1;1;1;1;1;0
896;1;1;1;1;1;0
897;1;1;1;1;1;0
898;1;1;1;1;1;0
899;1;1;1;2;2;1
900;1;1;1;0;1;1
901;1;1;1;NA;2;1
902;1;1;1;1;1;2
903;1;1;1;1;1;0
904;1;1;1;1;2;NA
905;1;1;1;1;1;2
906;1;1;1;1;2;1
907;1;1;1;1;1;0
908;1;1;1;0;1;1
909;1;1;1;NA;2;1
910;1;1;1;NA;1;0
911;1;1;1;2;1;1
912;1;1;1;NA;1;2
913;1;1;1;2;1;NA
914;1;1;1;1;1;0
915;1;1;1;1;1;0
916;1;0;0;0;1;0
917;1;1;1;1;1;0
918;1;1;1;1;1;0
919;1;1;1;2;2;NA
920;1;1;1;1;2;NA
921;1;1;1;1;0;NA
922;1;1;1;1;1;2
923;1;1;1;2;1;1
924;1;1;1;1;1;0
925;1;1;1;1;1;0
926;1;1;2;1;1;NA
927;1;1;1;1;2;NA
928;1;1;1;1;2;NA
929;1;1;1;1;1;0
930;1;1;1;2;1;1
931;1;1;1;1;1;0
932;1;1;1;1;1;0
933;1;1;1;1;1;0
934;1;1;1;1;2;1
935;1;1;1;1;1;0
936;1;0;1;0;0;0
937;1;1;1;1;2;1
938;1;1;1;1;1;0
939;1;0;1;0;0;0
940;1;1;1;1;2;1
941;1;1;1;1;2;2
942;1;1;1;1;2;0
943;1;1;1;1;1;0
944;1;1;1;1;1;0
945;1;1;1;1;2;1
946;1;1;1;1;1;2
947;1;1;1;1;1;2
948;1;1;1;1;2;1
949;1;1;1;2;2;1
950;1;1;1;NA;NA;0
951;1;1;1;1;1;2
952;1;1;1;1;1;0
953;1;1;1;1;1;0
954;1;2;2;2;2;2
955;1;1;1;2;1;1
956;1;1;1;1;1;0
957;1;1;1;1;2;1
958;1;2;2;2;2;1
959;1;1;1;0;0;0
960;1;1;1;2;1;1
961;1;1;1;0;0;1
962;1;1;1;2;2;1
963;1;1;1;1;0;1
964;1;1;1;1;1;0
965;1;1;1;1;1;2
966;1;1;1;1;2;NA
967;1;1;1;1;1;2
968;1;1;1;1;1;0
969;1;1;1;1;1;0
970;1;1;1;1;1;0
971;1;1;1;1;1;0
972;1;1;1;1;1;0
973;1;1;1;1;0;1
974;1;1;1;1;1;2
975;1;1;1;1;1;0
976;1;2;1;2;2;3
977;1;1;1;1;1;0
978;1;1;1;1;0;1
979;1;1;1;1;0;1
980;1;1;1;1;1;0
981;1;1;1;2;2;1
982;1;1;1;1;1;0
983;1;1;1;1;1;0
984;1;1;1;1;1;0
985;1;1;1;1;1;2
986;1;1;1;1;1;2
987;1;1;1;1;1;0
988;1;1;1;1;1;2
989;1;1;1;1;1;0
990;1;1;1;1;0;NA
991;1;1;1;1;1;0
992;1;1;1;1;2;NA
993;1;1;1;1;1;0
994;1;1;1;1;1;0
995;1;1;1;1;1;0
996;1;1;1;1;1;0
997;1;1;1;1;1;0
998;1;1;1;1;1;0
999;1;1;1;1;1;0
1000;1;1;1;1;1;0
1001;1;2;1;3;4;4
1002;1;1;1;1;1;0
1003;1;1;1;1;1;0
1004;1;1;1;1;1;2
1005;1;1;1;1;0;1
1006;1;1;1;1;2;1
1007;1;1;1;1;1;0
1008;1;1;1;1;1;0
1009;1;1;1;1;1;0
1010;1;1;1;2;1;1
1011;1;1;1;1;1;0
1012;1;2;1;2;1;1
1013;1;1;1;0;0;1
1014;2;1;1;1;1;1
1015;1;1;0;0;0;1
1016;1;1;1;1;1;0
1017;1;1;1;1;2;1
1018;1;1;1;1;2;1
1019;1;1;1;2;2;3
1020;1;1;1;2;1;1
1021;1;1;1;1;1;2
1022;1;1;1;1;2;2
1023;1;1;1;1;2;1
1024;1;1;1;1;1;0
1025;1;0;0;0;0;0
1026;1;1;1;1;1;0
1027;1;1;1;1;1;0
1028;1;1;1;1;1;2
1029;1;1;1;1;1;0
1030;1;1;1;1;1;0
1031;1;1;2;1;1;3
1032;1;1;1;1;1;2
1033;1;1;1;1;1;0
1034;1;1;1;1;0;1
1035;1;1;1;1;1;2
1036;1;1;1;1;1;0
1037;1;1;1;1;1;0
1038;1;1;1;1;1;2
1039;1;1;1;1;1;0
1040;1;1;1;1;1;0
1041;1;1;1;1;1;0
1042;1;1;1;1;1;2
1043;1;1;1;1;1;2
1044;1;1;1;1;1;0
1045;1;1;1;1;1;2
1046;1;1;1;1;1;0
1047;1;1;1;1;1;0
1048;1;1;1;1;2;1
1049;1;1;2;1;1;3
1050;1;1;1;1;1;0
1051;1;1;1;1;1;0
1052;1;1;1;1;1;0
1053;1;1;1;1;1;2
1054;1;1;1;1;1;0
1055;1;1;1;2;1;NA
1056;1;1;1;1;1;0
1057;1;1;1;1;1;2
1058;1;2;1;1;2;1
1059;1;1;1;1;1;0
1060;1;1;1;1;1;0
1061;1;1;1;1;2;1
1062;1;1;1;1;1;0
1063;1;1;1;1;1;0
1064;1;1;1;1;1;0
1065;1;1;1;1;1;0
1066;1;1;1;1;1;0
1067;1;1;1;1;1;2
1068;1;1;1;1;1;2
1069;1;1;1;1;1;0
1070;1;1;1;1;2;NA
1071;1;1;1;1;0;1
1072;1;1;1;1;2;1
1073;1;1;1;1;0;1
1074;1;1;1;1;0;0
1075;1;1;1;1;1;2
1076;1;1;1;1;1;2
1077;1;1;1;1;2;1
1078;1;1;1;1;1;0
1079;1;1;1;1;1;2
1080;1;1;1;1;1;0
1081;1;1;1;1;1;2
1082;1;1;1;1;1;0
1083;1;1;1;1;1;0
1084;1;1;1;2;1;NA
1085;1;1;1;1;1;2
1086;1;2;1;1;1;1
1087;1;1;1;1;1;0
1088;1;1;1;0;0;NA
1089;1;1;1;1;2;1
1090;1;1;1;1;1;0
1091;1;2;1;1;1;1
1092;1;1;1;1;1;2
1093;1;1;1;1;2;1
1094;1;1;1;1;1;0
1095;1;1;1;1;1;2
1096;1;1;1;0;1;1
1097;1;1;1;1;1;2
1098;1;1;1;1;1;0
1099;1;1;1;1;1;2
1100;1;1;1;1;1;2
1101;1;1;1;1;1;0
1102;1;2;2;1;2;2
1103;1;1;1;1;1;0
1104;1;1;1;1;1;0
1105;1;1;1;1;1;0
1106;1;1;1;2;1;1
1107;1;1;1;2;1;1
1108;1;1;1;1;1;0
1109;1;1;1;1;0;1
1110;2;1;1;1;1;1
1111;1;1;1;1;1;0
1112;1;1;1;1;1;0
1113;1;2;1;1;1;1
1114;1;1;1;1;1;2
1115;1;1;1;1;1;2
1116;1;1;1;1;1;2
1117;1;1;1;1;1;0
1118;1;1;1;1;1;0
1119;1;1;1;2;1;NA
1120;1;2;1;2;2;2
1121;1;1;1;1;2;1
1122;1;1;1;1;2;1
1123;1;1;1;2;1;1
1124;1;1;1;2;1;1
1125;1;1;1;2;1;3
1126;1;1;1;1;1;0
1127;1;1;1;1;1;0
1128;1;1;1;1;1;0
1129;1;1;1;1;1;2
1130;1;1;1;2;2;1
1131;1;0;0;0;0;0
1132;1;1;1;1;1;0
1133;1;1;1;1;0;1
1134;1;1;1;1;1;0
1135;1;1;1;1;0;3
1136;1;2;1;1;3;3
1137;1;1;1;1;1;0
1138;1;1;1;1;1;0
1139;1;1;1;1;1;0
1140;1;1;1;1;1;0
1141;1;1;1;1;1;2
1142;1;1;1;1;1;2
1143;1;1;1;2;1;NA
1144;1;1;1;1;1;0
1145;1;1;1;1;2;NA
1146;1;2;1;1;1;1
1147;1;2;1;2;1;1
1148;1;1;1;1;2;1
1149;1;1;1;1;0;NA
1150;1;1;1;1;0;0
1151;1;1;1;1;1;0
1152;1;1;1;2;1;NA
1153;1;1;1;1;1;0
1154;1;1;1;1;2;1
1155;1;1;1;1;1;0
1156;1;1;1;1;2;1
1157;1;1;1;1;1;0
1158;1;1;1;1;2;1
1159;1;1;1;1;0;1
1160;1;1;1;1;1;2
1161;1;1;1;2;3;4
1162;1;1;1;0;1;1
1163;1;1;1;1;1;0
1164;1;1;1;1;1;0
1165;1;1;1;1;1;2
1166;1;1;1;1;2;1
1167;1;1;1;1;1;2
1168;1;1;1;1;1;0
1169;1;1;1;1;1;2
1170;1;1;1;1;1;0
1171;1;1;1;1;1;2
1172;1;1;1;1;1;0
1173;1;1;1;2;1;1
1174;1;1;1;1;1;2
1175;1;1;1;1;1;0
1176;1;1;1;1;1;2
1177;1;1;1;1;1;2
1178;1;1;1;1;1;0
1179;1;1;1;1;1;0
1180;1;1;2;1;1;1
1181;1;1;1;1;1;2
1182;1;1;1;1;1;0
1183;1;1;1;1;1;0
1184;1;1;1;1;2;1
1185;1;1;1;1;1;0
1186;1;1;1;1;1;0
1187;1;2;2;2;2;2
1188;1;1;1;1;1;2
1189;1;1;1;1;1;0
1190;1;1;1;1;0;1
1191;1;1;1;1;1;0
1192;1;1;1;0;0;0
1193;1;1;1;1;1;2
1194;1;1;1;1;1;0
1195;1;1;1;1;2;1
1196;1;1;1;2;2;2
1197;1;1;1;1;1;2
1198;1;1;1;1;1;0
1199;1;1;1;1;1;0
1200;1;1;1;0;0;NA
1201;1;1;1;1;1;0
1202;1;1;1;1;2;NA
1203;1;1;1;1;0;NA
1204;1;1;1;1;0;NA
1205;2;2;1;2;2;NA
1206;1;1;1;1;2;NA
1207;1;1;1;1;0;NA
1208;1;1;1;1;2;NA
1209;1;1;1;1;2;NA
1210;1;1;1;2;2;NA
1211;1;1;1;1;1;0
1212;1;1;1;1;1;0
1213;1;1;1;2;2;NA
1214;1;1;1;2;1;1
1215;1;1;1;1;1;0
1216;1;1;1;2;2;NA
1217;1;1;1;0;1;NA
1218;1;1;1;0;0;NA
1219;1;2;1;3;3;NA
1220;1;0;1;0;1;NA
1221;1;1;1;1;1;0
1222;1;1;1;1;1;0
1223;1;1;1;1;2;NA
1224;1;1;1;1;2;NA
1225;1;1;1;1;1;2
1226;1;1;1;1;1;2
1227;1;1;1;1;1;2
1228;1;0;1;0;0;1
1229;1;1;1;1;1;0
1230;1;1;1;1;1;2
1231;1;1;1;1;2;1
1232;1;1;1;1;1;2
1233;1;1;1;1;1;0
1234;1;1;1;2;2;NA
1235;1;1;1;1;0;NA
1236;1;1;1;1;2;NA
1237;1;1;1;0;NA;NA
1238;1;1;1;1;2;2
1239;1;1;1;1;1;0
1240;1;1;1;1;1;2
1241;1;1;1;1;1;2
1242;1;1;1;1;1;2
1243;1;1;1;1;1;0
1244;1;1;1;1;1;0
1245;1;1;1;1;1;2
1246;1;1;1;1;1;0
1247;1;1;1;1;1;0
1248;1;1;1;1;1;0
1249;1;1;1;1;1;0
1250;1;1;1;1;0;1
1251;1;1;1;1;1;0
1252;1;1;1;1;1;2
1253;1;1;1;1;1;2
1254;1;1;1;1;1;0
1255;1;1;1;1;1;0
1256;1;1;1;1;1;0
1257;1;1;1;1;1;0
1258;1;1;1;1;1;2
1259;1;1;1;1;1;0
1260;1;1;1;2;2;2
1261;1;1;1;2;1;1
1262;1;1;1;0;1;0
1263;1;1;1;1;1;0
1264;1;1;1;1;1;0
1265;1;1;1;1;1;2
1266;1;1;1;1;1;0
1267;1;1;1;1;1;2
1268;1;1;1;1;1;0
1269;1;2;2;2;1;NA
1270;1;1;1;1;0;NA
1271;1;1;1;1;1;2
1272;1;1;1;1;1;0
1273;1;1;1;1;2;NA
1274;1;1;1;1;1;0
1275;1;1;1;1;1;0
1276;1;1;1;1;2;NA
1277;1;1;1;1;2;NA
1278;1;1;1;1;0;NA
1279;1;1;1;1;1;0
1280;1;1;1;1;2;1
1281;1;1;1;1;2;1
1282;1;1;2;1;1;1
1283;1;1;1;1;2;1
1284;1;0;1;1;1;0
1285;1;1;1;1;1;2
1286;1;1;1;1;0;1
1287;1;1;1;1;1;0
1288;1;1;1;1;2;NA
1289;1;1;1;1;1;2
1290;1;1;1;1;1;2
1291;1;1;1;1;1;0
1292;1;1;1;1;1;0
1293;1;1;1;1;1;2
1294;1;1;1;1;1;2
1295;1;1;1;1;0;0
1296;1;1;1;1;1;0
1297;1;1;1;1;1;2
1298;1;1;1;1;1;2
1299;1;2;1;1;2;NA
1300;1;1;1;1;1;2
1301;1;1;1;1;1;0
1302;1;1;1;1;1;0
1303;1;1;1;1;1;2
1304;1;1;1;1;2;1
1305;1;1;1;1;1;0
1306;1;1;1;1;1;2
1307;1;1;1;1;1;0
1308;1;1;1;1;1;0
1309;1;2;1;2;2;2
1310;1;1;1;1;1;0
1311;1;1;1;1;2;NA
1312;1;1;1;1;0;NA
1313;1;2;1;2;2;NA
1314;1;1;1;2;2;NA
1315;1;1;2;2;1;1
1316;1;1;1;1;1;2
1317;1;1;1;1;1;0
1318;1;2;1;2;2;2
1319;1;1;1;1;1;0
1320;1;1;1;1;1;0
1321;1;1;1;1;1;0
1322;1;2;1;1;1;NA
1323;1;0;1;1;1;1
1324;1;1;1;1;1;0
1325;1;1;1;1;1;0
1326;1;1;1;1;1;0
1327;1;1;1;1;1;0
1328;1;2;2;3;1;NA
1329;1;1;1;1;1;0
1330;1;1;1;0;1;1
1331;1;1;1;1;1;2
1332;1;1;1;1;1;0
1333;1;2;1;2;2;0
1334;1;1;1;1;1;0
1335;1;1;1;1;1;0
1336;1;1;1;1;1;0
1337;1;1;1;1;1;0
1338;1;1;1;2;1;NA
1339;1;1;1;1;1;2
1340;1;1;1;1;1;0
1341;1;1;1;1;1;2
1342;1;1;1;1;1;0
1343;1;1;1;1;2;NA
1344;1;1;1;0;1;1
1345;1;1;1;NA;1;0
1346;1;1;1;1;1;0
1347;1;1;1;1;2;3
1348;1;1;1;1;2;NA
1349;1;1;1;1;1;0
1350;1;1;1;1;2;2
1351;1;1;1;1;1;2
1352;1;1;1;1;1;0
1353;1;1;1;1;2;1
1354;1;1;1;1;NA;0
1355;1;1;1;2;2;2
1356;1;1;1;1;2;1
1357;1;1;1;1;1;2
1358;1;1;1;0;0;NA
1359;1;1;1;1;1;0
1360;1;1;1;0;0;NA
1361;1;1;1;2;1;2
1362;1;1;1;1;1;2
1363;1;1;1;1;1;0
1364;1;1;1;1;1;0
1365;1;1;1;1;1;0
1366;1;1;1;1;0;NA
1367;1;1;1;1;1;2
1368;1;1;1;1;1;0
1369;1;1;1;1;1;0
1370;1;1;1;1;1;2
1371;1;1;1;1;1;2
1372;1;1;1;1;1;2
1373;1;1;1;1;2;1
1374;1;1;1;1;1;2
1375;1;1;1;1;1;2
1376;1;1;1;1;1;0
1377;1;1;1;1;1;0
1378;1;1;1;1;0;NA
1379;1;1;1;2;2;NA
1380;1;1;1;2;2;NA
1381;1;1;1;2;2;NA
1382;1;1;1;1;1;2
1383;1;1;1;1;1;2
1384;1;1;1;1;1;0
1385;1;0;0;1;1;NA
1386;1;1;1;0;0;NA
1387;1;1;1;2;2;NA
1388;1;1;1;1;2;NA
1389;1;1;1;1;0;NA
1390;1;1;1;1;2;NA
1391;1;1;1;1;1;0
1392;1;1;1;1;0;0
1393;1;1;1;2;1;3
1394;1;1;1;1;1;0
1395;1;1;1;1;1;2
1396;1;1;1;2;2;NA
1397;1;1;1;1;1;0
1398;1;1;1;2;2;2
1399;1;1;1;1;2;1
1400;1;1;1;2;1;1
1401;1;1;1;1;1;0
1402;1;1;1;1;0;1
1403;1;1;1;0;1;0
1404;1;2;1;1;2;2
1405;1;1;1;1;1;0
1406;1;1;1;1;1;0
1407;1;1;1;1;1;2
1408;1;1;1;1;2;1
1409;1;1;1;1;1;0
1410;1;1;1;1;1;0
1411;1;1;1;0;1;NA
1412;1;1;1;1;1;0
1413;1;1;1;1;1;0
1414;1;1;1;1;1;0
1415;1;1;1;1;1;0
1416;1;1;1;1;2;1
1417;1;1;1;1;0;1
1418;1;1;1;1;1;0
1419;1;1;1;1;1;2
1420;1;1;1;1;2;2
1421;1;1;1;1;1;0
1422;1;1;1;1;1;0
1423;1;1;1;1;1;0
1424;1;1;1;1;1;0
1425;1;1;1;2;1;NA
1426;1;1;1;1;1;0
1427;1;1;1;1;0;3
1428;1;1;1;1;1;0
1429;1;1;1;1;1;0
1430;1;1;1;0;1;1
1431;1;1;1;1;1;0
1432;1;1;1;1;1;0
1433;1;1;1;1;0;1
1434;1;1;1;1;2;1
1435;1;1;1;1;1;2
1436;1;1;1;1;1;0
1437;1;1;1;1;1;0
1438;1;1;1;1;1;0
1439;1;1;1;1;1;2
1440;1;1;1;1;1;0
1441;1;2;3;2;2;NA
1442;1;1;1;1;1;0
1443;1;1;2;1;1;NA
1444;1;1;1;1;2;1
1445;1;1;1;2;3;1
1446;1;1;1;1;2;1
1447;1;1;1;1;2;2
1448;1;1;1;1;2;2
1449;1;1;1;1;1;2
1450;1;1;1;1;1;0
1451;1;1;1;1;2;1
1452;1;1;1;1;1;2
1453;1;1;1;1;1;0
1454;1;1;1;1;1;2
1455;1;1;1;1;1;2
1456;1;2;2;2;2;2
1457;1;1;1;1;1;2
1458;1;1;1;1;1;2
1459;1;1;1;1;1;0
1460;1;1;1;1;1;2
1461;1;1;1;1;1;0
1462;1;1;1;1;0;3
1463;1;1;1;1;1;2
1464;1;1;1;1;1;0
1465;1;1;1;2;2;NA
1466;1;1;1;1;1;2
1467;1;1;1;1;1;0
1468;1;1;1;1;2;1
1469;1;1;1;1;1;0
1470;1;1;1;1;1;0
1471;1;2;1;3;1;NA
1472;1;1;1;1;2;NA
1473;1;1;1;0;0;0
1474;1;1;1;0;0;0
1475;1;1;1;0;0;0
1476;1;1;1;1;1;0
1477;1;1;1;1;1;0
1478;1;1;1;1;1;0
1479;1;1;1;1;2;1
1480;1;1;1;1;1;0
1481;1;1;1;1;1;0
1482;1;1;1;1;1;2
1483;1;1;1;1;1;0
1484;1;1;1;1;1;0
1485;1;1;1;1;1;0
1486;1;1;1;1;1;2
1487;1;1;1;1;1;0
1488;1;1;2;2;2;NA
1489;1;1;1;1;0;1
1490;1;1;1;1;1;0
1491;1;2;1;3;3;NA
1492;1;1;1;1;0;NA
1493;1;1;1;1;1;0
1494;1;1;1;1;1;2
1495;1;1;1;1;1;0
1496;1;1;1;1;1;0
1497;1;1;1;1;1;2
1498;1;1;1;0;0;NA
1499;1;1;1;1;1;0
1500;1;1;1;1;1;0
1501;1;1;1;2;2;NA
1502;1;1;1;1;1;2
1503;1;1;1;1;1;0
1504;1;1;1;1;1;0
1505;1;1;1;1;1;2
1506;1;1;1;1;1;0
1507;1;1;1;1;1;0
1508;1;1;1;1;1;0
1509;1;1;1;1;2;NA
1510;1;1;1;1;1;0
1511;1;1;1;2;2;0
1512;1;1;1;1;1;0
1513;1;1;1;1;0;0
1514;1;1;1;2;2;1
1515;1;1;1;1;1;2
1516;1;1;1;1;1;0
1517;1;1;1;0;1;1
1518;1;1;1;1;1;0
1519;1;1;1;1;1;0
1520;1;2;1;1;1;1
1521;1;1;1;1;1;0
1522;1;1;1;2;1;3
1523;1;1;1;1;1;2
1524;1;1;1;1;1;0
1525;1;1;1;1;1;2
1526;1;1;1;2;2;2
1527;1;1;1;1;1;0
1528;1;1;1;1;2;1
1529;1;1;1;1;1;0
1530;1;1;1;1;1;0
1531;1;1;1;1;0;1
1532;1;1;1;1;1;0
1533;1;1;1;1;1;0
1534;1;1;1;1;1;0
1535;1;1;1;1;1;0
1536;1;1;1;1;1;0
1537;1;1;1;1;2;1
1538;1;1;1;1;1;0
1539;1;1;1;1;1;2
1540;1;1;1;1;2;1
1541;1;1;1;1;1;2
1542;1;1;1;1;1;2
1543;1;1;2;1;1;1
1544;1;1;2;1;1;1
1545;1;1;1;2;1;1
1546;1;1;1;0;0;1
1547;1;1;1;1;1;2
1548;1;1;1;1;1;0
1549;1;1;1;1;1;0
1550;1;1;1;1;2;NA
1551;1;1;1;1;1;0
1552;1;1;1;1;1;0
1553;1;1;1;1;1;0
1554;1;1;1;1;0;0
1555;1;1;1;1;1;0
1556;1;1;1;1;1;0
1557;1;1;1;1;1;0
1558;1;1;1;1;1;0
1559;1;1;1;1;1;2
1560;1;1;1;1;2;1
1561;1;1;1;0;1;3
1562;1;1;1;NA;2;NA
1563;1;0;0;NA;0;NA
1564;1;1;1;0;1;1
1565;1;1;1;1;1;0
1566;1;1;1;2;2;1
1567;1;2;2;2;2;2
1568;1;1;1;1;1;0
1569;1;1;1;1;1;0
1570;1;1;1;1;1;0
1571;1;1;1;1;1;0
1572;1;1;1;1;1;2
1573;1;1;1;1;1;0
1574;1;1;1;1;1;2
1575;1;1;1;1;1;0
1576;1;1;1;1;1;0
1577;1;0;0;0;0;NA
1578;1;1;1;1;1;2
1579;1;1;1;1;1;0
1580;1;1;1;2;2;NA
1581;1;1;1;1;1;0
1582;1;1;1;1;1;0
1583;1;1;1;1;1;0
1584;1;1;1;1;1;2
1585;1;1;1;1;1;2
1586;1;0;1;1;3;1
1587;1;1;1;1;2;1
1588;1;2;2;2;2;2
1589;1;1;1;2;2;2
1590;1;1;1;1;1;0
1591;1;1;1;1;1;2
1592;1;1;1;1;1;0
1593;1;1;1;1;2;1
1594;1;1;1;2;2;2
1595;1;1;1;0;0;0
1596;1;1;1;1;1;0
1597;1;1;1;1;1;0
1598;1;1;1;2;3;3
1599;1;1;2;1;1;1
1600;1;1;1;1;1;0
1601;1;1;1;2;2;NA
1602;1;1;1;1;1;0
1603;1;1;1;2;2;3
1604;1;1;1;1;0;1
1605;1;1;1;1;2;1
1606;1;1;1;0;NA;0
1607;1;1;1;2;2;2
1608;1;2;1;2;2;2
1609;1;1;1;1;1;0
1610;1;0;1;1;1;1
1611;1;1;1;1;1;2
1612;1;1;1;1;1;0
1613;1;1;1;1;0;0
1614;1;1;1;1;1;0
1615;1;1;1;1;0;1
1616;1;1;1;0;1;1
1617;1;1;1;1;0;1
1618;1;1;1;1;0;1
1619;1;2;1;1;NA;1
1620;1;1;1;1;1;0
1621;1;0;1;1;0;NA
1622;1;1;1;1;1;0
1623;1;1;1;1;1;0
1624;1;1;1;1;1;0
1625;1;1;1;1;1;2
1626;1;1;1;1;0;1
1627;1;1;1;2;NA;1
1628;1;1;1;1;1;0
1629;1;1;1;2;2;2
1630;1;2;2;2;2;2
1631;1;1;1;1;2;1
1632;1;1;1;1;1;0
1633;1;1;1;1;1;2
1634;1;1;1;1;1;0
1635;1;2;1;1;1;NA
1636;1;1;1;0;1;NA
1637;1;1;1;1;2;1
1638;1;1;1;1;1;2
1639;1;1;1;1;1;0
1640;1;2;1;2;2;2
1641;1;1;1;1;1;0
1642;1;1;1;1;1;0
1643;1;1;1;1;1;0
1644;1;1;1;1;1;0
1645;1;2;1;2;2;3
