;C1;C2;C3;D;E2;F2;G1;M1;N1
1;1;2;3;4;5;0;0;7;0
2;1;1;1;1;1;1;2;1;1
3;1;1;1;1;1;0;NA;1;1
4;1;1;1;1;1;1;NA;1;2
5;1;1;1;1;1;1;NA;1;2
6;1;1;1;1;0;1;NA;1;1
7;1;1;1;1;1;0;1;1;1
8;1;1;1;1;1;0;1;1;1
9;1;1;1;1;0;NA;1;1;1
10;3;1;1;1;0;1;4;5;6
11;1;1;1;1;1;0;1;1;1
12;1;1;1;1;1;NA;1;0;1
13;1;1;1;1;1;NA;1;2;2
14;1;1;1;1;2;1;1;1;1
15;1;1;1;3;1;0;1;1;1
16;1;1;1;2;2;3;2;2;1
17;1;1;1;1;1;2;1;2;1
18;1;1;1;1;1;1;1;1;2
19;1;1;1;1;1;0;1;1;1
20;1;1;1;1;1;NA;1;2;1
21;1;1;1;1;1;1;1;1;2
22;1;1;1;1;1;0;1;1;1
23;1;1;1;1;2;1;1;1;1
24;1;1;1;1;1;0;1;1;1
25;1;1;1;1;1;0;1;1;1
26;1;1;1;1;1;1;1;0;1
27;1;1;1;1;1;0;3;1;4
28;1;1;1;1;1;0;1;1;1
29;1;1;1;1;1;2;1;1;2
30;1;1;1;1;1;0;0;1;1
31;1;1;1;1;1;0;1;1;1
32;1;1;1;1;1;0;1;1;1
33;1;1;1;1;1;NA;1;2;2
34;1;1;1;1;2;NA;1;1;1
35;1;1;1;1;2;NA;1;1;1
36;1;1;1;1;2;NA;0;4;4
37;1;1;2;1;2;NA;2;2;2
38;1;1;1;1;1;NA;2;2;2
39;1;1;1;1;1;1;1;2;2
40;1;1;1;1;1;0;2;1;1
41;1;1;1;1;1;NA;NA;2;2
42;1;1;1;1;0;0;1;1;1
43;1;1;1;1;1;1;0;0;0
44;1;1;1;1;1;1;2;2;2
45;1;1;1;1;1;0;1;1;1
46;1;1;1;1;1;NA;0;1;1
47;1;1;1;1;1;NA;1;1;2
48;1;1;1;1;1;NA;1;2;1
49;1;1;1;1;1;1;2;3;4
50;1;1;1;1;1;0;3;1;1
51;1;1;1;2;4;3;5;1;2
52;1;1;1;1;1;1;1;1;2
53;1;1;1;1;1;0;1;1;0
54;1;1;1;1;1;0;1;1;1
55;1;1;1;1;1;2;1;1;1
56;1;1;1;1;1;0;1;1;1
57;1;1;1;1;1;0;1;1;3
58;1;1;1;1;1;2;1;1;1
59;1;1;1;1;1;0;1;1;1
60;1;1;1;1;1;2;1;1;1
61;1;1;1;1;1;1;1;2;1
62;1;1;1;1;1;1;1;2;2
63;1;1;1;1;2;1;2;1;2
64;1;1;1;1;1;1;0;1;0
65;1;1;1;1;2;1;1;1;1
66;1;1;1;1;1;0;1;1;1
67;1;1;1;1;1;NA;2;1;1
68;1;1;1;1;1;NA;2;3;3
69;1;1;1;1;0;NA;NA;NA;NA
70;1;1;1;1;0;NA;0;1;0
71;1;1;1;1;1;1;2;1;1
72;1;1;1;1;1;0;NA;1;1
73;1;1;1;1;1;1;NA;1;2
74;1;1;1;0;0;0;NA;1;0
75;1;1;1;2;1;1;NA;1;1
76;1;1;1;1;1;0;NA;1;1
77;1;1;1;1;1;0;NA;1;1
78;1;1;1;1;1;0;NA;3;3
79;1;1;1;1;1;0;0;0;0
80;1;1;1;1;0;1;1;1;1
81;1;1;1;1;1;1;2;1;1
82;1;0;1;0;0;0;0;0;0
83;1;1;1;1;1;1;2;3;4
84;1;1;1;1;1;1;0;1;1
85;1;1;1;1;1;0;1;1;1
86;1;1;1;1;1;0;1;1;1
87;1;1;1;2;2;NA;1;1;1
88;1;1;1;1;1;1;1;2;3
89;1;1;1;1;1;0;1;1;1
90;1;1;1;1;0;1;1;1;1
91;1;1;1;1;1;0;1;1;1
92;1;1;1;1;1;NA;1;1;2
93;1;1;1;1;1;NA;2;1;1
94;1;1;1;1;1;NA;2;1;1
95;1;1;1;1;1;NA;1;2;2
96;1;1;1;1;1;NA;0;1;1
97;1;1;1;1;1;NA;2;2;2
98;1;1;1;1;1;NA;2;3;4
99;1;1;1;1;2;NA;NA;NA;NA
100;1;1;1;1;1;NA;0;0;0
101;1;1;1;1;0;NA;NA;NA;NA
102;1;1;1;1;1;NA;2;1;1
103;1;1;1;1;0;NA;NA;1;1
104;1;1;1;1;1;NA;NA;2;2
105;1;2;3;3;3;4;5;3;3
106;1;1;1;1;1;0;1;1;1
107;1;1;1;0;1;0;0;0;0
108;1;1;1;1;1;2;2;2;2
109;1;1;1;1;1;0;1;1;1
110;1;1;1;1;2;NA;3;1;1
111;1;1;1;1;1;0;1;0;0
112;1;1;1;1;1;0;1;1;1
113;1;1;1;1;1;0;1;1;1
114;1;1;1;1;1;NA;2;2;2
115;1;1;1;2;3;NA;1;1;1
116;1;1;1;1;1;2;0;0;0
117;1;1;1;1;1;2;1;1;1
118;1;1;1;1;1;1;1;0;1
119;1;1;1;1;1;0;1;0;1
120;1;1;1;1;1;0;1;1;1
121;1;1;1;1;1;NA;2;3;3
122;1;1;1;1;1;0;1;1;1
123;1;1;1;1;0;NA;0;1;1
124;1;1;1;1;2;NA;1;0;1
125;1;1;1;1;0;NA;1;1;1
126;1;1;1;1;1;NA;1;1;2
127;1;1;1;1;1;NA;2;1;1
128;1;1;1;1;1;0;1;1;1
129;1;1;1;1;1;2;3;3;3
130;1;1;1;1;1;1;1;2;2
131;1;1;1;1;1;1;0;0;0
132;1;1;1;1;1;2;1;1;1
133;1;1;1;1;1;1;1;1;2
134;1;1;1;1;1;0;3;1;1
135;1;1;1;1;1;NA;NA;1;2
136;1;1;1;1;1;0;1;1;1
137;1;1;1;1;1;1;2;2;2
138;1;1;1;1;1;1;2;3;4
139;1;1;1;1;1;0;1;1;1
140;1;1;1;1;1;NA;2;1;1
141;1;1;1;1;1;NA;1;1;0
142;1;1;1;1;1;NA;0;1;1
143;1;1;1;1;1;NA;0;0;0
144;1;1;1;1;1;NA;1;2;1
145;1;0;1;0;0;NA;0;NA;0
146;1;1;1;1;1;NA;1;2;3
147;1;1;1;1;1;NA;0;0;0
148;1;1;1;1;1;0;1;1;1
149;1;0;1;0;0;0;1;1;1
150;1;1;1;1;1;0;0;1;1
151;1;1;1;1;1;2;1;1;1
152;1;1;1;1;1;1;1;1;2
153;1;1;1;2;1;1;1;1;1
154;1;1;1;1;1;0;1;1;1
155;1;1;1;1;1;NA;1;2;1
156;1;1;1;1;1;0;1;1;1
157;1;1;2;1;2;2;1;1;1
158;1;1;1;1;1;0;1;1;1
159;1;1;1;1;1;NA;1;2;1
160;1;1;1;1;2;2;2;2;2
161;1;1;1;1;1;1;2;2;2
162;1;1;1;1;1;1;0;1;1
163;1;1;1;1;1;1;1;2;1
164;1;1;1;1;1;0;1;NA;1
165;1;1;1;1;1;2;1;3;1
166;1;1;1;1;1;1;2;1;1
167;1;1;1;1;1;2;NA;1;1
168;1;1;1;1;1;1;2;1;0
169;1;1;1;1;1;0;1;1;1
170;1;1;1;1;1;2;1;1;1
171;1;1;1;1;1;NA;0;1;3
172;1;1;1;1;1;NA;2;1;1
173;1;1;1;1;1;2;1;1;1
174;1;1;1;2;2;0;2;1;1
175;1;1;1;1;1;1;2;1;1
176;1;1;1;1;1;0;1;1;3
177;1;1;1;1;1;0;1;3;3
178;1;1;1;1;1;1;0;0;0
179;1;1;1;1;2;1;NA;NA;NA
180;1;1;1;0;1;1;1;1;1
181;1;1;1;1;1;1;2;3;4
182;1;1;1;1;1;1;2;1;3
183;1;1;1;2;3;0;2;1;1
184;1;1;1;1;1;1;1;1;2
185;1;1;1;1;1;1;1;1;2
186;1;1;1;1;1;0;1;1;1
187;1;1;1;1;1;NA;1;0;1
188;1;1;1;1;1;2;2;1;1
189;1;1;1;1;1;0;1;1;1
190;1;1;1;1;1;1;1;0;1
191;1;1;1;1;1;1;0;1;1
192;1;1;1;1;1;1;2;3;4
193;1;1;1;2;1;1;2;1;1
194;1;1;1;1;1;1;1;2;2
195;1;1;1;1;1;1;2;1;1
196;1;1;1;1;2;0;0;2;2
197;1;1;1;1;1;2;1;1;1
198;1;1;1;1;1;NA;2;2;1
199;1;2;1;1;1;1;1;1;1
200;1;NA;1;1;1;1;2;3;3
201;1;1;1;1;1;1;2;1;1
202;1;1;1;1;1;1;2;1;1
203;1;1;1;1;1;2;1;3;3
204;1;1;1;1;1;2;1;2;2
205;1;1;1;1;1;1;1;1;2
206;1;1;1;1;1;0;1;1;1
207;1;1;1;1;0;NA;1;1;1
208;1;1;1;1;1;1;2;1;1
209;1;1;1;1;1;2;NA;1;1
210;1;1;1;1;1;2;NA;1;1
211;1;1;1;1;1;1;2;1;1
212;1;1;1;1;1;1;0;0;0
213;1;1;1;1;1;1;2;1;1
214;1;1;1;1;1;0;NA;1;1
215;1;1;1;1;1;NA;NA;2;2
216;1;0;1;0;0;0;0;0;0
217;1;1;1;2;2;2;1;1;1
218;1;1;1;1;1;1;2;1;1
219;1;1;1;1;1;1;2;3;1
220;1;1;1;1;2;1;3;4;4
221;1;1;1;1;1;1;1;2;1
222;1;1;1;1;0;1;1;1;1
223;1;1;1;1;2;1;1;1;1
224;1;1;1;1;1;1;2;3;1
225;1;1;1;1;1;0;1;1;1
226;1;1;1;1;1;1;0;0;1
227;1;1;1;1;1;0;1;1;1
228;1;1;1;1;1;2;1;1;1
229;1;1;1;1;1;1;2;1;1
230;1;1;1;1;1;1;1;1;2
231;1;1;1;1;1;1;1;1;0
232;1;1;1;1;1;1;1;2;2
233;1;1;1;1;1;1;2;1;1
234;1;1;1;1;1;1;1;1;2
235;1;1;1;1;1;2;1;1;1
236;1;1;1;1;1;NA;1;2;2
237;1;1;1;1;2;NA;1;NA;NA
238;1;1;1;1;1;1;1;0;1
239;1;1;1;1;1;1;0;1;1
240;1;1;1;1;1;0;1;1;1
241;1;1;1;1;1;1;2;3;3
242;1;1;1;1;1;1;2;1;1
243;1;1;1;1;1;1;1;2;1
244;1;1;1;1;1;1;2;1;1
245;1;1;1;1;2;1;1;1;1
246;1;1;1;1;1;1;1;2;1
247;1;1;1;1;1;2;1;1;1
248;1;1;1;1;1;1;1;1;2
249;1;1;1;1;1;1;1;1;2
250;1;1;1;1;1;0;1;1;1
251;1;1;1;1;1;NA;1;1;2
252;1;1;1;1;1;1;2;1;1
253;1;1;1;1;1;1;2;2;2
254;1;1;1;1;1;1;2;1;1
255;1;1;1;1;1;0;1;1;1
256;1;1;1;1;1;NA;2;1;1
257;1;1;1;1;1;1;2;2;2
258;1;1;1;0;1;1;1;1;1
259;1;1;1;1;1;2;2;2;2
260;1;1;1;1;1;2;0;4;4
261;1;1;1;1;1;1;1;1;2
262;1;1;1;2;1;1;1;1;1
263;1;1;1;2;3;3;4;1;1
264;1;1;1;2;1;1;1;1;1
265;1;1;1;1;1;2;3;1;1
266;1;1;1;1;1;2;1;1;1
267;1;1;1;1;0;1;0;1;1
268;1;1;1;1;1;0;1;1;1
269;1;1;1;1;0;NA;0;1;1
270;1;2;1;2;2;2;1;2;3
271;1;1;1;1;1;1;1;0;0
272;1;1;1;1;1;0;1;1;1
273;1;1;1;1;2;1;1;1;1
274;1;1;1;1;1;0;1;1;1
275;1;1;1;1;1;0;1;1;1
276;1;2;1;1;1;NA;2;2;2
277;1;1;1;1;1;1;0;0;0
278;1;1;1;1;1;1;1;2;2
279;1;1;1;1;1;0;1;1;1
280;1;1;1;2;2;3;4;1;1
281;1;1;1;NA;NA;NA;NA;0;0
282;1;2;1;NA;NA;NA;NA;1;1
283;1;1;1;1;0;1;1;1;1
284;1;1;1;1;1;1;1;1;2
285;1;1;1;1;1;1;1;1;2
286;1;1;1;2;1;3;4;1;2
287;1;1;1;1;1;0;1;1;1
288;1;1;1;1;1;NA;1;2;2
289;1;1;1;1;1;2;1;1;1
290;1;1;1;1;1;2;3;1;1
291;1;1;1;1;1;1;2;1;1
292;1;1;1;2;2;2;1;1;1
293;1;1;1;1;1;1;1;2;3
294;1;1;1;1;0;1;1;1;1
295;1;1;1;1;1;0;1;0;1
296;1;1;1;1;1;1;1;2;2
297;1;1;1;1;1;1;2;3;3
298;1;1;1;1;1;1;0;1;1
299;1;1;1;1;1;0;1;1;1
300;1;1;1;1;1;NA;2;1;1
301;1;1;1;1;1;NA;1;2;2
302;1;1;1;1;1;NA;1;1;2
303;1;1;1;1;1;1;0;0;0
304;1;1;1;1;1;1;2;2;2
305;1;1;1;1;1;0;1;1;1
306;1;1;1;1;2;1;1;1;1
307;1;1;1;1;1;0;1;1;0
308;1;1;1;1;1;1;2;1;1
309;1;1;1;1;1;1;2;3;1
310;1;1;1;1;0;0;NA;NA;1
311;1;1;1;1;1;1;NA;NA;0
312;1;1;1;1;1;1;2;1;1
313;1;1;1;1;1;1;1;1;0
314;1;1;1;1;1;1;2;1;NA
315;1;1;1;1;1;0;1;1;1
316;1;1;1;1;1;1;2;2;2
317;1;1;1;1;0;1;NA;NA;NA
318;1;1;1;1;1;1;2;3;4
319;1;1;1;1;0;0;1;1;1
320;1;1;1;1;NA;NA;2;2;2
321;1;1;1;1;1;2;0;1;1
322;1;1;1;1;1;1;1;2;1
323;1;1;1;2;1;3;0;0;1
324;1;2;1;2;3;1;1;1;1
325;1;2;1;2;2;2;3;3;1
326;1;1;1;1;1;2;1;1;1
327;1;1;1;1;1;1;1;0;0
328;1;1;1;1;1;1;1;2;2
329;1;1;1;1;1;1;1;2;2
330;1;1;2;3;1;1;1;4;4
331;1;1;NA;NA;0;1;0;NA;NA
332;1;1;NA;NA;1;1;2;NA;NA
333;1;1;1;1;1;1;1;2;2
334;1;1;1;1;1;1;1;1;2
335;1;1;1;1;1;1;1;2;2
336;1;1;2;1;1;1;1;1;1
337;1;1;1;1;1;0;1;1;1
338;1;1;1;1;1;NA;1;1;2
339;1;1;1;1;1;0;1;1;1
340;1;1;1;1;1;1;1;1;2
341;1;1;1;1;1;1;1;2;NA
342;1;1;1;1;1;1;1;2;NA
343;1;1;1;1;1;1;1;1;2
344;1;1;1;1;1;1;2;1;1
345;1;1;1;1;1;2;3;1;1
346;1;1;1;1;1;0;1;1;1
347;1;1;1;1;1;NA;1;2;2
348;1;1;1;1;1;NA;0;NA;NA
349;1;1;1;1;1;2;1;1;1
350;1;1;1;1;1;NA;2;1;1
351;1;1;1;1;1;2;1;3;0
352;1;1;1;1;1;0;1;1;1
353;1;1;1;1;1;1;2;1;1
354;1;1;1;1;1;0;1;1;1
355;1;1;1;1;1;NA;1;2;2
356;1;1;1;1;1;1;1;0;0
357;1;1;1;1;1;2;2;2;2
358;1;1;1;1;1;1;2;3;1
359;1;1;1;1;1;2;1;1;3
360;1;1;1;1;1;0;0;1;0
361;1;1;1;0;1;1;1;1;1
362;1;1;1;1;1;2;1;1;1
363;1;1;1;2;2;NA;1;1;1
364;1;1;1;1;1;0;1;1;1
365;1;1;1;2;1;NA;1;1;1
366;1;1;1;1;1;0;1;1;1
367;1;1;1;1;1;1;1;2;2
368;1;1;1;1;1;1;1;2;1
369;1;1;1;1;2;3;1;2;1
370;1;1;1;1;2;1;1;2;1
371;1;1;1;1;1;1;1;1;2
372;1;1;1;1;1;1;2;1;1
373;1;1;1;1;1;2;1;1;1
374;1;1;1;1;1;1;2;3;3
375;1;1;1;1;1;0;1;0;0
376;1;1;1;1;1;1;2;1;1
377;1;1;1;1;1;1;2;1;1
378;1;1;1;1;1;1;2;3;3
379;1;1;1;2;1;2;1;2;1
380;1;1;1;2;1;1;1;1;1
381;1;1;1;2;3;1;4;5;5
382;1;1;1;NA;NA;2;NA;NA;NA
383;1;1;1;0;1;1;1;1;1
384;1;1;1;NA;2;0;1;4;4
385;1;1;1;0;1;0;0;1;0
386;1;1;1;1;1;1;2;1;1
387;1;0;1;0;0;0;1;1;1
388;1;NA;1;NA;NA;NA;1;1;2
389;1;0;1;0;0;1;1;1;1
390;1;NA;1;NA;NA;0;1;1;1
391;1;NA;1;NA;NA;2;1;1;1
392;1;NA;1;NA;NA;0;1;1;1
393;1;NA;1;NA;NA;NA;2;1;1
394;1;NA;1;NA;NA;NA;NA;1;0
395;1;NA;2;NA;NA;NA;NA;1;1
396;1;1;1;1;1;1;2;2;2
397;1;1;1;1;1;1;2;3;4
398;1;1;1;1;1;2;3;1;3
399;1;1;1;1;1;1;1;2;1
400;1;1;1;1;1;1;1;2;1
401;1;1;1;1;1;1;2;1;1
402;1;1;1;1;1;1;1;1;2
403;1;1;1;1;1;1;2;1;1
404;1;1;1;1;1;1;1;1;0
405;1;1;1;1;1;2;1;1;1
406;1;1;1;1;1;1;1;2;3
407;1;1;1;1;1;1;0;1;0
408;1;1;1;1;1;1;1;2;3
409;1;1;1;1;1;1;0;1;1
410;1;1;1;1;1;1;1;2;2
411;1;1;1;1;1;2;1;1;1
412;1;1;1;1;1;0;1;1;1
413;1;1;1;1;1;NA;2;2;2
414;1;1;1;1;1;0;1;1;1
415;1;1;1;1;1;2;1;1;1
416;1;1;1;1;1;1;1;2;3
417;1;1;1;1;1;1;1;0;0
418;1;1;1;1;1;0;0;1;1
419;1;1;1;1;1;2;1;2;1
420;1;1;1;1;1;2;2;2;2
421;1;1;1;1;1;1;0;1;1
422;1;1;1;1;1;1;2;2;2
423;1;2;2;2;2;2;2;2;2
424;1;1;1;1;1;2;1;1;1
425;1;1;1;1;1;1;0;1;1
426;1;1;1;1;1;2;1;2;2
427;1;1;1;1;1;1;1;2;2
428;1;0;0;0;1;3;3;0;3
429;1;1;1;1;1;1;2;1;1
430;1;1;0;1;1;1;1;0;1
431;1;1;1;1;1;1;2;1;2
432;1;1;1;1;1;0;1;1;1
433;1;1;1;1;1;1;1;1;2
434;1;1;1;1;1;1;0;3;1
435;1;1;1;2;1;1;NA;NA;1
436;1;1;1;1;1;1;NA;NA;0
437;1;1;1;1;1;1;0;1;1
438;2;1;1;1;1;1;NA;1;1
439;1;1;1;1;1;1;NA;0;0
440;1;1;1;1;1;1;0;1;1
441;1;1;1;1;1;1;1;2;2
442;1;1;1;1;1;1;1;1;2
443;1;1;1;1;1;1;1;1;0
444;1;1;1;1;1;1;1;2;3
445;1;1;1;1;1;0;1;1;1
446;1;1;1;1;2;3;2;2;2
447;1;1;1;2;3;3;1;1;1
448;1;1;1;1;1;1;1;1;0
449;1;1;1;2;2;2;3;1;NA
450;1;1;1;1;1;1;0;0;NA
451;1;1;1;1;1;1;2;2;NA
452;1;1;1;1;1;2;1;1;1
453;1;1;1;1;1;1;2;1;1
454;1;1;1;1;1;0;1;1;1
455;1;1;1;1;1;0;1;1;1
456;1;1;1;1;1;NA;1;1;2
457;1;1;1;1;1;0;1;1;1
458;1;0;1;0;0;0;1;1;1
459;1;NA;1;NA;NA;NA;0;0;0
460;1;1;1;1;2;0;4;1;5
461;1;2;1;1;1;1;1;1;1
462;1;1;1;1;1;0;1;1;1
463;1;1;1;1;0;0;1;1;1
464;1;1;1;1;1;0;1;1;1
465;1;1;1;1;1;2;2;2;2
466;1;1;1;2;1;3;1;1;1
467;1;1;1;1;1;2;1;1;1
468;1;1;1;1;1;1;0;1;1
469;1;1;1;1;1;0;1;1;1
470;1;1;1;1;1;NA;2;1;1
471;1;1;1;1;1;NA;0;3;3
472;1;1;1;2;2;1;1;1;1
473;1;1;1;1;1;1;2;1;1
474;1;1;1;1;1;1;2;1;2
475;1;1;1;1;1;0;1;1;1
476;1;1;1;1;1;NA;0;1;1
477;1;1;1;2;2;NA;3;4;1
478;1;1;1;1;1;1;0;0;0
479;1;1;1;1;1;1;1;2;2
480;1;1;1;1;1;1;2;NA;NA
481;1;1;1;1;1;1;2;1;1
482;1;1;1;1;1;1;2;3;1
483;1;1;1;1;1;2;3;4;5
484;1;1;1;1;0;1;1;1;1
485;1;1;1;1;1;0;1;1;1
486;1;1;1;1;1;NA;1;1;2
487;1;1;1;1;0;NA;0;1;3
488;1;1;1;1;1;1;1;2;1
489;1;1;1;1;1;2;1;1;1
490;1;1;1;1;1;0;1;1;1
491;1;1;1;1;1;NA;1;1;2
492;1;1;1;1;1;0;1;1;1
493;1;1;1;1;1;NA;1;1;2
494;1;1;1;1;1;NA;2;2;3
495;1;1;1;1;1;1;2;1;1
496;1;1;1;1;1;0;NA;1;1
497;1;1;1;1;1;NA;NA;1;2
498;1;1;1;1;1;1;NA;2;1
499;1;1;1;1;1;0;1;0;0
500;1;1;1;1;2;1;1;1;1
501;1;1;1;1;1;2;1;1;1
502;1;1;1;1;1;0;0;1;1
503;1;1;1;1;2;NA;NA;1;1
504;1;1;1;1;1;NA;NA;2;2
505;1;1;1;1;2;1;2;1;1
506;1;1;1;2;2;2;3;4;4
507;1;1;1;1;1;0;0;1;1
508;1;1;1;1;1;2;1;3;1
509;1;1;1;1;1;1;2;2;2
510;1;1;1;1;1;0;1;1;1
511;1;1;1;1;0;NA;1;1;1
512;1;1;1;1;1;0;1;1;1
513;1;1;1;1;1;0;1;1;1
514;1;1;1;1;1;1;1;2;2
515;1;1;1;1;1;0;1;1;1
516;1;1;1;2;1;NA;1;1;1
517;1;1;1;1;1;NA;2;3;3
518;1;1;1;1;2;1;2;2;2
519;1;1;1;1;1;1;2;1;1
520;1;1;1;1;1;1;2;2;2
521;1;1;1;1;2;2;1;1;1
522;1;1;1;1;1;0;1;1;1
523;1;1;1;1;1;NA;1;2;1
524;1;1;1;1;1;0;0;1;0
525;1;1;1;1;1;1;2;1;3
526;1;1;1;1;1;1;0;1;1
527;1;1;1;1;1;1;0;0;0
528;1;1;1;1;1;0;1;1;1
529;1;1;1;1;1;0;1;1;1
530;1;1;1;1;1;2;1;1;1
531;1;1;1;1;1;2;1;1;1
532;1;1;1;1;1;2;1;1;1
533;1;1;1;1;1;1;2;3;3
534;1;1;1;1;1;1;0;1;1
535;1;1;1;1;1;1;1;2;1
536;1;1;1;1;1;2;1;1;1
537;1;1;1;1;1;0;1;1;1
538;1;1;1;1;1;0;1;1;1
539;1;1;1;1;1;NA;2;2;2
540;1;1;1;1;1;1;1;2;1
541;1;1;1;1;2;2;2;3;3
542;1;1;1;1;1;0;1;1;1
543;1;1;1;1;1;2;2;1;1
544;1;1;1;1;1;0;3;4;1
545;1;1;1;1;1;2;1;1;1
546;1;1;1;1;1;NA;2;1;1
547;1;1;1;0;0;NA;1;1;1
548;1;1;1;1;1;1;2;1;1
549;1;1;1;2;2;2;2;3;2
550;1;1;1;1;1;1;1;2;2
551;1;1;1;1;1;2;3;2;4
552;1;2;1;3;0;NA;NA;NA;NA
553;1;2;2;2;2;2;2;2;2
554;1;1;1;1;1;0;1;1;1
555;1;1;1;1;1;0;1;0;0
556;1;1;1;1;0;1;0;0;0
557;1;1;1;1;1;1;0;1;1
558;1;1;1;1;1;0;NA;1;1
559;1;1;1;1;1;1;2;3;1
560;1;1;1;1;1;2;1;1;3
561;1;1;1;1;1;2;1;1;1
562;1;1;1;1;1;1;1;0;0
563;1;1;1;1;2;1;1;1;1
564;1;1;1;1;NA;1;1;2;2
565;1;1;1;2;2;1;2;3;3
566;1;1;1;1;1;1;2;1;1
567;1;1;1;1;1;1;2;3;2
568;1;1;1;1;1;2;1;1;1
569;1;1;1;1;2;1;1;1;1
570;1;1;1;1;1;1;0;1;1
571;1;1;1;1;0;1;1;1;1
572;1;1;1;1;1;0;1;1;1
573;1;1;1;1;1;1;2;3;1
574;1;1;1;1;1;2;1;1;1
575;1;1;1;1;1;NA;1;2;2
576;1;1;1;1;1;NA;1;1;2
577;1;1;1;1;1;NA;1;1;0
578;1;1;1;1;1;2;1;1;1
579;1;1;1;1;1;1;1;0;1
580;1;1;1;1;2;1;1;3;1
581;1;1;1;1;1;1;1;1;0
582;1;1;1;1;1;0;1;1;1
583;1;1;1;1;1;2;1;1;1
584;1;2;2;2;2;2;2;2;2
585;1;1;1;1;1;2;1;1;1
586;1;1;1;1;1;2;1;1;2
587;1;1;1;1;1;0;1;1;3
588;1;1;1;1;1;0;0;3;3
589;1;1;1;1;2;1;1;1;1
590;1;1;1;1;1;2;1;1;1
591;1;1;1;1;1;1;2;3;1
592;1;1;1;1;1;2;3;4;5
593;1;1;1;1;1;2;1;1;1
594;1;1;1;1;1;1;1;1;0
595;1;1;1;1;1;0;1;1;1
596;1;1;1;1;1;1;1;2;2
597;1;1;1;1;1;0;1;1;1
598;1;1;1;1;1;NA;1;2;1
599;1;1;1;1;1;0;1;1;1
600;1;1;1;1;2;NA;1;1;1
601;1;1;1;1;NA;NA;2;1;1
602;1;1;1;1;1;NA;2;3;3
603;1;1;1;1;1;1;1;2;1
604;1;1;1;2;1;1;1;1;1
605;1;1;1;1;1;2;1;1;1
606;1;1;1;1;1;0;1;1;1
607;1;1;1;1;1;NA;1;1;2
608;1;1;1;1;1;1;1;1;2
609;1;1;2;3;4;5;6;7;7
610;1;2;1;1;1;1;3;2;2
611;1;1;1;1;1;0;1;1;1
612;1;1;1;1;1;1;0;1;1
613;1;1;1;1;1;1;1;1;0
614;1;1;1;1;1;2;3;1;1
615;1;1;1;1;1;1;0;1;0
616;1;1;1;1;1;1;2;3;3
617;1;1;1;1;1;2;3;1;1
618;1;1;1;1;1;1;2;2;2
619;1;1;1;1;1;2;1;1;1
620;1;1;1;1;0;NA;1;1;1
621;1;1;1;1;1;0;1;1;1
622;1;1;1;1;1;NA;2;2;2
623;1;1;1;1;1;NA;2;1;1
624;1;1;1;1;1;NA;1;2;2
625;1;1;1;1;1;NA;0;0;0
626;1;1;1;1;1;2;1;1;1
627;1;1;1;1;1;2;3;3;3
628;1;1;1;1;1;0;1;1;1
629;1;1;1;1;1;0;1;1;0
630;1;1;1;1;1;2;1;1;1
631;1;1;1;2;1;NA;3;1;1
632;1;1;1;1;1;0;1;1;1
633;1;1;1;1;1;NA;0;1;1
634;1;1;1;2;1;NA;1;1;1
635;1;1;1;1;1;NA;2;1;1
636;1;1;1;1;1;2;1;1;1
637;1;1;1;1;1;0;1;1;1
638;1;1;1;1;1;NA;1;2;2
639;1;1;1;1;1;NA;0;1;0
640;1;1;1;1;2;NA;1;1;1
641;1;1;1;1;1;NA;0;0;0
642;1;1;2;1;1;NA;1;1;1
643;1;1;1;1;1;NA;2;2;2
644;1;1;1;1;1;0;1;1;1
645;1;1;1;1;0;NA;1;1;1
646;1;1;1;1;1;0;1;1;1
647;1;1;1;1;1;NA;2;2;2
648;1;1;1;1;1;1;1;2;2
649;1;1;1;1;1;0;0;1;1
650;1;1;1;1;1;1;2;1;1
651;1;1;1;1;1;1;0;0;0
652;1;1;1;1;1;1;1;2;2
653;1;1;1;1;1;1;2;3;3
654;1;1;1;1;1;2;1;1;1
655;1;1;1;1;1;0;1;1;1
656;1;1;1;1;1;1;2;1;1
657;1;1;1;1;1;1;2;1;1
658;1;1;1;2;1;1;NA;1;1
659;1;1;1;1;1;2;NA;1;1
660;1;1;1;1;1;1;0;1;1
661;1;2;1;2;2;2;1;1;1
662;1;1;1;1;1;1;2;1;1
663;1;1;1;1;1;0;1;1;1
664;1;1;1;1;1;1;1;1;0
665;1;1;1;1;1;1;1;1;2
666;1;1;1;1;1;1;2;2;2
667;1;1;1;1;1;0;NA;NA;NA
668;1;2;2;2;2;1;NA;NA;NA
669;1;1;1;1;1;1;2;3;3
670;1;1;1;1;1;1;0;1;1
671;1;1;1;1;1;1;2;3;4
672;1;1;1;1;2;1;1;1;1
673;1;1;2;1;1;1;1;1;0
674;1;1;1;1;1;1;0;1;1
675;1;1;1;1;1;2;1;1;1
676;1;1;1;1;1;1;2;2;2
677;1;1;1;0;1;1;0;0;0
678;1;1;1;0;1;0;0;0;0
679;1;1;1;1;1;0;1;1;1
680;1;1;1;1;1;NA;1;2;2
681;1;1;1;1;1;1;0;1;1
682;1;1;1;1;1;0;1;1;1
683;1;1;1;1;1;NA;2;1;1
684;1;1;1;1;1;1;2;1;1
685;1;1;1;1;1;1;1;2;2
686;1;1;1;1;1;0;1;1;1
687;1;1;1;1;1;0;0;1;1
688;1;1;1;1;1;0;1;1;1
689;1;1;1;1;1;NA;1;1;2
690;1;2;1;1;1;1;1;1;1
691;1;1;1;1;1;0;1;1;1
692;1;1;1;1;1;2;2;2;2
693;1;1;1;1;1;0;1;1;1
694;1;1;1;1;1;1;0;1;1
695;1;1;1;1;1;0;3;1;1
696;1;0;1;0;0;0;0;1;1
697;1;1;1;1;0;1;1;1;1
698;1;1;1;1;NA;2;2;2;2
699;1;1;1;1;1;0;1;1;1
700;1;1;1;1;1;NA;0;0;0
701;1;1;1;0;1;NA;NA;NA;NA
702;1;2;1;2;2;1;1;1;1
703;1;1;1;1;2;1;1;1;1
704;1;1;2;1;1;1;1;1;1
705;1;1;1;1;1;1;2;1;1
706;1;1;1;1;1;1;NA;1;0
707;1;1;1;1;1;0;0;1;1
708;1;2;1;1;1;1;3;1;1
709;1;1;1;1;1;0;1;1;1
710;1;1;1;1;1;NA;1;0;0
711;1;1;1;1;1;2;1;1;1
712;1;1;1;1;1;NA;2;1;1
713;1;1;1;2;2;NA;2;2;2
714;1;1;1;1;1;0;1;1;1
715;1;1;1;0;0;NA;0;0;0
716;1;2;1;3;3;NA;3;3;3
717;1;1;1;1;1;NA;1;1;0
718;1;0;1;0;0;0;1;1;0
719;1;1;1;1;1;1;2;1;3
720;1;1;1;1;1;0;0;1;1
721;1;1;1;1;0;NA;NA;1;1
722;1;1;1;1;1;NA;NA;1;2
723;1;1;1;1;1;1;2;2;3
724;1;1;1;1;1;1;2;2;2
725;1;1;1;1;1;1;2;1;1
726;1;2;1;1;1;1;1;1;1
727;1;1;1;0;0;0;0;0;0
728;1;1;1;1;1;1;1;2;2
729;1;1;1;1;1;1;0;0;0
730;1;1;1;1;1;1;1;1;2
731;1;1;1;2;2;2;1;1;NA
732;1;1;1;1;1;1;0;0;1
733;1;1;1;0;1;0;1;0;0
734;1;1;1;1;1;1;1;0;0
735;1;1;1;1;1;2;1;3;3
736;1;1;1;1;1;NA;2;NA;NA
737;1;1;1;1;1;1;2;3;1
738;1;1;1;1;1;1;1;1;2
739;1;1;1;2;0;1;4;4;1
740;1;1;1;1;1;1;0;0;1
741;1;1;1;1;1;1;1;2;2
742;1;1;1;1;1;1;2;2;2
743;1;1;1;1;1;0;1;1;0
744;1;1;1;1;1;0;1;1;1
745;1;1;2;1;1;1;2;1;2
746;1;1;2;1;1;1;2;3;1
747;1;1;1;1;1;1;2;3;1
748;1;1;1;1;1;1;0;1;1
749;1;1;1;1;1;0;NA;0;0
750;1;1;1;1;1;0;1;1;1
751;1;1;1;0;0;NA;1;3;0
752;1;1;1;1;1;1;2;1;1
753;1;1;1;1;0;1;1;1;1
754;1;1;1;1;1;1;2;1;1
755;1;1;1;1;1;1;1;1;2
756;1;1;1;1;1;1;2;1;1
757;1;1;1;1;1;0;NA;0;0
758;1;1;1;1;1;0;NA;1;1
759;1;1;1;1;1;1;2;1;1
760;1;2;3;2;2;1;2;3;3
761;1;1;1;1;1;1;2;1;1
762;1;1;1;1;1;1;2;1;1
763;1;1;1;1;1;1;0;1;1
764;2;1;1;1;2;1;2;1;2
765;1;1;1;1;1;1;0;1;1
766;1;1;1;1;1;1;2;2;2
767;1;1;1;1;1;1;2;3;4
768;1;1;1;1;1;0;NA;NA;NA
769;1;1;1;1;1;0;1;1;1
770;1;1;1;1;1;0;1;0;0
771;1;1;1;1;1;NA;2;NA;NA
772;1;1;1;1;1;2;1;1;1
773;1;1;1;1;1;2;1;1;1
774;1;1;1;1;1;1;2;3;4
775;1;1;1;1;1;1;0;1;1
776;1;1;1;1;1;1;1;2;2
777;1;2;1;2;2;0;1;2;2
778;1;0;1;1;1;1;1;1;1
779;1;NA;1;0;1;0;1;1;1
780;1;NA;1;1;1;1;1;1;2
781;1;NA;1;1;1;1;1;2;1
782;1;NA;1;1;1;1;1;2;3
783;1;NA;0;1;1;1;1;1;1
784;1;NA;1;1;1;1;1;1;2
785;1;1;1;1;1;1;2;1;1
786;1;1;1;1;1;1;0;1;1
787;1;1;1;1;1;0;0;1;1
788;1;1;1;1;1;1;0;1;1
789;1;1;1;1;1;2;3;1;1
790;1;1;1;1;1;0;1;1;1
791;1;1;1;1;1;1;1;1;2
792;1;1;1;0;1;1;0;0;0
793;1;1;1;1;1;0;0;0;0
794;1;1;1;1;1;2;0;1;1
795;1;1;1;1;1;0;1;1;1
796;1;1;1;1;1;NA;2;1;1
797;1;1;1;1;1;0;1;1;1
798;1;1;1;1;1;NA;2;2;3
799;1;1;1;1;1;1;2;1;1
800;1;1;1;1;1;1;2;1;1
801;1;1;1;1;2;3;4;1;3
802;1;1;1;1;1;1;2;1;1
803;1;1;1;1;1;1;0;1;1
804;1;1;1;1;1;0;1;1;1
805;1;1;1;1;1;0;1;1;1
806;1;2;1;2;2;2;1;1;1
807;1;1;1;1;1;0;1;1;1
808;1;1;1;1;1;1;0;1;1
809;1;1;1;2;3;2;NA;1;1
810;1;1;1;0;0;0;0;1;1
811;1;1;1;1;1;0;1;1;1
812;1;1;1;1;1;1;2;3;3
813;1;1;1;1;1;1;2;1;1
814;1;1;1;1;1;0;1;1;0
815;1;1;1;1;1;NA;0;0;NA
816;1;1;1;1;1;1;2;1;1
817;1;1;1;1;1;1;NA;2;2
818;1;1;1;1;1;0;NA;1;1
819;1;1;1;0;1;NA;NA;1;1
820;1;1;1;1;1;1;1;2;2
821;1;1;1;1;1;0;1;1;1
822;1;1;1;1;1;NA;2;2;2
823;1;1;1;1;1;0;1;1;1
824;1;1;1;1;1;0;3;1;1
825;1;1;1;2;1;3;1;1;1
826;1;1;1;1;1;0;1;1;1
827;1;1;1;1;1;0;1;1;1
828;1;1;1;1;1;NA;2;1;1
829;1;1;1;1;1;NA;NA;1;0
830;1;1;1;1;0;3;1;1;1
831;1;1;1;1;0;1;1;1;1
832;1;1;1;1;1;2;1;2;1
833;1;1;1;1;1;1;1;1;0
834;1;2;0;0;4;2;0;0;1
835;1;1;1;1;1;1;0;1;1
836;1;1;1;1;1;0;1;1;1
837;1;1;1;0;0;1;1;1;1
838;1;1;1;1;1;1;2;1;1
839;1;1;1;1;1;1;0;1;1
840;1;1;1;1;1;1;2;1;1
841;1;1;1;1;2;1;NA;1;1
842;1;1;1;1;1;1;2;2;2
843;1;1;1;1;1;1;2;2;2
844;1;1;1;1;1;1;1;2;2
845;1;1;1;1;1;0;1;1;1
846;1;1;1;1;1;NA;0;1;1
847;1;1;1;1;1;NA;1;2;2
848;1;1;1;1;1;NA;0;0;0
849;1;1;1;1;1;2;1;1;1
850;1;1;1;1;1;1;1;2;1
851;1;1;1;1;1;1;1;2;1
852;1;1;1;0;1;1;1;1;1
853;1;1;1;1;1;0;0;3;1
854;1;1;1;1;1;1;2;1;1
855;1;1;1;1;1;1;1;1;2
856;1;1;1;1;1;1;2;1;1
857;1;0;1;0;1;0;NA;0;0
858;1;1;2;2;2;2;2;2;2
859;1;1;1;1;1;0;1;1;1
860;1;1;1;1;1;0;1;1;1
861;1;1;1;1;1;NA;0;1;1
862;1;1;1;1;1;0;1;1;1
863;1;1;1;1;1;NA;1;1;2
864;1;2;1;2;2;NA;3;1;4
865;1;1;1;1;1;2;1;1;1
866;1;1;1;1;1;NA;2;1;1
867;1;1;1;1;1;0;1;1;1
868;1;1;1;2;1;NA;1;1;1
869;1;1;1;1;1;NA;2;2;2
870;1;1;2;1;1;1;1;1;1
871;1;1;1;1;1;2;1;1;2
872;1;1;1;1;1;1;2;1;2
873;1;1;1;1;1;1;1;2;3
874;1;1;1;1;1;1;0;3;3
875;1;1;1;1;1;1;1;2;2
876;1;1;1;1;1;1;1;1;0
877;1;1;1;2;1;1;1;1;NA
878;1;1;1;1;1;0;1;1;NA
879;1;1;1;1;0;1;0;1;0
880;1;1;1;1;NA;0;NA;1;NA
881;1;2;1;1;NA;2;NA;1;NA
882;1;1;1;1;2;1;3;1;1
883;1;1;1;2;2;2;1;1;0
884;1;1;1;1;1;0;1;1;1
885;1;2;1;1;1;1;1;1;1
886;1;1;1;1;1;1;2;1;1
887;1;1;1;1;1;1;1;1;2
888;1;1;1;1;1;1;2;2;2
889;1;1;1;1;1;1;2;0;0
890;1;1;1;1;1;1;1;2;3
891;1;1;1;1;1;1;0;1;1
892;1;1;1;1;1;0;NA;1;1
893;1;1;1;1;1;1;1;1;2
894;1;1;1;1;1;1;1;1;2
895;1;1;1;1;1;1;1;1;2
896;1;1;1;1;1;0;0;0;0
897;1;1;1;1;1;1;2;3;3
898;1;1;1;1;1;1;2;3;4
899;1;1;1;1;1;0;NA;NA;NA
900;1;1;1;1;1;1;2;2;2
901;1;1;1;1;1;1;1;0;0
902;1;1;1;1;1;1;1;2;3
903;1;1;1;1;1;2;1;1;1
904;1;2;1;1;1;1;1;1;1
905;1;NA;1;1;0;0;1;1;1
906;1;1;1;1;1;1;0;1;1
907;1;1;1;1;1;1;1;2;1
908;1;1;1;1;1;1;2;1;1
909;1;1;1;1;1;2;1;1;1
910;1;1;1;1;1;1;1;2;3
911;1;1;1;1;1;1;2;1;1
912;1;1;1;1;1;1;NA;1;0
913;1;1;1;2;1;1;NA;1;1
914;1;1;1;1;1;1;2;1;1
915;1;1;1;1;1;1;0;0;1
916;1;1;1;1;1;2;1;1;1
917;1;1;1;1;1;1;2;1;1
918;1;1;1;1;1;1;0;1;1
919;1;1;1;1;1;1;NA;1;2
920;1;1;1;1;1;1;2;3;2
921;1;1;1;1;1;0;0;1;1
922;1;1;1;1;2;NA;NA;1;1
923;1;1;1;1;1;1;2;3;3
924;1;1;1;1;1;0;1;1;1
925;1;1;1;2;1;NA;3;4;4
926;1;1;1;1;1;NA;2;1;1
927;1;0;0;0;0;0;0;0;0
928;1;1;1;1;1;0;0;1;1
929;1;1;1;1;1;1;1;2;2
930;1;1;1;1;1;1;1;1;0
931;1;1;1;1;1;1;1;2;3
932;1;1;1;2;2;3;4;1;1
933;1;1;1;1;1;0;1;1;1
934;1;1;1;1;1;0;1;1;1
935;1;1;1;1;1;NA;2;1;1
936;1;1;1;1;1;NA;1;1;2
937;1;1;1;1;0;NA;0;1;NA
938;1;1;1;1;1;1;1;2;1
939;1;1;1;1;1;0;1;1;1
940;1;1;1;1;1;NA;2;0;0
941;1;1;1;1;1;0;1;1;1
942;1;1;1;1;1;NA;1;2;2
943;1;1;1;1;1;NA;0;0;1
944;1;1;1;1;1;NA;NA;NA;2
945;1;1;1;1;1;NA;NA;NA;2
946;1;1;1;1;1;0;0;1;1
947;1;1;1;1;1;1;1;2;2
948;1;1;1;1;1;0;1;1;1
949;1;1;1;1;1;NA;2;1;1
950;1;1;1;1;1;0;1;1;1
951;1;1;1;1;0;1;1;1;1
952;1;1;1;1;1;0;1;1;1
953;1;1;1;1;1;NA;1;2;2
954;1;1;1;1;0;0;0;0;0
955;1;1;1;1;1;2;1;1;1
956;1;1;1;1;1;0;1;1;1
957;1;1;1;1;1;NA;0;1;1
958;1;2;2;2;2;NA;1;1;1
959;1;1;1;1;0;1;1;1;1
960;1;1;1;1;NA;1;2;2;2
961;1;1;1;1;1;1;1;2;2
962;1;1;1;1;2;1;1;1;1
963;1;1;1;1;1;1;2;2;2
964;1;1;1;1;1;1;2;1;1
965;1;1;1;1;1;1;1;1;2
966;1;1;1;1;1;1;1;1;0
967;1;1;1;1;1;1;1;1;0
968;1;1;1;1;1;0;1;1;0
969;1;1;1;1;1;0;1;1;1
970;1;1;1;1;2;NA;1;1;1
971;1;1;1;1;1;0;1;1;1
972;1;0;1;0;1;NA;1;1;1
973;1;1;1;1;1;NA;0;1;1
974;1;1;1;1;1;2;2;3;1
975;1;1;1;1;1;1;1;1;2
976;1;1;1;1;1;0;3;0;0
977;1;1;1;1;1;1;2;1;1
978;1;1;1;1;1;1;2;1;1
979;1;1;1;1;1;2;2;1;1
980;1;1;1;1;1;0;1;1;1
981;1;1;1;1;1;NA;2;2;1
982;1;1;1;1;0;1;1;1;1
983;1;1;1;1;1;1;1;1;2
984;1;1;1;1;1;1;0;1;1
985;1;1;1;1;1;1;1;1;2
986;1;1;1;1;1;0;1;1;1
987;1;1;1;1;1;NA;2;1;1
988;1;1;1;1;1;NA;0;1;1
989;1;1;1;1;1;NA;1;0;1
990;1;1;1;1;1;2;1;1;1
991;1;1;1;2;2;NA;1;1;1
992;1;1;1;1;1;0;1;1;1
993;1;1;1;1;1;2;1;1;1
994;1;1;1;1;1;0;1;1;1
995;1;1;1;1;1;NA;2;3;3
996;1;1;1;1;1;0;1;1;1
997;1;1;1;0;0;NA;1;3;1
998;1;2;1;NA;NA;NA;1;NA;3
999;1;1;1;0;0;NA;1;1;3
1000;1;1;1;2;2;NA;3;4;5
1001;1;1;1;1;1;NA;2;1;3
1002;1;1;1;1;1;NA;0;0;1
1003;1;1;1;1;1;NA;NA;NA;2
1004;1;1;1;1;1;0;1;1;1
1005;1;1;1;1;1;2;1;1;1
1006;1;1;1;1;1;0;1;1;1
1007;1;1;1;1;1;NA;2;1;1
1008;1;1;1;1;1;NA;0;1;1
1009;1;1;1;1;2;NA;NA;1;1
1010;1;1;1;1;1;0;1;1;1
1011;1;1;1;1;2;NA;3;1;1
1012;1;1;1;1;1;0;1;1;1
1013;1;1;1;1;1;NA;2;3;3
1014;1;1;1;1;1;NA;1;0;0
1015;1;1;1;1;1;NA;2;3;3
1016;1;1;1;1;1;NA;0;1;1
1017;1;1;1;1;1;NA;NA;1;0
1018;1;0;0;0;0;0;0;0;0
1019;1;1;2;2;2;3;2;2;2
1020;1;1;1;1;1;0;1;1;1
1021;1;1;1;1;1;0;1;1;1
1022;1;1;1;1;1;1;0;1;0
1023;1;1;1;1;1;1;1;1;2
1024;1;1;1;1;1;0;1;1;NA
1025;1;1;1;1;1;1;1;2;1
1026;1;1;1;1;1;2;1;1;3
1027;1;1;1;1;1;2;1;1;2
1028;1;2;2;1;2;2;3;1;1
1029;1;1;1;1;1;0;1;2;0
1030;1;1;1;1;1;2;1;1;1
1031;1;1;1;1;1;2;1;1;1
1032;1;1;1;1;1;NA;2;2;2
1033;1;1;1;1;1;2;1;1;1
1034;1;1;1;1;1;1;0;1;1
1035;1;1;1;1;1;1;1;2;3
1036;1;1;2;3;1;0;3;NA;NA
1037;1;1;1;1;1;2;1;NA;NA
1038;1;1;1;1;1;0;3;1;0
1039;1;1;1;1;1;0;1;1;1
1040;1;1;1;1;1;1;0;3;3
1041;1;1;1;1;2;1;NA;NA;NA
1042;1;1;1;1;1;2;NA;NA;NA
1043;1;1;1;1;2;1;0;1;1
1044;1;1;1;1;NA;2;NA;1;1
1045;1;1;1;1;NA;0;NA;0;0
1046;1;1;1;1;1;1;2;1;1
1047;1;1;1;1;1;1;2;1;1
1048;1;1;2;1;1;1;1;1;1
1049;1;1;1;1;1;1;1;2;3
1050;1;1;1;1;1;1;1;1;0
1051;1;1;1;1;1;1;2;1;1
1052;1;1;1;2;1;1;1;1;1
1053;1;1;1;2;1;2;3;2;2
1054;1;1;1;1;2;1;1;1;1
1055;1;1;1;1;1;2;2;2;2
1056;1;1;1;1;1;2;1;1;1
1057;1;1;1;1;1;1;1;2;1
1058;1;1;1;1;1;1;2;1;1
1059;1;1;1;1;1;1;0;0;0
1060;1;1;1;1;1;1;0;1;1
1061;1;1;1;1;1;1;2;1;1
1062;1;1;1;2;1;1;1;3;3
1063;1;1;1;1;1;1;1;2;1
1064;1;1;1;2;2;0;1;NA;1
1065;1;1;1;1;1;0;1;NA;1
1066;1;1;1;2;1;1;1;NA;1
1067;1;1;1;1;1;2;3;4;5
1068;1;1;1;1;1;1;1;2;1
1069;1;1;1;1;1;1;2;0;0
1070;1;1;1;1;1;1;1;2;2
1071;1;1;1;2;1;1;1;NA;NA
1072;1;0;1;NA;0;1;1;NA;NA
1073;1;1;1;2;1;1;1;NA;NA
1074;1;1;1;1;1;1;1;2;1
1075;1;1;1;1;1;1;2;1;1
1076;1;1;1;1;1;1;0;1;1
1077;1;1;1;1;1;1;NA;0;1
1078;1;1;1;1;1;1;1;2;2
1079;1;1;1;0;0;0;0;NA;NA
1080;1;1;1;1;1;0;1;NA;NA
1081;1;1;1;2;2;NA;1;NA;NA
1082;1;0;0;1;0;1;1;NA;NA
1083;1;1;1;0;3;3;3;NA;NA
1084;1;1;1;1;1;1;1;1;2
1085;1;1;1;1;1;1;1;2;1
1086;1;1;1;1;1;1;2;3;3
1087;1;1;1;2;1;1;3;3;4
1088;1;1;1;1;1;1;1;2;1
1089;1;1;1;1;1;0;0;NA;1
1090;1;1;1;1;1;1;0;0;0
1091;1;1;1;1;1;1;2;1;1
1092;1;1;1;1;1;0;NA;1;1
1093;1;1;1;1;1;1;1;1;2
1094;1;1;1;1;1;1;1;1;2
1095;1;1;1;1;1;1;1;1;2
1096;1;1;1;1;1;2;1;1;1
1097;1;1;1;1;2;1;1;1;1
1098;1;1;1;1;2;1;1;1;1
1099;1;1;1;1;1;1;1;0;0
1100;1;1;1;1;1;1;1;0;1
1101;1;1;1;0;1;1;1;1;1
1102;1;1;1;1;2;1;1;1;1
1103;1;1;1;1;1;2;1;1;1
1104;1;1;1;1;1;0;1;0;0
1105;1;1;1;1;1;1;1;2;3
1106;1;1;1;1;1;2;1;NA;NA
1107;1;1;1;0;1;1;1;1;1
1108;1;1;1;NA;1;0;1;1;0
1109;1;1;1;1;2;1;1;1;1
1110;1;1;1;2;2;1;3;1;2
1111;1;1;1;1;1;1;2;3;3
1112;1;1;1;1;1;1;1;1;2
1113;1;1;1;1;1;0;1;1;1
1114;1;1;1;1;1;NA;2;1;1
1115;1;1;1;1;1;1;2;2;2
1116;1;1;1;1;1;0;1;1;1
1117;1;1;1;1;1;NA;0;1;1
1118;1;1;1;1;1;1;2;1;1
1119;1;1;1;2;1;1;1;1;1
1120;1;1;1;NA;1;1;1;1;2
1121;1;1;1;1;1;2;1;3;4
1122;1;1;1;1;1;1;2;3;4
1123;1;1;1;1;1;2;NA;NA;NA
1124;1;1;1;1;1;0;NA;NA;NA
1125;1;1;1;1;1;0;0;0;0
1126;1;1;1;1;1;1;1;2;2
1127;1;1;1;1;1;2;2;1;1
1128;1;1;1;1;1;2;1;1;1
1129;1;1;1;2;1;NA;3;2;2
1130;1;1;1;1;1;0;1;1;1
1131;1;1;1;1;1;0;1;1;1
1132;1;1;1;1;1;NA;2;3;3
1133;1;1;1;1;1;NA;2;1;1
1134;1;1;1;1;1;NA;1;2;3
1135;1;1;1;1;1;NA;0;1;1
1136;1;1;1;1;1;NA;0;0;0
1137;1;1;1;1;1;NA;2;1;2
1138;1;1;1;1;1;NA;0;1;0
1139;1;1;1;1;1;NA;1;2;1
1140;1;1;1;1;1;NA;0;1;1
1141;1;1;1;1;1;NA;1;2;2
1142;1;1;1;2;2;NA;1;1;1
1143;1;1;1;1;1;NA;0;1;0
1144;1;1;1;1;1;NA;2;1;1
1145;1;1;1;1;1;NA;1;1;2
1146;1;1;1;1;1;1;2;1;1
1147;1;1;1;1;1;0;1;1;1
1148;1;1;1;1;1;1;1;0;0
1149;1;1;1;1;2;1;1;1;1
1150;1;1;1;1;1;0;1;1;1
1151;1;1;1;1;2;1;1;1;1
1152;1;1;1;1;NA;0;1;1;1
1153;1;1;1;1;NA;1;2;2;2
1154;1;1;1;1;1;1;1;1;0
1155;1;1;1;1;1;1;1;1;2
1156;1;1;1;1;1;1;2;3;3
1157;1;1;1;1;1;0;NA;NA;NA
1158;1;1;1;1;1;2;3;4;4
1159;2;1;1;1;1;1;1;1;1
1160;1;1;1;2;3;0;1;1;0
1161;1;1;1;1;1;0;1;1;1
1162;1;1;1;1;1;1;2;3;4
1163;1;1;1;1;2;1;1;2;1
1164;1;1;1;1;1;1;1;1;0
1165;1;1;1;1;2;2;2;2;2
1166;1;1;1;1;1;1;2;1;1
1167;1;1;1;1;1;0;3;1;1
1168;1;1;1;1;1;0;1;1;1
1169;1;1;1;1;1;NA;2;1;2
1170;1;1;1;2;1;NA;1;2;1
1171;1;1;1;1;1;NA;0;1;1
1172;1;1;1;1;1;NA;NA;2;1
1173;1;1;1;2;2;NA;NA;1;1
1174;1;1;1;1;1;1;2;2;1
1175;1;1;1;1;1;2;1;1;1
1176;1;1;1;1;1;1;2;3;3
1177;1;1;1;1;1;2;1;1;1
1178;1;1;1;1;1;NA;1;0;0
1179;1;1;1;1;1;0;1;1;1
1180;1;1;1;1;1;NA;2;1;1
1181;1;1;1;1;1;1;2;1;1
1182;1;0;1;0;1;0;NA;0;0
1183;1;1;1;1;1;0;NA;1;1
1184;1;1;1;1;1;1;1;1;0
1185;1;1;1;1;1;0;1;1;NA
1186;1;1;1;1;1;0;1;1;1
1187;1;1;1;0;0;NA;1;1;0
1188;1;1;1;1;1;NA;2;1;1
1189;1;1;1;1;1;NA;0;1;1
1190;1;1;1;1;1;1;0;1;1
1191;1;1;1;1;1;2;NA;1;1
1192;1;2;2;2;2;2;NA;2;2
1193;1;1;1;1;1;0;1;1;1
1194;1;1;1;1;1;NA;2;2;2
1195;1;1;1;1;1;NA;2;1;1
1196;1;1;1;1;1;0;1;1;1
1197;1;1;1;1;1;1;2;3;2
1198;1;1;2;1;1;1;1;3;3
1199;1;1;1;1;1;0;1;1;0
1200;1;1;1;1;1;0;3;1;4
1201;1;1;1;1;1;1;1;1;2
1202;1;1;1;1;1;0;1;1;1
1203;1;1;1;1;0;1;1;1;1
1204;1;1;1;1;1;2;2;1;1
1205;1;1;1;1;1;1;2;1;1
1206;1;1;1;1;1;1;2;1;1
1207;1;1;1;1;1;0;1;1;1
1208;1;1;1;2;3;NA;1;1;1
1209;1;1;1;1;1;NA;2;1;1
1210;1;0;1;0;0;NA;NA;1;3
1211;1;1;1;1;1;2;1;1;1
1212;1;1;1;1;1;2;1;1;1
1213;1;1;1;1;2;3;2;1;1
1214;1;2;2;1;1;2;2;2;1
1215;1;1;1;1;1;0;1;0;0
1216;1;1;1;1;1;1;2;2;2
1217;1;1;1;2;1;3;NA;NA;NA
1218;1;1;1;1;2;1;1;1;1
1219;1;1;1;1;1;2;1;1;1
1220;1;1;1;1;0;1;1;1;1
1221;1;1;1;1;NA;2;1;1;1
1222;1;1;1;1;0;0;0;1;1
1223;1;2;1;1;NA;NA;NA;1;1
1224;1;1;1;1;2;3;4;5;6
1225;1;1;1;1;1;1;1;0;0
1226;1;1;1;1;2;1;1;NA;NA
1227;1;1;1;1;1;0;1;NA;NA
1228;1;1;1;1;1;0;1;1;1
1229;1;1;1;1;1;NA;2;1;1
1230;1;1;1;1;1;NA;2;1;1
1231;1;1;1;1;1;NA;2;1;1
1232;1;1;0;0;0;0;0;0;0
1233;1;2;NA;NA;NA;NA;NA;NA;NA
1234;1;1;1;1;0;1;1;1;1
1235;1;1;1;1;1;0;1;1;1
1236;1;1;1;1;1;1;0;1;1
1237;1;1;1;1;1;1;NA;0;0
1238;1;1;1;1;1;1;2;2;2
1239;1;0;0;0;0;0;0;0;0
1240;1;1;1;1;1;0;1;1;1
1241;1;1;1;0;0;NA;0;1;1
1242;1;1;1;1;1;NA;1;0;0
1243;1;0;1;1;1;NA;1;1;1
1244;1;1;1;2;2;NA;1;3;3
1245;1;1;1;2;1;1;1;1;1
1246;1;1;1;1;1;0;1;1;1
1247;1;1;1;1;1;NA;2;1;1
1248;1;1;1;1;1;0;1;1;1
1249;1;1;1;1;1;NA;1;1;2
1250;1;1;1;2;1;1;1;1;1
1251;1;1;1;1;1;0;1;1;1
1252;1;1;1;1;1;NA;1;1;2
1253;1;1;1;1;0;NA;1;1;1
1254;1;1;1;1;1;1;1;1;2
1255;1;1;1;1;1;0;1;1;1
1256;1;1;1;1;1;0;3;1;4
1257;1;1;1;1;1;NA;NA;2;NA
1258;1;1;1;1;1;2;1;1;1
1259;1;1;1;1;1;NA;1;1;0
1260;1;2;1;1;1;1;1;1;1
1261;1;1;1;1;1;1;1;1;2
1262;1;1;1;1;1;2;3;4;4
1263;1;1;1;1;1;1;1;2;2
1264;1;1;1;2;1;0;0;1;0
1265;1;2;1;2;2;0;2;2;2
1266;1;1;1;1;1;1;1;1;2
1267;1;1;1;1;1;1;2;1;1
1268;1;1;1;1;1;1;1;2;3
1269;1;1;1;1;1;1;2;1;1
1270;1;1;1;1;1;1;2;1;1
1271;1;1;1;1;1;0;1;1;1
1272;1;1;1;0;0;NA;0;1;1
1273;1;1;1;1;2;NA;1;1;1
1274;1;1;1;1;1;0;1;1;1
1275;1;1;1;1;1;NA;0;1;0
1276;1;1;2;1;1;3;0;0;0
1277;1;1;1;1;1;0;0;1;1
1278;1;1;1;1;1;0;1;1;1
1279;1;2;2;2;3;4;4;3;1
1280;1;1;1;1;1;0;1;1;1
1281;1;1;1;1;0;0;0;0;1
1282;1;1;0;0;0;0;0;0;0
1283;1;1;1;1;1;1;2;1;1
1284;1;2;1;2;2;2;1;1;1
1285;1;1;1;1;1;2;1;1;1
1286;1;1;1;1;1;NA;2;1;1
1287;1;1;1;1;1;1;0;1;1
1288;1;1;1;1;1;1;NA;1;2
1289;1;1;1;1;1;0;1;1;1
1290;1;1;1;1;1;2;1;1;1
1291;1;1;1;1;1;2;1;1;2
1292;1;1;1;1;1;0;3;1;3
1293;1;1;1;1;1;1;1;0;1
1294;1;1;1;1;1;2;1;1;1
1295;1;1;1;1;1;NA;1;2;1
1296;1;1;1;1;1;1;2;1;1
1297;1;1;1;1;1;0;1;1;1
1298;1;1;1;1;1;1;1;2;2
1299;1;2;1;1;1;1;1;NA;NA
1300;1;1;1;1;1;0;1;1;1
1301;1;1;1;1;1;NA;1;2;1
1302;1;2;1;2;2;2;1;2;2
1303;1;1;1;1;1;0;1;1;1
1304;1;1;1;1;1;NA;1;2;1
1305;1;1;1;1;1;1;0;1;1
1306;1;1;1;1;1;0;1;1;1
1307;1;1;1;1;1;0;1;1;1
1308;1;1;1;1;1;NA;1;2;1
1309;1;1;1;1;1;1;0;1;1
1310;1;1;1;2;2;1;NA;1;1
1311;1;1;1;1;1;1;NA;2;2
1312;1;1;1;1;1;1;NA;2;2
1313;1;1;1;1;1;0;NA;NA;NA
1314;1;1;2;1;1;1;1;1;1
1315;1;1;1;1;1;1;2;1;1
1316;1;2;1;1;1;1;1;1;1
1317;1;1;1;1;1;2;1;1;1
1318;1;1;1;1;1;0;1;1;1
1319;1;1;1;1;1;NA;1;2;2
1320;1;1;1;1;1;1;0;1;1
1321;1;1;1;1;1;1;1;1;2
1322;1;1;1;1;1;2;1;1;1
1323;1;1;1;1;1;2;3;1;1
1324;1;1;1;1;1;0;1;1;1
1325;1;1;1;1;1;1;0;1;1
1326;1;1;1;1;1;2;NA;3;3
1327;1;1;1;1;1;0;NA;1;1
1328;1;1;1;1;1;2;3;1;1
1329;1;1;1;1;1;0;1;1;1
1330;1;1;1;1;1;2;3;4;4
1331;1;1;1;2;2;NA;NA;NA;NA
1332;1;1;1;1;0;0;1;0;0
1333;1;1;1;1;2;1;1;1;1
1334;1;1;1;1;1;1;0;0;0
1335;1;1;1;1;1;1;1;2;2
1336;1;1;1;0;1;0;1;NA;NA
1337;1;1;1;1;1;1;2;1;1
1338;1;1;1;1;0;1;1;1;1
1339;1;1;1;1;NA;1;0;1;1
1340;1;1;1;1;1;0;0;1;1
1341;1;1;1;1;1;0;1;1;1
1342;1;1;1;1;1;0;1;1;1
1343;1;1;1;1;1;1;2;1;1
1344;1;1;1;1;1;0;1;1;1
1345;1;1;1;2;1;NA;1;1;1
1346;1;1;1;1;1;NA;1;2;1
1347;1;1;1;1;1;2;1;1;1
1348;1;1;1;1;1;1;2;1;1
1349;1;1;0;1;1;1;NA;1;1
1350;1;1;1;1;1;0;0;1;1
1351;1;1;1;1;1;0;1;1;1
1352;1;1;1;1;1;NA;0;0;0
1353;1;2;2;1;1;NA;1;1;1
1354;1;1;1;1;1;NA;1;2;1
1355;1;1;1;1;1;NA;0;0;0
1356;1;1;1;1;3;NA;2;3;3
1357;1;1;1;1;2;NA;1;1;3
1358;1;2;1;1;1;1;1;1;1
1359;1;1;1;1;1;1;1;2;3
1360;1;1;1;1;1;1;1;2;1
1361;1;1;1;1;1;0;1;0;1
1362;1;1;1;1;1;1;2;1;1
1363;1;1;1;1;1;0;1;1;1
1364;1;1;1;2;2;NA;1;2;2
1365;1;1;1;1;1;NA;2;3;3
1366;1;1;1;1;1;1;2;2;2
1367;1;1;1;1;1;1;2;3;3
1368;1;1;1;1;1;2;1;1;1
1369;1;1;1;1;1;1;2;3;3
1370;1;1;1;1;1;1;1;1;2
1371;1;2;2;1;2;1;1;1;1
1372;1;1;1;1;1;1;2;2;2
1373;1;1;1;1;1;1;2;3;4
1374;1;1;1;2;1;1;NA;NA;NA
1375;1;1;1;1;1;1;2;2;2
1376;1;1;1;1;2;1;1;1;3
1377;1;1;1;1;1;1;2;1;1
1378;1;1;1;1;1;0;1;1;1
1379;1;1;1;1;2;NA;1;1;2
1380;1;2;1;1;1;1;1;1;1
1381;1;1;1;1;1;1;2;1;1
1382;1;1;1;1;1;1;0;1;1
1383;1;1;1;1;0;1;1;1;1
1384;1;2;1;3;4;3;1;0;2
1385;1;1;1;1;1;1;2;1;1
1386;1;1;1;1;1;1;1;2;2
1387;1;1;1;1;1;1;2;3;3
1388;1;1;1;1;1;1;1;2;2
1389;1;1;1;1;1;0;1;1;1
1390;1;1;1;1;1;NA;2;3;3
1391;1;1;1;1;0;1;1;1;1
1392;1;1;1;1;NA;1;1;2;1
1393;1;1;1;1;1;1;1;2;1
1394;1;1;1;1;1;2;1;1;1
1395;1;1;1;1;1;1;1;1;2
1396;1;1;1;1;1;0;1;1;1
1397;1;1;1;1;2;2;1;1;1
1398;1;1;1;1;1;0;1;1;1
1399;1;1;1;1;2;NA;1;1;1
1400;1;1;0;0;0;0;0;0;0
1401;1;2;2;1;1;1;1;3;3
1402;1;1;1;1;1;1;1;1;2
1403;1;1;1;1;1;1;2;1;1
1404;1;2;1;1;2;1;1;1;1
1405;1;1;1;1;1;1;2;1;1
1406;1;1;1;1;1;2;1;1;1
1407;1;1;1;1;1;1;0;3;3
1408;1;1;1;1;1;0;1;1;1
1409;1;1;1;1;1;1;0;1;1
1410;1;1;1;1;1;2;1;1;1
1411;1;1;1;1;0;1;0;1;1
1412;1;1;1;1;0;1;1;1;1
1413;1;1;1;1;1;1;2;1;1
1414;1;1;1;1;1;0;1;1;1
1415;1;1;1;1;1;NA;2;1;1
1416;1;1;1;1;1;0;1;1;1
1417;1;2;1;1;2;NA;3;1;1
1418;1;1;1;1;0;1;0;1;0
1419;1;1;1;1;1;0;1;1;1
1420;1;1;1;1;1;NA;1;1;0
1421;1;1;1;1;1;NA;2;2;2
1422;1;1;1;1;1;1;1;1;2
1423;1;1;1;1;1;1;2;1;1
1424;1;1;1;1;1;2;NA;1;1
1425;1;1;1;1;1;0;1;1;1
1426;1;1;1;1;1;NA;1;0;1
1427;1;1;1;1;1;NA;2;3;3
1428;1;1;1;1;1;1;2;3;3
1429;1;1;1;1;1;2;NA;NA;NA
1430;1;1;1;1;1;0;NA;NA;NA
1431;1;1;1;1;1;1;2;2;3
1432;1;1;1;1;1;2;1;1;1
1433;1;1;1;1;1;0;1;1;0
1434;1;1;1;1;1;1;0;0;1
1435;1;1;1;1;1;2;1;1;1
1436;1;1;1;1;1;NA;2;1;2
1437;1;1;1;1;1;NA;1;1;2
1438;1;1;1;1;1;NA;1;2;1
1439;1;1;1;1;1;1;1;0;0
1440;1;2;1;1;1;1;1;1;1
1441;1;NA;1;1;1;0;1;1;1
1442;1;NA;1;1;1;1;2;1;1
1443;1;1;1;1;1;0;0;1;1
1444;1;1;1;1;1;0;1;1;1
1445;1;1;1;1;1;1;1;1;0
1446;1;1;1;1;1;1;2;1;1
1447;1;1;1;1;2;1;1;1;1
1448;1;1;1;1;1;1;2;2;1
1449;1;1;1;1;1;1;1;0;0
1450;1;1;1;1;1;1;1;2;3
1451;1;1;1;1;1;0;1;NA;NA
1452;1;1;1;1;1;0;3;3;4
1453;1;1;1;1;1;2;1;3;3
1454;1;1;1;1;1;1;1;1;2
1455;1;1;1;1;1;0;1;3;3
1456;1;1;1;1;1;1;2;3;4
1457;1;1;1;0;0;0;NA;NA;NA
1458;1;1;1;1;1;0;1;1;1
1459;1;1;1;1;1;NA;0;1;1
1460;1;1;1;1;1;NA;1;2;2
1461;1;1;1;1;1;NA;2;1;1
1462;1;1;1;1;1;1;2;2;2
1463;1;1;1;2;1;1;2;2;2
1464;1;1;1;1;1;1;2;3;4
1465;1;1;1;1;1;1;1;1;2
1466;1;1;1;1;1;1;2;2;2
1467;1;1;1;1;1;2;NA;NA;NA
1468;1;1;1;1;1;1;1;1;2
1469;1;1;1;1;1;0;1;1;1
1470;1;1;1;1;1;NA;1;2;2
1471;1;1;1;1;2;NA;3;1;1
1472;1;1;1;1;1;NA;2;1;1
1473;1;1;1;1;1;NA;2;1;3
1474;1;1;1;1;1;NA;1;1;2
1475;1;1;1;1;0;NA;1;1;NA
1476;1;1;1;1;1;0;1;1;1
1477;1;1;1;1;1;NA;2;3;3
1478;1;1;1;1;1;1;2;1;1
1479;1;1;1;1;1;1;NA;0;0
1480;1;1;1;1;1;2;3;2;2
1481;1;1;1;1;1;1;2;3;4
1482;1;1;1;1;1;0;NA;NA;NA
1483;1;1;1;1;1;0;0;1;1
1484;1;1;1;0;0;NA;NA;1;0
1485;1;1;1;2;1;NA;NA;1;1
1486;1;1;1;1;1;1;2;3;3
1487;1;1;1;1;1;2;1;1;1
1488;1;1;1;1;1;0;1;1;1
1489;1;1;1;1;1;NA;2;2;2
1490;1;1;1;1;1;1;2;3;3
1491;1;1;1;1;0;3;NA;NA;NA
1492;1;1;1;1;1;0;NA;NA;NA
1493;1;1;1;1;1;0;1;1;1
1494;1;1;1;0;1;1;1;1;1
1495;1;1;1;1;1;0;0;1;1
1496;1;1;1;1;1;2;1;1;1
1497;1;1;1;1;1;0;1;1;1
1498;1;1;1;1;1;NA;2;1;1
1499;1;1;1;1;1;NA;NA;1;0
1500;1;1;1;1;1;0;1;1;1
1501;1;1;1;0;1;1;1;1;1
1502;1;1;1;NA;1;2;1;1;1
1503;1;1;1;NA;1;1;1;2;1
1504;1;1;1;1;1;1;1;1;2
1505;1;1;1;1;1;0;1;1;1
1506;1;1;1;1;1;NA;1;2;3
1507;1;1;1;1;1;NA;2;3;3
1508;1;2;1;1;1;NA;1;2;2
1509;1;1;1;1;1;NA;1;1;2
1510;1;1;1;1;1;NA;1;1;2
1511;1;1;1;1;1;2;1;1;1
1512;1;1;1;1;1;1;2;1;1
1513;1;1;1;1;2;1;NA;0;0
1514;1;1;1;1;1;2;1;1;1
1515;1;1;1;1;1;1;1;1;2
1516;1;1;1;1;1;2;1;1;1
1517;1;1;1;1;1;1;1;2;2
1518;1;1;1;1;1;1;1;0;0
1519;1;1;1;1;1;0;1;1;1
1520;1;1;1;1;1;1;2;3;3
1521;1;1;1;1;1;0;NA;NA;NA
1522;1;1;1;2;1;1;3;4;4
1523;1;1;1;NA;2;1;NA;NA;NA
1524;1;1;1;1;1;0;1;0;0
1525;1;1;1;1;1;1;2;1;1
1526;1;1;1;1;1;0;1;1;1
1527;1;1;1;1;1;NA;0;1;0
1528;1;1;1;1;1;1;0;1;0
1529;1;1;0;1;1;1;1;1;1
1530;1;1;1;1;1;0;1;1;1
1531;1;1;1;1;1;1;1;2;2
1532;1;1;1;1;1;1;2;1;1
1533;1;1;1;1;1;0;0;1;1
1534;1;1;1;1;1;1;2;1;1
1535;1;1;1;2;2;1;1;1;1
1536;1;1;1;0;1;0;1;1;1
1537;1;1;1;1;1;1;1;0;0
1538;1;1;1;1;1;2;3;NA;NA
1539;1;1;1;1;1;1;0;1;1
1540;1;1;1;1;1;2;NA;1;1
1541;1;1;1;1;1;2;NA;0;0
1542;1;1;1;1;2;NA;NA;NA;NA
1543;1;1;1;1;1;1;1;2;3
1544;1;1;1;1;1;0;1;NA;NA
1545;1;1;1;1;1;2;1;1;1
1546;1;1;1;1;1;0;0;0;0
1547;1;1;1;1;1;0;1;0;0
1548;1;1;1;1;1;0;1;1;1
1549;1;1;1;1;1;1;0;0;0
1550;1;1;1;1;1;1;2;1;1
1551;1;1;1;1;1;1;2;1;1
1552;1;1;1;1;1;1;2;1;1
1553;1;1;0;1;1;1;NA;1;1
1554;1;1;1;1;1;2;1;3;3
1555;1;1;1;1;1;1;2;1;1
1556;1;1;1;1;1;0;1;1;1
1557;1;1;1;1;1;NA;1;2;3
1558;1;1;1;1;1;1;1;2;1
1559;1;1;1;1;1;1;2;1;1
1560;1;1;1;1;1;1;2;1;1
1561;1;1;1;1;0;1;1;1;0
1562;1;1;1;1;1;1;2;1;1
1563;1;1;1;1;1;2;1;1;1
1564;1;1;1;2;3;NA;3;1;4
1565;1;1;1;1;1;NA;0;1;1
1566;1;1;1;1;2;1;1;1;1
1567;1;1;1;0;1;1;1;1;1
1568;1;1;1;2;1;1;1;1;1
1569;1;1;1;1;1;0;1;1;1
1570;1;1;1;2;1;NA;1;1;1
1571;1;1;1;1;1;1;1;2;2
1572;1;1;1;1;1;1;1;1;2
1573;1;1;1;1;1;1;2;2;2
1574;1;1;1;1;1;1;2;1;1
1575;1;1;1;1;1;1;2;3;3
1576;1;1;1;1;1;1;2;1;1
1577;1;2;1;1;1;1;2;1;1
1578;1;1;1;1;1;1;0;1;1
1579;1;1;1;1;1;0;1;0;1
1580;1;1;1;1;1;1;1;1;2
1581;1;1;1;1;1;1;1;1;2
1582;1;1;1;1;1;1;0;1;1
1583;1;1;1;1;1;0;0;0;0
1584;1;1;1;1;1;2;3;3;4
1585;1;1;1;1;1;1;1;2;1
1586;1;1;1;1;1;1;1;2;0
1587;1;1;1;1;1;1;1;1;2
1588;1;1;0;0;0;0;0;0;0
1589;1;1;1;0;0;0;1;1;1
1590;1;1;1;1;1;1;2;1;1
1591;1;1;1;1;1;1;1;1;2
1592;1;1;1;1;1;1;1;2;2
1593;1;1;1;1;1;1;0;1;1
1594;1;1;1;1;1;1;2;3;3
1595;1;1;1;1;1;1;2;2;2
1596;1;1;1;1;1;1;2;1;1
1597;1;1;1;1;0;1;1;0;0
1598;1;1;1;1;1;1;1;0;0
1599;1;1;1;1;1;2;1;2;1
1600;1;1;1;1;1;0;1;1;1
1601;1;1;1;1;1;NA;2;3;3
1602;1;1;1;1;1;1;1;1;2
1603;1;1;1;1;1;1;2;1;2
1604;1;1;1;1;1;0;1;1;1
1605;1;1;1;1;1;0;1;1;1
1606;1;1;1;1;1;0;1;1;1
1607;1;1;1;1;1;NA;2;3;3
1608;1;1;1;1;1;2;3;4;3
1609;1;1;1;1;1;1;2;1;1
1610;1;1;1;1;1;1;0;1;1
1611;1;1;1;1;1;1;NA;0;0
1612;1;1;1;1;1;1;2;0;0
1613;1;1;1;1;1;0;0;1;1
1614;1;1;1;1;1;0;0;3;3
1615;1;1;1;1;1;1;2;2;2
1616;1;1;1;1;0;0;1;1;0
1617;1;1;1;1;1;2;1;1;1
1618;1;1;1;1;1;1;2;1;1
1619;1;1;1;1;1;1;1;1;2
1620;1;1;1;1;1;0;1;1;1
1621;1;1;1;1;1;NA;1;2;1
1622;1;1;1;1;1;NA;2;1;1
1623;1;1;1;1;1;NA;NA;0;1
1624;1;1;1;1;1;2;3;1;1
1625;1;1;1;1;1;NA;NA;1;0
1626;1;1;1;1;0;0;NA;1;NA
1627;1;1;1;2;2;NA;NA;1;NA
1628;1;1;1;1;1;1;1;1;2
1629;1;1;1;1;1;0;1;1;1
1630;1;1;1;1;1;2;1;1;1
1631;1;1;1;1;1;NA;1;2;2
1632;1;1;1;1;1;NA;0;1;1
1633;1;1;1;1;1;1;2;2;2
1634;1;1;1;1;1;1;1;0;0
1635;1;1;1;1;1;0;1;1;1
1636;1;1;1;1;1;1;1;2;2
1637;1;1;1;1;1;0;1;1;1
1638;1;1;1;1;1;0;0;1;1
1639;1;1;1;1;1;1;2;3;3
1640;1;1;1;1;1;0;3;1;1
1641;1;1;1;1;1;0;3;3;1
1642;1;1;1;1;1;1;2;1;1
1643;1;1;1;1;1;0;0;0;0
1644;1;1;1;1;1;1;0;1;1
1645;1;1;1;1;1;2;1;1;1
1646;1;1;1;1;1;1;1;2;3
1647;1;1;1;1;1;2;1;1;1
1648;1;1;1;1;1;0;1;1;1
1649;1;1;1;1;1;NA;0;1;1
1650;1;1;1;2;2;NA;2;3;3
1651;1;1;1;1;1;NA;2;1;1
1652;1;0;1;0;0;NA;3;1;1
1653;1;1;1;1;1;NA;2;1;1
1654;1;1;1;1;1;NA;1;0;1
1655;1;1;1;1;1;2;1;1;1
1656;1;1;1;1;1;NA;2;1;3
1657;1;1;1;1;1;NA;0;0;0
1658;1;1;1;1;1;NA;1;1;0
1659;1;1;1;1;0;NA;1;1;NA
1660;1;1;1;1;1;NA;1;0;NA
1661;1;1;1;1;0;NA;1;1;1
1662;1;1;1;1;0;NA;1;1;1
1663;1;1;0;0;0;0;0;0;0
1664;1;1;1;1;1;1;2;3;1
1665;1;1;1;1;1;0;NA;NA;1
1666;1;2;1;1;1;NA;NA;NA;1
1667;1;1;1;2;2;NA;NA;NA;1
1668;1;1;1;1;1;NA;NA;NA;2
1669;1;1;1;1;1;1;1;2;2
1670;1;1;1;1;1;1;0;NA;NA
1671;1;1;1;1;1;1;1;0;0
1672;1;1;1;1;1;1;2;1;1
1673;1;1;1;1;1;1;2;1;1
1674;1;1;1;0;1;3;1;1;1
1675;1;1;1;1;1;0;0;1;1
1676;1;1;1;1;1;1;2;1;1
1677;1;1;1;2;2;2;NA;1;1
1678;1;1;1;1;1;0;1;3;3
1679;1;1;1;1;1;0;1;1;1
1680;1;1;1;1;1;NA;0;1;1
1681;1;1;1;1;1;0;1;1;1
1682;1;1;1;1;1;2;1;1;1
1683;1;1;1;1;0;1;1;1;1
1684;1;1;1;1;1;2;1;1;1
1685;1;1;1;1;1;0;0;0;0
1686;1;1;1;1;1;2;0;1;4
1687;1;1;1;1;1;1;2;1;1
1688;1;1;1;2;2;2;2;1;2
1689;1;1;1;1;1;1;2;1;1
1690;1;1;1;1;1;0;1;1;1
1691;1;1;1;1;1;NA;1;1;2
1692;1;1;1;1;1;NA;0;1;1
1693;1;1;1;1;1;1;2;2;2
1694;1;1;1;1;1;1;2;1;1
1695;1;1;1;1;1;0;1;1;1
1696;1;1;1;1;1;2;1;1;1
1697;1;2;2;2;2;2;2;1;1
1698;1;1;1;1;1;2;2;1;1
1699;1;1;1;1;1;NA;NA;1;0
1700;1;1;1;1;1;1;2;1;1
1701;1;1;1;2;1;3;1;1;1
1702;1;1;1;1;1;1;2;2;2
1703;1;1;1;1;1;0;1;1;1
1704;1;1;1;1;1;NA;2;2;3
1705;1;1;1;1;2;NA;NA;NA;NA
1706;1;1;1;1;1;2;1;1;1
1707;1;1;1;1;1;NA;2;3;3
1708;1;1;1;1;1;NA;2;1;1
1709;1;1;1;1;1;0;1;1;1
1710;1;1;1;2;2;NA;2;2;2
1711;1;0;1;1;1;NA;1;1;1
1712;1;1;1;1;1;1;0;1;1
1713;1;1;1;1;1;2;1;1;1
1714;1;1;1;1;1;0;1;1;1
1715;1;1;1;1;1;2;1;1;1
1716;1;1;2;1;1;1;1;1;1
1717;1;1;1;1;1;0;1;3;3
1718;1;1;1;1;1;1;2;1;1
1719;1;1;1;1;1;1;0;1;1
1720;1;1;1;1;2;1;NA;1;1
1721;1;1;1;1;1;1;0;3;3
1722;1;1;1;1;1;1;2;2;2
1723;1;1;1;1;1;1;2;2;2
1724;1;1;1;1;1;0;1;1;1
1725;1;1;1;1;1;1;2;1;1
1726;1;1;1;1;1;0;1;1;1
1727;1;1;1;1;1;NA;1;1;0
1728;1;1;1;1;1;NA;1;0;0
1729;1;1;1;1;1;NA;2;1;1
1730;1;1;2;1;1;1;1;1;1
1731;1;1;1;1;1;1;0;1;1
1732;1;1;1;1;1;1;NA;0;0
1733;1;1;1;2;1;1;1;1;1
1734;1;1;1;NA;2;2;1;1;1
1735;1;1;1;1;1;0;1;1;1
1736;1;1;1;1;1;NA;2;1;1
1737;1;1;1;1;1;2;1;1;1
1738;1;1;1;1;1;1;1;1;2
1739;1;1;1;1;1;2;1;1;1
1740;1;1;1;1;1;1;2;2;3
1741;1;1;1;1;1;1;2;2;2
1742;1;1;1;1;1;0;1;1;1
1743;1;1;1;1;1;NA;2;0;0
1744;1;1;1;1;1;1;1;2;2
1745;1;1;1;1;1;1;1;1;0
1746;1;2;1;2;2;1;1;1;1
1747;1;1;1;1;1;1;0;1;1
1748;1;1;1;1;1;0;1;1;1
1749;1;1;1;1;1;1;2;1;1
1750;1;1;1;1;2;1;NA;1;1
1751;1;1;1;1;1;1;2;1;1
1752;1;1;1;1;1;1;2;2;2
1753;1;1;1;1;1;2;1;1;1
1754;1;1;1;1;1;0;1;1;1
1755;1;1;1;1;1;NA;2;2;2
1756;1;1;1;1;1;1;2;3;3
1757;1;1;1;1;1;1;2;3;3
1758;1;1;2;1;1;3;1;1;1
1759;1;1;1;1;1;1;2;1;1
1760;1;1;1;1;1;0;NA;1;1
1761;1;1;1;1;1;NA;NA;2;3
1762;1;1;1;1;2;NA;NA;1;1
1763;1;1;1;1;1;1;NA;2;2
1764;1;1;1;1;0;0;1;1;1
1765;1;1;1;1;1;1;2;2;2
1766;1;1;1;1;1;0;1;1;1
1767;1;1;1;1;1;0;1;1;1
1768;1;1;1;1;1;NA;2;1;1
1769;1;1;1;1;1;NA;2;3;3
1770;1;1;0;0;0;0;0;0;0
1771;1;1;1;1;1;1;1;2;2
1772;1;1;1;1;1;1;1;2;1
1773;1;1;1;1;1;0;1;NA;1
1774;1;1;1;1;2;1;1;NA;1
1775;1;1;1;1;1;1;1;2;2
1776;0;1;0;1;1;1;3;0;0
1777;1;0;1;0;0;0;0;0;0
1778;1;1;1;1;1;1;0;1;1
1779;1;1;1;1;1;0;1;1;1
1780;1;1;1;1;1;1;0;0;0
1781;1;1;1;1;1;1;1;2;2
1782;1;1;1;1;1;1;2;1;1
1783;1;1;1;1;1;0;NA;1;1
1784;1;1;1;1;1;1;2;1;1
1785;1;1;1;1;1;0;NA;1;1
1786;1;1;1;1;1;0;1;1;1
1787;1;1;1;1;1;1;1;0;1
1788;1;1;1;1;1;1;1;2;2
1789;1;1;1;1;1;1;2;1;1
1790;1;1;2;3;1;1;4;2;4
1791;1;1;1;1;0;1;1;1;1
1792;1;1;1;1;NA;1;2;3;4
1793;1;1;1;1;2;1;3;1;1
1794;1;1;1;1;1;1;2;2;2
1795;1;1;1;1;1;1;1;1;2
1796;1;1;1;1;1;2;2;1;1
1797;1;1;1;1;1;2;1;1;1
1798;1;1;1;1;1;0;1;1;1
1799;1;1;1;1;1;NA;1;1;2
1800;1;2;1;2;2;2;1;1;2
1801;1;1;0;1;1;1;0;0;0
1802;1;1;1;1;1;1;2;1;1
1803;1;1;1;1;1;1;2;1;1
1804;1;1;1;1;1;0;1;1;1
1805;1;1;1;1;1;0;1;1;1
1806;1;1;1;1;1;1;2;1;1
1807;1;0;1;1;1;1;1;0;1
1808;1;1;1;1;1;1;1;2;2
1809;1;1;2;2;2;2;2;1;1
1810;1;1;1;1;1;0;1;1;1
1811;1;1;1;1;1;2;3;3;3
1812;1;1;1;1;0;0;0;0;0
1813;1;1;1;1;1;0;1;1;1
1814;1;1;1;1;1;NA;1;2;1
1815;1;1;0;0;0;0;0;0;0
1816;1;1;1;1;1;1;1;2;1
1817;1;1;1;1;0;0;1;1;1
1818;1;1;1;1;1;0;1;1;1
1819;1;1;1;1;1;2;1;1;1
1820;1;1;1;1;1;0;1;1;1
1821;1;1;1;1;1;2;1;1;1
1822;1;1;1;1;1;0;1;1;0
1823;1;1;1;1;1;1;0;0;0
1824;1;1;1;1;1;1;2;2;2
1825;1;1;1;1;1;1;2;3;2
1826;1;1;1;1;0;1;0;0;0
1827;1;1;1;1;1;1;2;1;1
1828;1;1;1;1;1;1;2;1;1
1829;1;1;1;0;0;1;0;0;1
1830;1;1;1;1;1;1;1;2;1
1831;1;1;1;1;1;1;0;1;1
1832;1;1;1;1;1;1;2;1;1
1833;1;1;1;1;1;1;2;1;1
1834;1;1;1;1;1;1;2;1;1
1835;1;1;1;1;1;1;2;2;3
1836;1;1;1;1;1;0;NA;NA;NA
1837;1;1;1;1;1;0;1;1;1
1838;1;1;2;1;1;1;1;1;1
1839;1;1;1;1;1;1;1;1;2
1840;1;1;1;1;1;1;2;1;1
1841;1;1;1;1;1;1;1;2;1
1842;1;1;1;1;1;1;1;2;1
1843;1;1;1;1;1;1;2;2;2
1844;1;1;1;1;0;1;0;1;1
1845;1;1;1;1;1;1;2;1;1
1846;1;1;1;1;1;0;NA;1;1
1847;1;1;1;1;1;1;2;1;1
1848;1;1;1;1;1;1;1;1;2
1849;1;1;1;1;1;0;1;1;1
1850;1;1;1;1;1;NA;2;1;1
1851;1;1;1;1;1;NA;1;1;2
1852;1;1;1;1;1;NA;0;1;1
1853;1;1;1;1;1;NA;1;1;2
1854;1;1;1;1;1;0;1;1;1
1855;1;1;1;1;1;1;2;1;1
1856;1;1;1;1;2;1;NA;1;1
1857;1;1;1;1;1;1;1;1;2
1858;1;1;1;1;1;0;1;1;1
1859;1;1;1;1;1;NA;1;2;2
1860;1;1;1;2;2;NA;1;NA;NA
1861;1;1;1;1;1;0;1;1;1
1862;1;1;1;1;1;NA;1;2;2
1863;1;1;1;1;1;NA;1;2;1
1864;1;1;1;1;1;2;1;1;1
1865;1;1;1;1;1;2;1;1;1
1866;1;1;1;1;0;1;1;1;1
1867;1;1;1;1;1;0;1;1;1
1868;1;1;1;1;1;1;0;0;0
1869;1;1;1;1;1;1;2;1;1
1870;1;1;1;1;1;0;3;1;1
1871;1;1;1;1;1;0;1;1;1
1872;1;1;1;1;2;NA;1;1;1
1873;1;1;0;0;0;0;0;0;0
1874;1;1;1;1;0;0;0;0;0
1875;1;1;1;1;1;1;0;1;1
1876;1;1;1;2;2;2;1;1;1
1877;1;2;1;3;1;1;3;4;4
1878;1;1;1;2;2;2;3;3;3
1879;1;1;1;1;2;1;1;1;1
1880;1;1;1;1;1;1;1;1;0
1881;1;1;1;1;1;0;0;0;0
1882;1;1;1;1;1;1;2;1;3
1883;1;1;1;1;1;0;1;1;1
1884;1;1;1;1;2;3;3;1;1
1885;1;1;1;1;2;1;3;1;1
1886;1;1;1;2;1;1;2;2;2
1887;1;1;1;2;2;2;3;1;1
1888;1;1;1;1;1;0;1;1;1
1889;1;1;1;1;1;0;0;0;0
1890;1;1;1;1;1;1;0;0;0
1891;1;1;1;1;1;1;2;2;2
1892;1;1;1;1;1;0;1;1;1
1893;1;1;1;1;1;NA;2;1;1
1894;1;1;1;1;1;NA;1;1;2
1895;1;1;1;1;0;1;1;1;1
1896;1;1;1;1;1;1;1;1;0
1897;1;1;1;1;0;1;1;1;0
1898;1;1;1;1;2;1;1;1;3
1899;1;1;1;1;0;0;0;0;0
1900;1;1;1;1;1;1;2;2;2
1901;1;1;1;1;1;1;2;1;2
1902;1;1;1;1;1;0;0;1;0
1903;1;1;1;2;2;1;1;2;1
1904;1;1;1;1;1;0;3;4;4
1905;1;1;1;1;1;2;3;1;1
1906;1;1;1;1;1;1;2;1;1
1907;1;1;1;1;1;0;1;1;1
1908;1;1;1;1;1;1;2;0;0
1909;1;1;1;1;1;0;NA;NA;NA
1910;1;1;1;1;1;1;0;0;0
1911;1;1;1;1;1;0;3;4;4
1912;1;1;1;2;2;0;1;1;1
1913;1;1;1;1;1;1;2;1;1
1914;1;1;1;1;1;2;1;1;1
1915;1;1;1;1;1;2;2;2;1
1916;1;1;1;1;1;0;1;1;1
1917;1;1;1;1;1;0;1;1;1
1918;1;1;1;1;1;2;3;1;1
1919;1;1;1;1;1;2;1;1;1
1920;1;1;1;1;1;1;2;1;1
1921;1;1;1;1;1;1;2;2;2
1922;2;2;1;1;1;1;1;0;1
1923;1;1;1;1;1;0;1;1;1
1924;1;1;1;1;1;1;1;0;1
1925;1;1;1;2;3;4;5;NA;5
1926;1;1;1;1;1;1;2;1;1
1927;1;1;1;1;1;1;1;2;2
1928;1;1;1;1;1;2;1;1;1
1929;1;1;1;1;1;0;1;1;1
1930;1;1;1;1;2;NA;1;1;1
1931;1;1;1;1;1;1;2;1;1
1932;1;1;1;1;1;0;NA;1;1
1933;1;1;1;1;1;1;0;0;0
1934;1;1;1;1;1;1;1;2;3
1935;1;1;0;0;0;0;0;0;0
1936;1;1;1;1;1;1;1;0;1
1937;1;1;1;1;1;1;2;2;2
1938;1;1;1;2;1;1;1;1;1
1939;1;1;1;1;1;1;1;1;0
1940;1;1;1;1;1;1;2;1;1
1941;1;1;1;1;0;1;3;4;5
1942;1;1;1;1;1;1;2;1;1
1943;1;1;1;1;1;1;1;1;0
1944;1;1;1;1;1;1;2;2;2
1945;1;1;1;1;1;1;0;0;1
1946;1;1;1;1;1;1;1;2;1
1947;1;1;1;1;1;1;1;1;0
1948;1;1;1;1;1;0;1;1;1
1949;1;1;1;1;1;NA;2;3;1
1950;1;1;1;1;1;0;1;1;1
1951;1;1;1;1;1;1;2;2;2
1952;1;1;1;1;1;1;0;0;0
1953;1;1;1;1;1;1;0;1;1
1954;1;1;1;2;2;2;2;2;3
1955;1;1;1;2;2;3;1;2;2
1956;1;1;1;1;1;1;1;2;2
1957;1;1;1;1;1;0;1;1;1
1958;1;1;1;2;2;NA;1;1;1
1959;1;1;1;1;1;NA;2;2;2
1960;1;1;1;1;1;1;2;1;1
1961;1;1;1;1;1;0;1;1;1
1962;1;1;1;1;1;2;1;1;1
1963;1;1;1;1;1;0;1;1;1
1964;1;1;0;0;0;0;0;0;0
1965;2;1;NA;NA;NA;NA;NA;NA;NA
1966;1;1;1;1;1;1;1;2;2
1967;1;1;1;1;1;0;1;1;1
1968;1;1;1;1;1;0;0;0;0
1969;1;1;1;1;1;1;2;1;1
1970;1;1;1;1;1;1;1;1;2
1971;1;1;1;1;1;0;1;1;1
1972;1;1;1;1;1;1;2;2;2
1973;1;1;1;1;1;1;1;2;2
1974;1;1;1;1;1;1;2;1;1
1975;1;1;1;1;1;0;1;1;1
1976;1;1;1;1;1;1;2;3;2
1977;1;1;1;2;2;2;2;1;3
1978;1;1;1;1;1;0;1;1;1
1979;1;1;1;1;1;NA;2;2;2
1980;1;1;1;1;1;NA;1;0;0
1981;1;1;1;1;1;NA;2;3;4
1982;1;1;1;1;1;1;0;1;0
1983;1;1;1;1;1;1;2;1;1
1984;1;1;1;2;2;1;1;1;1
1985;1;1;1;1;1;1;1;1;0
1986;1;1;1;1;2;2;3;3;3
1987;1;1;1;0;1;1;1;1;1
1988;1;1;1;NA;1;1;2;1;1
1989;1;1;1;NA;1;1;NA;1;0
1990;1;1;1;NA;2;1;NA;1;1
1991;1;1;1;1;1;1;2;1;1
1992;1;1;1;1;1;2;1;1;1
1993;1;1;1;1;1;0;1;1;1
1994;1;1;1;1;1;NA;2;1;1
1995;1;1;1;1;1;NA;2;1;1
1996;1;1;1;1;2;NA;NA;1;1
1997;1;1;1;1;1;NA;NA;0;0
1998;1;1;1;1;1;2;1;2;1
1999;1;1;1;1;1;NA;2;NA;1
2000;1;1;1;1;1;1;1;1;0
2001;1;1;1;1;1;0;0;3;0
2002;1;1;1;1;2;1;1;1;1
2003;1;1;1;1;1;1;2;1;1
2004;1;1;1;1;1;0;0;0;0
2005;1;1;1;1;1;1;1;2;2
2006;1;1;1;1;1;1;2;1;1
2007;1;1;1;1;1;1;NA;0;0
2008;1;1;1;1;1;1;1;2;1
2009;1;1;2;1;1;1;2;2;3
2010;1;1;1;1;1;1;1;0;1
2011;1;1;1;1;1;1;0;0;0
2012;1;1;1;1;1;1;2;2;2
2013;1;1;1;1;1;1;2;2;2
2014;1;1;1;0;1;1;1;1;1
2015;1;1;1;NA;2;1;1;1;1
2016;1;1;1;NA;1;0;0;0;0
2017;1;1;1;1;1;1;2;1;1
2018;1;1;1;1;1;1;2;1;1
2019;1;1;1;1;1;1;1;2;2
2020;1;1;1;1;1;1;0;1;1
2021;1;1;1;2;1;1;1;1;1
2022;1;1;1;NA;1;2;1;1;1
2023;1;1;1;2;1;NA;2;1;1
2024;1;1;1;1;1;0;1;1;1
2025;1;1;1;1;1;NA;2;1;1
2026;1;1;1;1;1;0;1;1;1
2027;1;0;0;0;1;0;0;0;0
2028;1;1;1;1;1;1;1;2;2
2029;1;1;1;1;1;0;1;1;1
2030;1;1;1;1;2;NA;1;1;3
2031;1;1;1;1;1;0;1;1;1
2032;1;1;1;1;1;NA;2;1;1
2033;1;1;1;1;1;NA;1;1;0
2034;1;1;1;1;1;NA;1;1;2
2035;1;1;1;2;2;NA;2;2;2
2036;1;1;1;1;2;NA;1;1;1
2037;1;1;1;1;1;NA;2;1;1
2038;1;1;1;1;0;NA;NA;1;1
2039;1;1;1;1;1;1;1;2;1
2040;1;1;1;1;1;1;1;2;1
2041;1;1;1;1;1;2;2;2;2
2042;1;1;1;2;1;1;1;1;2
2043;1;1;1;1;1;1;2;1;1
2044;1;1;1;1;1;0;1;1;1
2045;1;1;1;1;1;1;0;1;0
2046;1;1;1;1;1;1;2;1;1
2047;1;1;1;1;1;0;1;1;1
2048;1;1;2;1;1;NA;1;1;1
2049;1;1;1;1;2;NA;2;2;1
2050;1;1;1;1;1;NA;0;1;1
2051;1;1;1;1;2;NA;NA;1;1
2052;1;1;1;1;1;1;1;1;2
2053;1;1;1;1;1;1;1;1;2
2054;1;1;1;1;1;1;2;2;2
2055;1;1;1;1;1;1;1;1;2
2056;1;1;1;1;1;1;2;2;2
2057;1;1;1;1;1;0;NA;NA;NA
2058;1;1;1;2;1;1;NA;NA;NA
2059;1;1;1;1;1;0;0;1;1
2060;1;1;1;1;1;1;2;2;2
2061;1;1;1;1;1;1;2;2;2
2062;1;1;1;1;1;1;1;1;2
2063;1;1;1;1;1;1;2;1;1
2064;1;1;1;1;1;0;3;4;5
2065;1;1;1;1;1;0;1;1;1
2066;1;1;1;1;1;1;2;1;1
2067;1;1;1;1;1;1;1;2;1
2068;1;1;1;1;1;1;1;1;2
2069;1;1;1;1;1;0;1;1;1
2070;1;1;1;1;1;1;1;2;1
2071;1;1;1;1;1;1;2;1;1
2072;1;1;1;1;2;1;1;1;1
2073;1;1;1;1;1;1;1;0;0
2074;1;1;1;1;1;1;1;1;2
2075;1;1;1;1;1;1;0;1;1
2076;1;1;1;1;1;1;0;3;3
2077;1;1;1;1;1;0;0;0;0
2078;1;1;1;1;1;1;1;1;2
2079;1;1;1;1;1;1;0;0;0
2080;1;0;1;0;0;0;1;1;1
2081;1;1;1;1;1;1;0;0;0
2082;1;1;1;1;1;1;0;0;1
2083;1;1;1;1;2;1;1;1;1
2084;1;1;1;1;1;1;1;1;2
2085;1;1;1;1;1;1;2;1;1
2086;1;1;1;1;1;1;1;2;1
2087;1;1;1;1;1;0;1;1;1
2088;1;1;1;1;1;NA;2;2;2
2089;1;1;1;1;1;NA;0;1;1
2090;1;1;1;1;1;NA;NA;0;0
2091;1;1;1;1;1;NA;1;1;2
2092;1;1;1;1;1;1;2;3;4
2093;1;0;1;0;0;0;NA;NA;NA
2094;1;1;1;1;2;1;1;1;1
2095;1;1;1;1;2;2;2;1;1
2096;1;1;1;1;2;0;4;5;6
2097;1;1;1;1;1;2;3;4;4
2098;1;1;1;1;2;0;0;NA;NA
2099;1;1;1;1;1;0;1;1;1
2100;1;1;1;1;1;2;3;1;1
2101;1;1;1;1;1;1;1;1;0
2102;1;1;1;1;1;0;1;1;1
2103;1;1;1;1;1;NA;1;0;0
2104;1;1;1;1;1;NA;1;1;0
2105;1;1;1;1;1;2;3;1;4
2106;1;1;1;1;1;1;2;1;1
2107;1;1;1;1;1;1;2;1;1
2108;1;1;1;1;2;1;1;1;1
2109;1;1;1;1;1;2;1;1;1
2110;1;1;1;1;1;1;2;1;1
2111;1;1;1;1;1;1;NA;1;2
2112;1;1;1;1;1;2;NA;1;1
2113;1;1;1;1;2;1;NA;1;1
2114;1;1;1;2;2;1;NA;1;1
2115;1;1;1;NA;NA;0;NA;1;1
2116;1;1;1;1;1;1;1;2;2
2117;1;1;1;1;1;1;0;0;1
2118;1;1;1;1;1;2;1;1;1
2119;1;1;1;1;1;1;1;1;0
2120;1;1;1;1;1;1;1;1;2
2121;1;1;1;1;1;0;1;1;NA
2122;1;1;1;1;1;1;2;2;2
2123;1;1;1;1;1;0;1;1;1
2124;1;2;2;2;2;2;1;2;2
2125;1;1;1;1;1;1;2;2;2
2126;1;1;1;1;1;1;1;2;3
2127;1;1;1;1;1;1;1;2;1
2128;1;1;1;1;1;1;1;2;2
2129;1;1;1;2;1;1;1;1;1
2130;1;1;1;1;1;0;1;1;1
2131;1;1;1;1;1;NA;1;0;0
2132;1;1;1;1;1;NA;0;NA;NA
2133;1;1;1;1;1;NA;0;NA;NA
2134;1;1;1;1;1;1;1;2;2
2135;1;1;1;1;1;1;1;1;2
2136;1;1;1;1;1;1;1;1;0
2137;1;1;1;1;1;1;2;1;1
2138;1;1;1;1;1;1;2;1;1
2139;1;1;1;1;1;1;0;1;1
2140;1;1;1;1;1;1;2;1;1
2141;1;1;1;1;2;1;1;1;1
2142;1;1;1;1;1;1;1;0;0
2143;1;1;1;1;1;1;0;1;1
2144;1;2;2;2;2;1;NA;2;2
2145;1;1;1;1;1;1;NA;2;2
2146;1;1;1;1;1;1;2;3;3
2147;1;1;1;1;1;1;2;2;2
2148;1;1;1;1;1;1;0;1;1
2149;1;1;1;1;1;1;1;2;3
2150;1;1;1;0;0;0;0;1;1
2151;1;1;1;1;1;1;2;1;3
2152;1;1;1;2;1;1;1;1;1
2153;1;1;1;0;0;1;1;1;1
2154;1;1;1;1;1;1;2;1;1
2155;1;1;1;2;2;1;NA;1;1
2156;1;1;1;1;1;1;1;2;2
2157;1;1;1;1;1;1;0;1;1
2158;1;1;1;1;1;1;2;1;1
2159;1;1;1;1;1;1;1;2;2
2160;1;1;1;1;1;1;2;NA;NA
2161;1;1;1;1;1;1;1;0;1
2162;1;1;1;1;1;1;0;1;1
2163;1;1;1;1;0;1;1;1;1
2164;1;1;1;1;1;1;2;3;4
2165;1;1;1;1;1;0;NA;NA;NA
2166;1;1;1;1;1;1;0;1;1
2167;1;1;1;1;1;1;2;1;1
2168;1;1;1;1;1;1;2;1;1
2169;1;1;1;1;1;2;1;1;1
2170;1;1;1;1;1;1;0;1;1
2171;1;1;1;1;1;0;3;1;1
2172;1;1;1;1;2;NA;NA;1;1
2173;1;1;1;1;1;1;2;1;1
2174;1;1;1;1;1;2;1;1;1
2175;1;1;1;1;1;1;1;2;3
2176;1;1;1;1;1;1;2;NA;NA
2177;1;1;1;1;1;0;1;1;1
2178;1;1;1;1;1;NA;0;1;1
2179;1;1;1;1;0;NA;NA;3;3
2180;1;1;1;1;1;1;0;1;1
2181;1;1;1;1;1;0;0;0;1
2182;1;1;1;1;1;0;1;0;1
2183;1;1;1;1;1;1;1;2;1
2184;1;1;1;1;1;0;1;1;0
2185;1;1;1;1;1;0;1;1;1
2186;1;1;1;1;0;1;1;1;1
2187;1;1;1;1;1;2;1;1;1
2188;1;1;1;1;1;0;1;1;1
2189;1;1;1;1;0;1;3;1;1
2190;1;2;1;2;2;3;1;1;1
2191;1;NA;1;NA;NA;NA;1;1;0
2192;1;1;1;1;1;1;1;1;2
2193;1;1;1;1;1;0;1;1;1
2194;1;1;1;1;1;1;1;2;2
2195;1;1;1;1;1;2;3;1;1
2196;1;1;1;1;0;1;1;1;1
2197;1;1;1;1;1;1;1;1;0
2198;1;1;1;1;1;1;2;1;1
2199;1;1;1;1;1;1;1;2;3
2200;1;1;1;1;1;1;0;1;1
2201;1;1;1;1;0;1;1;1;1
2202;1;1;1;1;2;1;3;1;1
2203;1;1;1;1;1;1;2;1;1
2204;1;1;1;1;1;1;NA;1;0
2205;1;1;1;1;1;1;NA;1;2
2206;1;1;1;1;1;0;NA;1;1
2207;1;1;1;1;1;1;NA;2;2
2208;1;1;1;1;1;1;2;2;2
2209;1;1;1;2;2;1;1;2;2
2210;1;1;1;1;1;0;0;1;1
2211;1;1;1;1;1;1;1;1;2
2212;1;1;1;1;1;1;0;0;0
2213;1;1;1;1;1;0;0;0;0
2214;1;1;1;1;1;0;1;1;1
2215;1;1;1;1;1;1;1;1;0
2216;1;1;1;1;1;2;2;1;1
2217;1;1;1;1;1;2;1;1;1
2218;1;1;1;1;1;0;1;1;1
2219;1;1;1;1;1;2;2;2;2
2220;1;1;1;1;1;2;3;1;1
2221;1;1;1;1;1;1;2;2;2
2222;1;1;1;1;1;1;2;1;1
2223;1;1;1;1;1;1;0;1;1
2224;1;1;1;1;1;0;1;1;1
2225;1;1;1;1;0;NA;0;1;1
2226;1;1;1;1;1;0;1;1;1
2227;1;1;1;1;1;NA;2;1;1
2228;1;1;1;1;2;NA;1;2;2
2229;1;1;1;1;1;0;1;1;1
2230;1;1;1;1;1;1;1;1;0
2231;1;1;1;1;1;1;0;1;1
2232;1;1;1;1;1;1;2;1;1
2233;1;1;1;1;1;0;1;1;0
2234;1;1;1;1;1;0;0;1;1
2235;1;1;1;1;1;0;1;1;1
2236;1;1;1;1;1;1;2;1;1
2237;1;1;1;1;1;1;NA;1;2
2238;1;1;1;1;1;0;NA;1;1
2239;1;1;1;1;1;0;NA;0;0
2240;1;1;1;1;1;1;0;1;1
2241;1;1;1;2;1;2;2;3;3
2242;1;2;1;1;1;0;4;1;1
2243;1;NA;1;1;1;NA;NA;0;0
2244;1;1;1;1;1;0;3;4;5
2245;1;1;1;1;1;0;1;1;1
2246;1;1;1;1;1;1;0;1;1
2247;1;1;1;1;1;1;0;1;1
2248;1;1;1;1;1;1;2;3;4
2249;1;1;1;1;1;0;NA;NA;NA
2250;1;1;1;1;1;2;3;1;1
2251;1;1;1;1;1;1;2;1;1
2252;1;2;1;3;4;4;1;1;1
2253;1;1;1;1;1;1;2;3;2
2254;1;1;1;1;1;0;1;1;1
2255;1;1;1;1;1;0;3;3;3
2256;1;1;1;1;1;0;1;1;0
2257;1;1;1;1;1;2;1;1;1
2258;1;1;1;1;1;1;1;1;2
2259;1;1;1;1;1;1;2;2;2
2260;1;1;1;1;1;1;0;1;1
2261;1;1;1;1;1;1;2;1;1
2262;1;1;1;1;1;1;1;1;2
2263;1;1;1;1;0;1;1;1;1
2264;1;1;1;1;2;1;1;1;1
2265;1;1;1;1;1;0;1;1;1
2266;1;1;1;1;1;1;2;3;3
2267;1;1;1;1;1;1;0;0;0
2268;1;1;1;1;1;0;1;1;1
2269;1;1;1;1;2;1;2;2;3
2270;1;1;1;1;1;1;2;1;1
2271;1;1;1;1;1;1;0;1;1
2272;1;1;1;1;1;0;1;1;1
2273;1;1;1;1;1;1;2;3;3
2274;1;1;1;1;1;1;1;2;1
2275;1;1;1;1;1;1;1;NA;2
2276;1;1;1;1;1;1;2;NA;1
2277;1;1;1;1;1;1;1;NA;0
2278;1;1;1;1;1;1;1;1;2
2279;1;1;1;1;1;1;1;1;0
2280;1;1;1;2;1;1;1;1;2
2281;1;1;1;1;1;0;0;0;0
2282;1;1;1;1;1;1;1;2;2
2283;1;1;1;1;1;1;1;2;3
2284;1;1;1;1;1;1;2;1;1
2285;1;1;1;1;1;1;2;2;2
2286;1;1;1;1;1;1;0;1;1
2287;1;2;1;2;1;1;1;2;2
2288;1;1;1;1;1;1;2;1;1
2289;1;1;1;1;1;1;0;1;1
2290;1;1;1;0;0;1;NA;1;1
2291;1;1;1;1;1;1;NA;2;2
2292;1;1;1;1;1;1;2;1;1
2293;2;1;1;1;1;1;1;1;1
2294;1;1;1;1;1;1;0;1;1
2295;1;1;0;0;0;1;0;0;0
2296;1;1;1;1;1;1;2;2;2
2297;1;1;1;1;1;1;1;1;2
2298;1;1;1;1;1;1;2;2;2
2299;1;1;1;1;1;1;2;2;3
2300;1;1;1;1;1;1;2;3;3
2301;1;1;1;1;1;1;1;0;0
2302;1;1;1;1;1;1;0;3;4
2303;1;1;1;1;1;1;2;2;3
2304;1;1;1;1;1;0;NA;NA;NA
2305;1;1;1;1;1;1;2;1;1
2306;1;1;1;1;1;1;2;1;1
2307;1;1;1;1;1;1;2;3;4
2308;1;1;1;1;1;1;2;2;2
2309;1;1;1;1;1;1;2;1;1
2310;1;1;1;1;1;1;NA;1;2
2311;1;1;1;1;1;1;1;1;2
2312;1;1;1;1;2;1;1;1;1
2313;1;1;1;1;1;1;1;1;2
2314;1;1;1;1;1;1;2;1;1
2315;1;1;1;1;1;1;2;3;4
2316;1;1;1;1;2;1;NA;NA;NA
2317;1;1;1;2;2;3;1;1;2
2318;1;1;1;1;1;1;2;1;1
2319;1;1;1;2;1;1;NA;1;1
2320;1;1;1;1;1;2;NA;2;2
2321;1;1;1;1;1;1;NA;2;0
2322;1;1;1;1;1;1;NA;2;1
2323;1;1;1;1;1;1;2;2;3
2324;1;1;1;1;1;1;2;2;1
2325;1;1;1;1;2;2;1;1;1
2326;1;1;1;1;1;1;0;1;1
2327;1;1;1;1;1;1;2;3;4
2328;1;1;1;1;1;1;0;0;0
2329;1;1;1;1;2;1;NA;NA;NA
2330;1;1;1;1;1;1;2;3;4
2331;1;1;1;1;1;0;NA;NA;NA
2332;1;0;0;0;0;0;0;1;1
2333;1;1;1;1;1;0;1;0;0
2334;1;1;1;1;1;0;1;1;1
2335;1;1;1;1;1;2;1;1;1
2336;1;1;1;1;1;0;1;1;1
2337;1;1;1;1;1;0;1;1;1
2338;1;1;1;1;1;NA;1;1;2
2339;1;1;1;1;1;1;2;1;2
2340;1;1;2;1;1;3;1;1;1
2341;1;1;1;1;1;2;1;1;1
2342;1;1;1;1;1;0;1;1;1
2343;1;1;1;1;1;NA;1;1;2
2344;1;1;1;1;1;NA;2;1;3
2345;1;1;1;1;1;NA;2;1;0
2346;1;1;1;1;1;NA;1;2;1
2347;1;1;1;1;1;1;0;1;1
2348;1;1;1;1;1;1;1;2;2
2349;1;1;1;1;0;1;1;1;1
2350;1;1;1;1;1;2;1;1;1
2351;1;1;1;1;1;0;1;1;1
2352;1;1;1;1;1;1;2;1;1
2353;1;1;1;1;1;2;3;4;4
2354;1;1;1;1;1;0;1;1;1
2355;1;1;1;1;1;2;1;1;1
2356;1;1;1;1;1;0;1;1;1
2357;1;1;1;1;1;1;1;1;0
2358;1;1;1;1;1;0;1;1;1
2359;1;1;1;1;1;1;1;2;2
2360;1;1;1;1;1;2;1;1;3
2361;1;1;1;1;1;1;2;3;3
2362;1;1;1;1;1;0;NA;NA;NA
2363;1;1;1;1;1;2;1;1;1
2364;1;1;1;1;1;1;2;2;2
2365;1;1;1;1;1;1;2;1;1
2366;1;1;1;1;1;1;2;3;3
2367;1;1;1;1;1;2;1;1;1
2368;1;1;1;1;1;NA;2;2;3
2369;1;1;1;1;1;NA;1;1;0
2370;1;1;1;1;1;NA;2;3;1
2371;1;1;1;1;1;0;1;1;1
2372;1;1;1;1;1;NA;0;1;1
2373;1;1;1;1;1;NA;NA;1;0
2374;1;1;1;1;1;NA;2;1;2
2375;1;1;1;1;1;NA;1;2;2
2376;1;1;1;1;1;NA;2;3;3
2377;1;1;1;1;1;NA;2;2;2
2378;1;1;1;1;1;NA;2;2;2
2379;1;1;1;2;2;NA;3;1;2
2380;1;1;1;1;1;NA;0;1;1
2381;1;1;1;1;1;NA;0;0;0
2382;1;1;1;1;1;NA;0;3;3
2383;1;1;1;1;1;1;1;1;2
2384;1;1;1;1;1;2;1;1;NA
2385;1;1;1;1;1;0;0;1;1
2386;1;1;1;1;1;0;NA;1;0
2387;1;1;1;1;1;1;2;1;1
2388;1;1;1;1;1;1;NA;1;2
2389;1;1;1;1;1;1;NA;1;2
2390;1;1;1;1;1;1;2;1;1
2391;1;1;1;1;2;1;NA;1;1
2392;1;1;2;1;1;3;1;1;1
2393;1;1;1;1;1;0;1;1;1
2394;1;1;1;1;1;1;0;1;1
2395;1;1;1;1;1;0;0;1;1
2396;1;1;1;1;1;0;1;1;1
2397;1;1;1;1;1;NA;0;1;1
2398;1;1;1;1;1;2;1;1;1
2399;1;1;1;1;1;1;1;2;2
2400;1;1;1;1;2;1;1;1;3
2401;1;1;1;1;1;1;1;0;0
2402;1;1;1;1;1;0;1;1;1
2403;1;1;1;2;1;NA;1;1;1
2404;1;1;1;1;1;1;2;2;2
2405;1;1;1;1;1;0;1;1;1
2406;1;1;1;1;1;NA;2;1;1
2407;1;1;1;1;1;2;1;1;1
2408;1;1;1;1;0;1;3;3;3
2409;1;2;1;1;2;1;1;1;1
2410;1;1;1;1;1;0;1;1;1
2411;1;1;1;1;1;0;1;1;1
2412;1;1;1;1;1;1;1;2;2
2413;1;1;1;1;2;1;2;1;2
2414;1;1;1;1;1;0;1;1;1
2415;1;1;2;1;1;NA;3;1;1
2416;1;1;1;1;1;1;2;1;1
2417;1;1;1;1;1;1;2;1;1
2418;1;1;1;1;1;2;NA;1;3
2419;1;1;1;1;1;0;0;1;1
2420;1;1;1;1;1;1;2;1;1
2421;1;1;1;1;1;0;NA;1;1
2422;1;1;1;1;1;1;2;3;2
2423;1;1;1;1;1;1;1;2;3
2424;1;1;1;1;1;0;1;NA;NA
2425;1;1;1;1;1;1;2;2;1
2426;1;1;1;1;1;1;0;0;0
2427;1;1;1;1;1;1;1;2;3
2428;1;1;1;1;1;1;1;2;2
2429;1;1;1;1;1;1;1;1;2
2430;1;1;1;1;1;0;1;1;1
2431;1;1;1;1;1;NA;1;1;2
2432;1;2;1;2;2;NA;1;1;3
2433;1;1;1;1;1;NA;1;0;0
2434;1;1;1;1;1;1;0;1;1
2435;1;1;1;1;1;2;1;1;1
2436;1;1;1;1;1;NA;1;2;2
2437;1;1;1;1;1;2;1;1;1
2438;1;1;1;1;1;1;2;2;2
2439;1;1;1;1;1;0;1;1;1
2440;1;1;1;1;2;NA;1;1;1
2441;1;1;1;1;0;1;1;1;1
2442;1;1;1;1;1;1;2;2;2
2443;1;1;1;1;2;1;2;1;1
2444;1;1;1;1;1;1;1;1;2
2445;1;1;1;1;1;1;1;1;0
2446;1;1;1;1;0;1;0;1;1
2447;1;1;1;1;1;2;3;1;1
2448;1;1;1;1;0;0;0;1;1
2449;1;1;1;1;1;1;1;2;2
2450;1;1;1;1;1;2;1;1;2
2451;1;1;1;1;1;0;0;3;3
2452;1;1;1;1;1;2;1;1;1
2453;1;1;1;1;2;1;1;1;1
2454;1;1;1;1;1;0;1;1;1
2455;1;1;1;1;1;1;2;1;1
2456;1;1;1;1;1;1;2;1;1
2457;1;1;1;1;1;2;NA;1;1
2458;1;1;1;1;1;0;1;1;1
2459;1;1;1;1;1;2;1;1;1
2460;1;1;1;1;1;NA;1;2;2
2461;1;1;1;1;1;0;1;1;1
2462;1;1;1;1;1;0;1;1;1
2463;1;1;1;1;1;NA;1;1;2
2464;1;1;1;1;1;NA;1;2;1
2465;1;1;1;1;1;NA;2;NA;1
2466;1;1;1;1;1;NA;1;NA;0
2467;1;1;1;1;1;NA;2;2;2
2468;1;1;1;2;1;NA;1;1;1
2469;1;1;1;1;1;NA;1;1;2
2470;1;1;1;1;1;2;1;1;1
2471;1;1;1;1;1;1;2;2;2
2472;1;1;1;1;1;1;1;1;2
2473;1;1;1;1;1;1;2;3;4
2474;1;1;1;1;1;1;2;2;2
2475;1;2;1;1;1;1;1;1;1
2476;1;1;1;1;1;0;1;1;1
2477;1;1;1;0;0;NA;1;0;0
2478;1;1;1;1;1;1;2;1;1
2479;1;1;1;1;1;1;NA;1;2
2480;1;1;1;1;1;1;2;1;2
2481;1;1;1;1;1;1;2;1;2
2482;1;1;1;1;1;1;2;1;2
2483;1;1;1;1;2;1;1;1;1
2484;1;1;1;1;1;0;1;1;1
2485;1;1;1;1;1;NA;2;1;1
2486;1;1;1;2;0;NA;1;3;0
2487;1;2;1;1;1;1;1;1;1
2488;1;1;1;1;1;1;1;1;2
2489;1;1;1;1;1;1;2;2;2
2490;1;1;1;1;1;1;1;1;2
2491;1;1;1;1;1;1;1;1;2
2492;1;1;1;1;1;1;2;1;1
2493;1;1;1;1;1;1;1;1;0
2494;1;1;1;1;1;1;0;1;3
2495;1;1;1;1;1;1;2;2;2
2496;1;1;1;1;1;1;2;2;2
2497;1;1;1;1;1;2;NA;NA;NA
2498;1;1;1;1;1;1;0;1;1
2499;1;1;1;1;1;1;0;0;0
2500;1;1;1;1;2;1;1;1;1
2501;1;1;1;1;1;1;2;3;3
2502;1;1;1;1;1;1;2;2;3
2503;1;1;1;1;1;0;0;0;0
2504;1;1;1;1;1;2;1;1;1
2505;1;1;1;0;1;1;1;1;1
2506;1;1;1;1;1;0;3;3;3
2507;1;1;1;1;1;1;1;2;2
2508;1;1;1;1;1;2;1;1;1
2509;1;1;1;1;1;1;2;1;1
2510;1;1;1;1;1;0;1;1;1
2511;1;1;1;1;1;1;2;2;2
2512;1;1;1;1;1;1;2;1;1
2513;1;1;1;1;1;2;NA;2;2
2514;1;1;1;1;1;2;1;1;1
2515;1;1;1;1;1;0;1;0;0
2516;1;2;2;1;2;2;2;2;2
2517;1;1;1;1;1;1;2;3;4
2518;1;1;1;1;1;0;NA;NA;NA
2519;1;1;1;1;1;1;0;1;0
2520;1;1;1;1;1;1;1;2;1
2521;1;1;1;1;1;0;0;1;1
2522;1;1;1;1;1;1;1;0;0
2523;1;1;1;1;1;0;1;1;1
2524;1;1;1;1;1;NA;2;1;1
2525;1;1;1;1;1;1;2;1;1
2526;1;1;1;2;1;1;NA;1;1
2527;1;1;1;2;1;1;NA;1;1
2528;1;1;1;1;1;0;1;1;1
2529;1;1;1;1;2;1;1;3;3
2530;1;1;1;1;1;1;2;3;3
2531;1;1;1;1;0;1;1;1;1
2532;2;1;1;1;1;1;1;1;1
2533;1;1;1;1;1;1;1;1;0
2534;1;1;1;1;1;1;1;2;NA
2535;1;2;1;1;1;1;0;1;NA
2536;1;1;1;1;1;1;2;1;1
2537;1;1;1;1;1;0;1;1;1
2538;1;1;1;1;1;1;2;1;1
2539;1;1;1;1;1;0;1;1;1
2540;1;1;1;1;1;NA;0;1;1
2541;1;1;1;1;1;NA;2;1;1
2542;1;2;1;1;1;1;1;1;1
2543;1;1;1;1;1;1;2;1;1
2544;1;1;1;1;1;2;1;1;1
2545;1;1;1;1;1;1;1;2;2
2546;1;1;1;1;1;2;1;1;1
2547;1;1;1;1;2;2;0;0;0
2548;1;1;1;1;1;1;2;2;1
2549;1;1;1;1;1;0;0;3;3
2550;1;1;1;1;1;2;1;1;1
2551;1;1;1;1;1;1;0;1;1
2552;1;1;1;1;1;0;1;1;1
2553;1;1;1;1;1;1;2;1;1
2554;1;1;1;1;1;0;1;1;1
2555;1;1;1;2;1;NA;1;1;2
2556;1;2;1;2;2;2;2;1;1
2557;1;1;1;1;1;1;0;1;1
2558;1;1;1;1;1;1;1;2;2
2559;1;1;1;1;1;1;2;1;1
2560;1;1;1;1;2;1;1;1;1
2561;1;2;2;2;2;1;3;3;3
2562;1;1;1;1;2;1;1;1;1
2563;1;1;1;1;1;1;0;3;4
2564;1;1;1;1;1;1;1;1;2
2565;1;1;1;1;1;1;1;1;2
2566;1;1;1;1;1;1;0;1;0
2567;1;1;1;1;1;1;0;1;1
2568;1;1;1;2;1;1;NA;1;2
2569;1;1;1;2;1;1;1;1;1
2570;1;1;1;2;1;3;1;2;2
2571;1;1;1;1;1;1;1;2;3
2572;1;1;1;1;1;1;2;1;1
2573;1;1;1;1;1;0;1;1;1
2574;1;1;1;1;1;1;2;1;1
2575;1;1;1;1;1;1;NA;1;2
2576;1;1;1;1;1;0;0;1;0
2577;1;1;1;1;1;1;2;1;1
2578;1;1;1;1;1;0;1;1;1
2579;1;1;1;1;1;2;1;1;1
2580;1;1;1;2;2;1;2;1;1
2581;1;0;0;0;0;0;0;0;0
2582;1;1;1;1;1;1;2;1;1
2583;1;1;1;1;1;1;2;1;1
2584;1;1;1;1;1;0;1;1;1
2585;1;1;1;1;1;1;0;1;1
2586;1;1;1;1;0;1;1;1;1
2587;1;1;1;1;NA;1;2;2;3
2588;1;1;1;1;1;1;1;0;0
2589;1;1;1;1;1;1;0;1;1
2590;1;1;1;1;1;1;1;1;2
2591;1;1;1;1;1;0;1;1;1
2592;1;1;1;1;0;3;1;1;1
2593;1;1;1;1;1;1;2;1;1
2594;1;2;1;1;3;3;3;2;2
2595;1;1;1;1;1;0;0;1;1
2596;1;1;1;1;1;0;3;1;1
2597;1;1;1;1;1;0;1;1;1
2598;1;1;1;1;1;NA;2;3;3
2599;1;1;1;1;1;NA;1;0;0
2600;1;1;1;1;1;NA;0;1;1
2601;1;1;1;1;1;1;0;0;0
2602;1;1;1;1;1;1;2;2;1
2603;1;1;1;1;1;0;0;1;1
2604;1;1;1;1;1;1;2;1;1
2605;1;1;1;1;1;0;NA;1;1
2606;1;1;1;1;1;1;2;1;1
2607;1;1;1;1;1;1;1;1;2
2608;1;1;1;1;1;1;2;1;1
2609;1;1;1;1;1;2;1;1;1
2610;1;1;1;1;1;1;2;1;1
2611;1;1;1;1;1;2;NA;1;1
2612;1;1;1;2;1;NA;NA;1;1
2613;1;1;1;1;1;1;1;1;0
2614;1;1;1;1;1;1;0;1;1
2615;1;1;1;1;1;0;1;1;1
2616;1;1;1;1;2;NA;1;1;1
2617;1;1;1;1;1;NA;2;1;1
2618;1;1;1;1;1;1;1;1;0
2619;1;2;1;1;1;1;1;1;1
2620;1;2;1;2;1;1;1;1;1
2621;1;1;1;1;1;1;1;1;2
2622;1;1;1;1;2;1;2;1;1
2623;1;1;1;1;1;0;3;4;4
2624;1;1;1;1;1;0;0;1;3
2625;1;1;1;1;0;NA;NA;1;NA
2626;1;1;1;1;1;1;2;1;2
2627;1;1;1;1;0;0;1;1;1
2628;1;1;1;1;1;1;2;2;2
2629;1;1;1;1;1;2;3;1;1
2630;1;1;1;1;1;1;1;2;1
2631;1;1;1;1;1;1;0;1;1
2632;1;1;1;1;1;0;1;0;1
2633;1;1;1;2;1;NA;1;NA;1
2634;1;1;1;1;1;0;1;1;1
2635;1;1;1;1;1;NA;1;2;1
2636;1;1;1;1;1;2;1;1;3
2637;1;1;1;1;1;1;1;1;0
2638;1;0;3;1;1;1;4;4;4
2639;1;1;1;1;2;1;1;1;1
2640;1;1;1;2;3;1;4;1;1
2641;1;1;1;1;1;0;1;1;1
2642;1;1;1;1;1;NA;2;3;3
2643;1;1;1;1;1;1;0;1;1
2644;1;1;1;1;1;1;1;2;1
2645;1;1;1;1;2;1;2;2;2
2646;1;1;1;1;1;1;1;2;3
2647;1;1;1;1;1;0;0;0;0
2648;1;1;1;1;2;1;1;1;1
2649;1;1;1;1;1;0;3;1;1
2650;1;1;1;1;1;1;2;1;1
2651;1;1;1;1;1;1;2;2;2
2652;1;1;1;1;1;1;2;3;4
2653;1;1;1;1;0;1;1;1;1
2654;1;1;1;1;1;2;1;1;1
2655;1;1;1;1;1;1;1;2;2
2656;1;1;1;1;1;1;2;1;1
2657;1;1;1;2;3;4;NA;1;1
2658;1;1;1;1;1;1;1;1;2
2659;1;1;1;1;1;1;1;1;2
2660;1;1;1;1;1;1;1;1;0
2661;1;1;1;1;1;1;2;1;1
2662;1;1;1;0;1;1;1;1;1
2663;1;1;1;1;1;0;1;1;1
2664;1;1;2;2;1;1;1;3;2
2665;1;1;1;1;1;1;2;1;1
2666;1;1;1;1;1;0;NA;3;3
2667;1;1;1;1;1;1;1;2;2
2668;1;1;1;2;2;2;3;1;1
2669;1;1;1;1;1;1;2;1;1
2670;1;1;1;1;1;0;0;1;1
2671;1;1;1;1;1;2;2;1;1
2672;1;1;1;1;2;1;1;2;2
2673;1;1;1;1;1;2;1;1;1
2674;1;1;1;1;1;1;1;1;2
2675;1;1;1;1;1;0;1;1;NA
2676;1;1;1;1;1;2;1;1;1
2677;1;1;1;1;1;0;1;1;1
2678;1;1;1;1;1;NA;0;0;1
2679;1;1;1;1;1;NA;1;1;0
2680;1;1;1;1;1;2;1;1;1
2681;1;1;1;1;1;0;1;1;1
2682;1;1;1;1;1;NA;2;1;1
2683;1;1;1;1;1;NA;2;1;1
2684;1;1;1;1;1;NA;1;2;1
2685;1;1;1;2;1;1;1;1;1
2686;1;1;1;1;2;1;1;1;3
2687;1;1;1;1;1;1;2;1;1
2688;1;1;1;1;1;1;1;2;1
2689;1;1;1;1;1;1;2;1;1
2690;1;1;1;1;1;1;2;1;1
2691;1;1;1;1;1;2;1;1;1
2692;1;1;1;1;1;1;1;1;0
2693;1;1;1;1;1;0;1;1;1
2694;1;1;1;1;1;1;2;1;3
2695;1;1;1;1;1;2;2;1;1
2696;1;1;1;1;1;2;1;1;1
2697;1;1;1;1;1;NA;1;1;0
2698;1;1;1;1;1;0;0;1;1
2699;1;1;1;1;1;1;2;1;1
2700;1;1;1;1;1;1;0;0;0
2701;1;1;1;1;1;1;1;0;1
2702;1;1;1;1;1;0;1;1;1
2703;1;1;2;1;1;1;1;1;2
2704;1;1;1;1;1;2;1;1;1
2705;1;1;1;1;1;0;0;1;1
2706;1;1;1;1;1;0;1;1;1
2707;1;1;1;1;2;1;1;1;1
2708;1;1;1;1;1;1;2;1;1
2709;1;1;1;1;1;0;NA;1;1
2710;1;1;1;1;1;NA;NA;1;0
2711;1;1;1;1;1;0;1;1;1
2712;1;2;2;2;2;2;1;2;2
2713;1;1;1;1;1;1;2;1;1
2714;1;1;1;1;1;2;1;1;1
2715;1;2;1;2;2;2;3;1;1
2716;1;1;1;1;1;0;0;1;1
2717;1;1;1;1;1;1;1;1;0
2718;1;1;1;1;1;1;1;1;0
2719;1;1;1;1;0;1;1;1;NA
2720;1;1;1;1;1;1;2;1;1
2721;1;1;1;1;1;1;2;1;1
2722;1;1;1;1;1;0;NA;1;1
2723;1;1;1;1;1;1;1;1;0
2724;1;1;1;0;0;0;1;1;NA
2725;1;1;1;1;1;1;2;1;1
2726;1;1;1;1;1;1;2;1;1
2727;1;1;1;1;1;1;1;1;2
2728;1;1;1;1;1;1;2;1;1
2729;1;1;1;1;1;2;2;1;1
2730;1;1;1;1;1;0;0;1;1
2731;1;1;1;1;2;1;1;1;1
2732;1;1;1;1;1;1;2;1;1
2733;1;1;1;1;1;2;3;3;3
2734;1;1;1;1;1;1;2;1;1
2735;1;1;1;1;1;1;1;1;0
2736;1;1;1;1;1;1;0;1;0
2737;1;1;1;2;2;2;2;1;1
2738;1;1;1;1;1;1;2;1;1
2739;1;1;1;1;1;1;NA;2;1
2740;1;1;1;1;1;2;NA;1;1
2741;1;1;1;1;1;1;2;3;3
2742;1;1;1;1;1;0;1;1;1
2743;1;1;1;1;1;NA;2;3;3
2744;1;1;1;1;1;NA;0;1;1
2745;1;1;1;1;1;2;3;1;1
2746;1;1;1;1;1;1;1;1;2
2747;1;1;1;1;1;0;1;1;1
2748;1;1;1;1;1;NA;2;3;3
2749;1;1;1;0;0;NA;1;1;1
2750;1;1;1;1;1;NA;1;0;0
2751;1;1;1;1;1;NA;2;2;2
2752;1;1;1;1;1;NA;0;1;1
2753;1;1;1;1;1;NA;2;2;2
2754;1;1;1;1;1;NA;1;1;2
2755;1;1;1;1;1;NA;1;2;2
2756;1;1;1;1;1;0;1;1;1
2757;1;1;1;1;1;NA;2;1;1
2758;1;1;1;1;1;NA;2;1;2
2759;1;1;1;1;2;NA;2;1;1
2760;1;1;1;1;0;NA;1;1;1
2761;1;1;1;1;1;NA;2;1;1
2762;1;1;1;1;1;NA;2;1;0
2763;1;1;1;1;1;NA;2;1;1
2764;1;1;1;1;1;NA;2;3;4
2765;1;1;1;1;1;NA;1;2;1
2766;1;1;1;1;1;NA;1;0;0
2767;1;1;1;1;0;NA;1;1;1
2768;1;1;1;1;1;NA;1;1;2
2769;1;1;1;1;1;NA;1;2;2
2770;1;1;1;1;1;NA;0;NA;NA
2771;2;2;1;2;2;NA;2;2;2
2772;1;1;1;1;1;NA;1;2;1
2773;1;1;1;1;1;NA;1;2;1
2774;1;1;1;1;1;NA;2;1;1
2775;1;1;1;1;2;NA;2;1;1
2776;1;1;1;1;1;NA;1;2;1
2777;1;1;1;1;1;NA;1;0;1
2778;1;1;1;1;1;NA;0;1;1
2779;1;1;1;1;1;NA;NA;2;1
2780;1;1;1;1;1;NA;NA;1;2
2781;1;1;1;1;0;NA;NA;0;0
2782;1;1;1;1;2;NA;NA;1;1
2783;1;1;1;1;1;NA;NA;0;0
2784;1;1;1;1;1;NA;NA;2;1
2785;1;1;1;1;1;NA;NA;0;0
2786;1;1;1;1;2;NA;NA;NA;NA
2787;1;1;1;2;2;NA;NA;1;1
2788;1;1;1;1;1;NA;2;2;2
2789;1;1;1;1;1;NA;0;1;1
2790;1;1;1;1;1;NA;2;1;1
2791;1;1;1;1;1;2;3;1;1
2792;1;1;1;1;1;0;1;1;1
2793;1;1;1;1;1;1;0;1;1
2794;1;1;1;1;1;1;2;1;1
2795;1;1;1;1;1;0;1;1;1
2796;1;1;1;2;2;NA;1;2;2
2797;1;1;1;1;1;1;1;1;2
2798;1;1;1;2;1;1;1;1;1
2799;1;1;1;1;1;1;2;2;2
2800;1;1;1;1;1;0;1;1;1
2801;1;1;1;2;2;NA;1;1;1
2802;1;1;1;1;1;NA;2;2;2
2803;1;1;1;0;1;NA;1;1;1
2804;1;1;1;0;0;NA;0;0;0
2805;1;1;1;1;1;NA;2;1;1
2806;1;2;1;3;3;NA;1;2;1
2807;1;1;1;1;1;NA;2;1;1
2808;1;1;1;1;1;NA;2;1;1
2809;1;1;1;1;1;NA;NA;2;1
2810;1;0;1;0;1;NA;1;1;1
2811;1;1;1;1;1;NA;2;1;1
2812;1;1;1;1;1;NA;2;1;1
2813;1;1;1;1;1;NA;2;1;0
2814;1;1;1;1;1;1;2;1;1
2815;1;1;1;1;1;0;1;1;1
2816;1;1;1;1;1;0;1;1;1
2817;1;1;1;1;1;NA;2;1;1
2818;1;1;1;1;2;NA;2;2;1
2819;1;1;1;1;2;NA;1;1;1
2820;1;1;1;1;1;1;0;1;1
2821;1;1;1;1;1;2;2;1;1
2822;1;1;1;1;1;2;1;1;1
2823;1;1;1;1;1;NA;0;1;1
2824;1;1;1;1;1;2;1;1;1
2825;1;1;1;1;1;2;1;1;3
2826;1;1;1;1;1;1;2;1;3
2827;1;0;1;0;0;1;NA;1;NA
2828;1;1;1;1;1;0;1;1;1
2829;1;1;1;1;1;NA;2;1;1
2830;1;1;1;1;1;NA;2;1;1
2831;1;1;1;1;1;1;2;1;1
2832;1;1;1;1;1;2;NA;1;1
2833;1;1;1;1;2;1;NA;1;1
2834;1;1;1;1;1;2;1;1;1
2835;1;1;1;1;1;0;0;1;1
2836;1;1;1;2;2;NA;NA;1;1
2837;1;1;1;1;1;NA;NA;2;2
2838;1;1;1;1;1;2;3;1;1
2839;1;1;1;1;1;NA;NA;2;2
2840;1;1;1;1;0;NA;NA;1;1
2841;1;2;1;2;2;NA;NA;0;0
2842;1;1;1;1;1;NA;NA;2;2
2843;1;1;1;1;2;NA;NA;1;1
2844;1;1;1;0;NA;NA;NA;1;1
2845;1;1;1;1;1;1;2;1;1
2846;1;1;1;1;1;1;2;1;1
2847;1;1;1;1;1;1;0;0;0
2848;1;1;1;1;1;1;1;1;2
2849;1;1;1;1;1;1;2;1;1
2850;1;1;1;1;1;1;0;1;3
2851;1;1;1;1;2;2;1;1;1
2852;1;1;1;1;1;1;0;1;1
2853;1;1;1;1;1;0;1;1;1
2854;1;1;1;1;1;NA;0;1;1
2855;1;1;1;1;1;2;1;1;1
2856;1;1;1;1;1;NA;2;3;3
2857;1;1;1;1;1;2;1;1;1
2858;1;1;1;1;1;NA;1;1;0
2859;1;1;1;1;1;2;1;1;1
2860;1;1;1;1;1;NA;2;1;1
2861;1;1;1;1;1;1;2;3;3
2862;1;1;1;1;1;1;2;3;3
2863;1;1;1;1;1;0;NA;NA;NA
2864;1;1;1;1;1;0;1;1;1
2865;1;1;1;1;1;NA;1;2;1
2866;1;1;1;1;1;NA;1;2;2
2867;1;1;1;1;1;1;1;2;2
2868;1;1;1;1;1;0;1;1;3
2869;1;1;1;1;1;2;1;1;1
2870;1;1;1;1;1;1;1;0;1
2871;1;1;1;1;2;3;4;4;4
2872;1;1;1;1;1;1;2;2;1
2873;1;1;1;1;1;0;1;1;1
2874;1;1;1;1;1;NA;2;2;2
2875;1;1;1;1;1;1;2;1;1
2876;1;1;1;1;1;1;2;1;1
2877;1;1;1;1;1;0;1;1;1
2878;1;1;1;1;1;1;2;1;1
2879;1;1;1;1;1;0;1;1;1
2880;1;1;1;1;1;NA;2;2;1
2881;1;1;1;1;1;1;2;1;1
2882;1;1;1;1;1;1;1;1;2
2883;1;1;1;1;1;1;2;3;3
2884;1;1;1;1;1;0;NA;NA;NA
2885;1;1;1;1;0;1;1;0;0
2886;1;1;1;1;1;1;2;1;1
2887;1;1;1;1;1;0;0;1;1
2888;1;2;1;2;2;1;3;1;1
2889;1;1;1;1;1;1;1;2;3
2890;1;1;1;1;1;2;3;3;3
2891;1;1;1;1;1;0;3;4;5
2892;1;1;1;1;1;2;1;1;1
2893;1;1;1;1;1;2;3;3;3
2894;1;1;1;1;1;2;1;1;1
2895;1;1;1;1;1;0;1;1;1
2896;1;1;1;1;1;0;1;1;1
2897;1;1;1;1;1;NA;0;0;0
2898;1;1;1;1;1;0;1;1;1
2899;1;1;1;1;1;2;3;1;3
2900;1;1;1;1;1;1;1;1;2
2901;1;1;1;1;1;1;2;1;NA
2902;1;1;1;2;2;2;2;3;3
2903;1;1;1;1;1;1;1;2;3
2904;1;1;1;1;1;1;1;0;3
2905;1;1;1;1;1;0;1;NA;NA
2906;1;1;1;1;1;2;1;1;1
2907;1;1;1;1;1;1;2;3;3
2908;1;1;1;1;1;1;0;1;0
2909;1;1;1;1;1;1;2;1;1
2910;1;1;1;1;1;1;NA;2;2
2911;1;1;1;1;1;1;2;1;1
2912;1;1;1;1;1;0;NA;1;1
2913;1;1;1;2;2;2;2;2;2
2914;1;1;1;1;1;1;0;1;1
2915;1;1;1;2;1;1;NA;1;2
2916;1;1;1;0;1;0;NA;0;0
2917;1;1;1;1;1;0;NA;1;1
2918;1;1;1;1;1;0;1;1;1
2919;1;1;1;1;1;NA;2;1;3
2920;1;1;1;1;1;NA;0;1;1
2921;1;1;1;1;1;NA;0;1;1
2922;1;1;1;1;1;1;1;1;0
2923;1;1;1;1;1;2;1;1;1
2924;1;1;1;1;1;NA;2;2;2
2925;1;1;1;1;1;1;2;1;1
2926;1;1;1;1;1;0;1;1;1
2927;1;1;1;1;1;NA;0;3;3
2928;1;1;1;1;1;1;0;0;0
2929;1;1;1;1;1;1;1;1;0
2930;1;1;1;1;1;1;2;1;3
2931;1;1;1;1;1;2;1;1;1
2932;1;1;1;1;1;0;1;1;1
2933;1;2;2;2;1;NA;2;1;2
2934;1;1;1;1;1;NA;2;1;1
2935;1;1;1;1;1;NA;NA;2;1
2936;1;1;1;1;1;NA;1;1;2
2937;1;1;1;1;1;NA;0;1;0
2938;1;1;1;1;1;NA;0;1;1
2939;1;1;1;1;1;NA;NA;1;0
2940;1;1;1;1;1;NA;2;3;4
2941;1;1;1;1;0;NA;NA;NA;NA
2942;1;2;2;2;2;NA;3;1;2
2943;1;1;1;1;1;NA;1;1;2
2944;1;1;1;1;1;2;1;1;1
2945;1;1;1;1;1;0;1;1;1
2946;1;1;1;1;1;NA;2;2;2
2947;1;1;1;1;2;NA;NA;NA;NA
2948;1;1;1;1;1;1;1;1;2
2949;1;1;1;1;1;0;1;1;1
2950;1;1;1;1;1;NA;1;1;2
2951;1;1;1;1;1;0;1;1;1
2952;1;1;1;1;1;NA;1;1;0
2953;1;1;1;1;2;NA;3;1;1
2954;1;1;1;1;1;NA;2;1;1
2955;1;2;1;1;1;NA;1;3;1
2956;1;1;1;1;1;NA;1;1;2
2957;1;1;1;1;1;NA;2;1;1
2958;1;1;1;1;1;NA;2;1;2
2959;1;1;1;1;1;NA;2;2;1
2960;1;1;1;1;2;NA;1;1;1
2961;1;1;1;1;1;NA;2;3;1
2962;1;1;1;1;1;NA;1;2;1
2963;1;1;1;1;2;3;4;5;4
2964;1;1;1;1;1;2;1;3;3
2965;1;1;1;1;2;NA;1;NA;NA
2966;1;1;1;1;0;NA;1;NA;NA
2967;1;1;1;1;0;NA;3;NA;NA
2968;1;1;1;1;1;1;1;2;1
2969;1;1;1;1;1;0;1;1;1
2970;1;1;1;1;2;1;1;1;1
2971;1;1;1;1;2;1;2;2;2
2972;1;1;1;1;1;1;0;1;1
2973;1;1;2;1;1;1;1;1;1
2974;1;1;1;1;2;1;1;1;1
2975;1;1;1;1;1;1;2;1;3
2976;1;0;1;1;1;0;1;1;1
2977;1;1;1;1;1;2;1;1;1
2978;1;1;1;1;0;1;1;1;1
2979;1;1;1;1;1;0;3;3;3
2980;1;1;1;1;1;1;0;0;1
2981;1;1;1;1;1;0;3;1;1
2982;1;1;1;1;2;NA;NA;1;0
2983;1;1;1;1;1;NA;NA;2;2
2984;1;1;1;1;1;0;1;1;1
2985;1;1;1;1;2;NA;1;1;1
2986;1;1;1;1;1;2;1;1;1
2987;1;1;1;1;1;NA;1;1;2
2988;1;1;1;1;1;NA;1;1;2
2989;1;1;1;1;1;1;2;3;1
2990;1;1;1;1;1;2;1;1;1
2991;1;1;1;1;1;0;0;1;1
2992;1;1;1;1;1;NA;NA;1;2
2993;1;1;1;1;1;0;1;1;1
2994;1;1;1;1;1;NA;2;1;1
2995;1;1;1;1;1;NA;NA;1;0
2996;1;1;1;1;1;1;2;2;2
2997;1;1;1;1;1;0;3;1;1
2998;1;1;1;1;1;1;0;1;1
2999;1;1;1;1;1;2;NA;1;1
3000;1;1;1;1;1;1;2;1;1
3001;1;1;1;1;1;1;NA;1;2
3002;1;1;1;1;1;2;1;1;1
3003;1;1;1;1;1;1;2;1;3
3004;1;1;1;1;0;0;NA;1;NA
3005;1;1;1;1;1;0;1;1;1
3006;1;1;1;1;1;NA;0;1;1
3007;1;1;1;1;1;2;1;1;1
3008;1;1;1;1;1;1;2;1;1
3009;1;1;1;1;1;2;1;1;1
3010;1;1;1;1;2;NA;1;1;3
3011;1;2;1;1;2;NA;1;1;1
3012;1;1;1;1;1;2;0;4;4
3013;1;1;1;1;1;1;1;2;2
3014;1;1;1;1;1;2;1;1;1
3015;1;1;1;1;1;NA;1;2;3
3016;1;1;1;1;1;NA;2;1;1
3017;1;1;1;1;1;0;1;1;1
3018;1;1;1;1;1;NA;1;2;2
3019;1;1;1;1;1;NA;1;1;2
3020;1;1;1;1;1;NA;2;1;1
3021;1;1;1;1;1;0;1;1;1
3022;1;1;1;1;1;2;1;1;1
3023;1;1;1;1;1;1;2;1;1
3024;1;1;1;1;2;1;NA;1;1
3025;1;1;1;1;1;0;1;1;1
3026;1;1;1;1;1;1;2;1;1
3027;1;1;1;1;1;1;2;3;3
3028;1;1;1;1;1;2;NA;NA;NA
3029;1;1;1;1;1;0;NA;NA;NA
3030;1;1;1;1;1;0;1;1;1
3031;1;1;1;1;1;NA;1;1;2
3032;1;1;1;1;1;NA;2;1;1
3033;1;1;1;1;1;NA;0;1;1
3034;1;1;1;1;1;1;1;2;3
3035;1;2;1;2;2;2;2;NA;NA
3036;1;1;1;1;1;1;0;1;1
3037;1;1;1;1;1;0;1;1;1
3038;1;1;1;1;1;NA;2;2;2
3039;1;1;1;1;1;NA;1;1;2
3040;1;1;1;1;1;NA;1;2;1
3041;1;1;1;1;2;NA;1;1;1
3042;1;1;1;1;1;NA;1;2;2
3043;1;1;1;1;1;NA;1;2;2
3044;1;1;1;1;1;NA;2;1;1
3045;1;1;1;1;1;NA;0;1;1
3046;1;1;1;1;1;NA;2;1;1
3047;1;1;1;1;1;NA;2;1;1
3048;1;1;1;1;0;NA;NA;1;1
3049;1;1;1;1;1;NA;1;2;2
3050;1;1;1;1;1;NA;1;0;0
3051;1;1;1;1;1;NA;0;1;3
3052;1;1;1;1;1;NA;2;1;1
3053;1;1;1;1;1;NA;NA;2;2
3054;1;2;1;2;2;NA;NA;1;1
3055;1;1;1;1;2;NA;NA;3;3
3056;1;1;1;2;2;NA;NA;1;1
3057;1;1;2;2;1;1;2;2;2
3058;1;1;1;1;1;1;2;1;1
3059;1;1;1;1;1;2;2;2;2
3060;1;1;1;1;1;0;1;1;1
3061;1;1;1;1;1;NA;2;1;1
3062;1;1;1;1;1;1;1;1;0
3063;1;1;1;1;1;1;0;1;1
3064;1;1;1;1;1;2;3;1;1
3065;1;1;1;1;1;1;2;2;2
3066;1;1;1;1;1;1;2;1;1
3067;1;2;1;2;2;2;2;1;1
3068;1;1;1;1;1;0;0;0;0
3069;1;1;1;1;1;1;1;1;2
3070;1;1;1;1;1;1;1;1;0
3071;1;1;1;1;1;1;2;3;0
3072;1;1;1;1;1;1;0;0;0
3073;1;1;1;1;1;1;1;2;2
3074;1;1;1;1;1;1;1;1;2
3075;1;1;1;1;1;0;1;1;1
3076;1;1;1;1;1;NA;1;1;2
3077;1;1;1;2;1;NA;3;1;1
3078;1;1;1;1;1;NA;1;1;0
3079;1;1;1;1;1;0;1;1;1
3080;1;2;1;1;1;NA;1;1;1
3081;1;0;1;1;1;1;0;0;0
3082;1;1;1;1;1;0;1;1;1
3083;1;1;1;1;1;0;1;1;1
3084;1;1;1;1;1;NA;1;1;0
3085;1;1;1;1;1;NA;2;1;1
3086;1;1;1;2;2;NA;3;3;2
3087;1;1;1;1;1;NA;2;3;4
3088;1;1;1;1;1;1;2;1;1
3089;1;1;1;1;1;1;2;1;1
3090;1;1;1;1;1;1;0;0;0
3091;1;1;1;1;1;0;1;1;1
3092;1;1;1;1;1;0;1;1;1
3093;1;1;1;1;1;NA;1;1;0
3094;1;2;2;3;1;NA;1;1;1
3095;1;1;1;1;1;NA;1;2;2
3096;1;1;1;1;1;1;0;1;1
3097;1;1;1;1;1;2;NA;3;0
3098;1;1;1;1;1;1;1;1;2
3099;1;1;1;1;1;1;0;1;NA
3100;1;1;1;1;1;1;2;3;4
3101;1;1;1;1;1;0;1;1;1
3102;1;1;1;1;1;NA;2;1;1
3103;1;1;1;1;1;NA;1;2;2
3104;1;1;1;1;1;1;2;1;1
3105;1;1;1;0;1;1;1;1;1
3106;1;1;1;1;1;2;1;1;1
3107;1;1;1;1;1;0;1;1;1
3108;1;1;1;1;1;NA;2;1;1
3109;1;1;1;1;1;1;2;1;1
3110;1;2;1;2;2;0;0;0;0
3111;1;1;1;1;1;1;2;3;1
3112;1;1;1;1;1;0;1;1;0
3113;1;1;1;1;1;0;1;1;1
3114;1;1;1;1;1;0;0;1;1
3115;1;1;1;1;1;0;1;1;1
3116;1;1;1;2;1;NA;1;1;1
3117;1;1;1;1;1;NA;1;2;1
3118;1;1;1;1;1;NA;2;1;1
3119;1;1;1;1;1;NA;1;1;2
3120;1;1;1;1;1;NA;2;3;3
3121;1;1;1;1;1;NA;1;2;2
3122;1;1;1;1;1;NA;2;1;1
3123;1;1;1;1;1;NA;NA;2;3
3124;1;1;1;1;1;NA;2;1;1
3125;1;1;1;1;1;NA;1;2;3
3126;1;1;1;1;1;NA;0;1;1
3127;1;1;1;1;1;2;1;1;1
3128;1;1;1;1;1;NA;1;1;2
3129;1;1;1;1;1;0;1;1;1
3130;1;1;1;1;1;1;2;1;1
3131;1;1;1;1;1;2;1;1;1
3132;1;1;1;1;1;0;1;1;1
3133;1;1;1;1;1;NA;2;1;3
3134;1;1;1;1;1;NA;NA;1;2
3135;1;1;1;1;1;NA;1;2;2
3136;1;1;1;1;1;NA;1;2;2
3137;1;1;1;1;1;NA;2;1;1
3138;1;1;1;1;2;NA;2;1;2
3139;1;1;1;1;1;NA;1;0;0
3140;1;1;1;0;1;1;1;1;1
3141;1;1;1;NA;1;1;1;2;2
3142;1;1;1;NA;1;0;1;1;1
3143;1;1;1;1;1;1;2;1;1
3144;1;1;1;1;1;1;1;1;0
3145;1;1;1;1;1;1;1;0;1
3146;1;1;1;1;1;1;2;1;3
3147;1;1;1;1;1;1;1;1;0
3148;1;1;1;1;1;1;1;0;NA
3149;1;1;1;1;1;0;1;1;1
3150;1;1;1;1;2;3;1;1;3
3151;1;1;1;1;1;NA;2;1;1
3152;1;1;1;1;2;NA;NA;1;1
3153;1;1;1;1;1;0;1;1;1
3154;1;1;1;1;2;2;1;1;1
3155;1;1;1;1;1;2;1;1;1
3156;1;1;1;1;1;0;3;3;4
3157;1;1;1;1;1;1;1;1;2
3158;1;1;1;1;1;1;2;1;1
3159;1;1;1;1;1;1;2;3;3
3160;1;1;1;1;1;0;NA;NA;NA
3161;1;1;1;1;2;1;NA;NA;NA
3162;1;1;1;1;NA;0;NA;NA;NA
3163;1;1;1;2;2;2;2;1;2
3164;1;1;1;1;2;1;1;1;2
3165;1;1;1;1;1;2;1;1;1
3166;1;1;1;1;1;0;3;4;0
3167;1;1;1;0;0;NA;NA;NA;NA
3168;1;1;1;1;1;0;1;1;1
3169;1;1;1;1;1;NA;1;0;0
3170;1;1;1;1;1;NA;2;1;3
3171;1;1;1;1;1;NA;0;1;1
3172;1;1;1;0;0;NA;1;0;0
3173;1;1;1;1;1;NA;1;2;2
3174;1;1;1;1;1;NA;2;1;1
3175;1;1;1;1;1;NA;1;2;2
3176;1;1;1;1;1;NA;1;1;2
3177;1;1;1;1;1;1;2;2;1
3178;1;1;1;1;1;1;2;2;2
3179;1;1;1;1;1;1;0;1;1
3180;1;1;1;1;1;1;1;2;1
3181;1;1;1;1;1;2;3;4;5
3182;1;1;1;2;1;2;2;2;2
3183;1;1;1;1;1;1;2;1;1
3184;1;1;1;1;1;2;1;1;1
3185;1;1;1;1;1;1;1;1;2
3186;1;1;1;1;1;2;0;1;1
3187;1;1;1;1;1;0;1;1;1
3188;1;1;1;1;1;1;1;0;1
3189;1;1;1;1;1;0;1;1;1
3190;1;1;1;1;1;NA;1;2;2
3191;1;1;1;1;1;1;2;2;2
3192;1;1;1;1;1;1;1;2;2
3193;1;1;1;1;1;0;1;1;1
3194;1;1;1;1;1;NA;0;1;1
3195;1;1;1;1;2;NA;0;1;1
3196;1;1;1;1;0;NA;1;1;0
3197;1;1;1;1;1;NA;2;3;3
3198;1;1;1;1;1;1;1;1;0
3199;1;1;1;1;1;2;1;1;1
3200;1;1;1;1;1;1;2;1;1
3201;1;1;1;1;1;2;1;3;1
3202;1;1;1;1;1;0;1;1;1
3203;1;1;1;1;1;NA;1;2;2
3204;1;1;1;1;1;0;1;1;1
3205;1;1;1;1;1;NA;2;1;1
3206;1;1;1;1;1;NA;1;1;0
3207;1;1;1;1;1;2;1;1;1
3208;1;1;1;1;1;2;1;1;1
3209;1;1;1;1;1;2;1;1;1
3210;1;1;1;1;1;NA;2;1;1
3211;1;1;1;1;1;NA;1;1;2
3212;1;1;1;1;1;NA;2;1;1
3213;1;1;1;1;1;1;2;1;1
3214;1;1;1;1;2;1;1;1;1
3215;1;1;1;1;1;2;1;1;1
3216;1;1;1;1;1;2;1;1;1
3217;1;1;1;1;1;0;3;1;1
3218;1;1;1;1;1;NA;NA;0;0
3219;1;1;1;1;1;NA;NA;2;2
3220;1;1;1;1;1;0;1;1;1
3221;1;1;1;1;1;NA;0;1;1
3222;1;1;1;1;1;0;1;1;1
3223;1;1;1;1;1;NA;2;3;3
3224;1;1;1;1;0;NA;NA;NA;NA
3225;1;1;1;2;2;NA;1;1;1
3226;1;2;2;2;3;NA;2;2;4
3227;1;1;1;2;1;NA;3;1;2
3228;1;1;1;1;1;NA;2;1;3
3229;1;1;1;2;2;NA;1;2;1
3230;1;1;1;2;2;NA;2;1;2
3231;1;1;1;1;1;2;1;1;1
3232;1;1;1;1;1;NA;2;1;1
3233;1;1;1;1;1;1;2;1;1
3234;1;1;1;1;1;2;1;1;1
3235;1;1;1;1;1;0;1;1;1
3236;1;1;1;1;1;NA;2;1;1
3237;1;0;0;1;1;NA;0;1;0
3238;1;1;1;1;1;NA;2;1;1
3239;1;1;1;1;1;NA;0;3;3
3240;1;1;1;1;1;NA;2;1;1
3241;1;1;1;0;0;NA;NA;0;0
3242;1;1;1;2;2;NA;NA;1;1
3243;1;1;1;1;2;NA;1;1;1
3244;1;1;1;1;1;NA;2;1;1
3245;1;1;1;1;0;NA;0;1;0
3246;1;1;1;1;2;NA;1;1;1
3247;1;1;1;1;1;2;0;1;1
3248;1;1;1;1;1;0;1;1;0
3249;1;1;1;1;1;1;2;1;1
3250;1;1;1;1;0;0;1;1;1
3251;1;1;1;1;1;1;1;2;1
3252;1;1;1;2;1;3;2;2;2
3253;1;1;1;1;1;0;1;1;1
3254;1;1;1;1;1;NA;0;0;0
3255;1;1;1;1;1;NA;2;1;1
3256;1;1;1;1;1;NA;2;3;3
3257;1;1;1;1;1;2;1;1;1
3258;1;1;1;1;1;NA;0;0;0
3259;1;1;1;1;1;NA;1;1;0
3260;1;1;1;1;1;NA;0;1;1
3261;1;1;1;2;2;NA;1;1;1
3262;1;1;1;1;1;0;1;1;1
3263;1;1;1;1;1;NA;1;2;2
3264;1;1;1;1;1;NA;1;1;0
3265;1;1;1;1;1;NA;0;1;1
3266;1;1;1;2;2;2;1;1;1
3267;1;1;1;1;1;1;0;1;1
3268;1;1;1;1;1;1;2;1;1
3269;1;1;1;1;2;1;1;1;1
3270;1;1;1;1;1;1;2;1;1
3271;1;1;1;2;1;1;1;1;1
3272;1;1;1;1;1;0;1;1;1
3273;1;1;1;1;1;NA;0;1;1
3274;1;1;1;1;0;1;1;1;1
3275;1;1;1;1;1;1;1;1;2
3276;1;1;1;1;1;1;1;2;2
3277;1;1;1;0;1;0;1;1;1
3278;1;2;1;1;2;2;1;1;1
3279;1;1;1;1;1;1;1;1;2
3280;1;1;1;1;1;0;1;1;1
3281;1;1;1;1;1;NA;0;1;1
3282;1;1;1;1;1;NA;0;1;1
3283;1;1;1;1;0;NA;NA;1;3
3284;1;1;1;1;1;NA;NA;1;0
3285;1;1;1;1;1;NA;1;1;2
3286;1;1;1;1;1;NA;1;1;2
3287;1;1;1;1;1;NA;1;2;NA
3288;1;1;1;1;1;NA;0;0;NA
3289;1;1;1;1;1;NA;1;2;NA
3290;1;1;1;1;1;0;1;0;1
3291;1;1;1;1;1;2;1;2;1
3292;1;1;1;1;1;1;2;1;1
3293;1;1;1;1;1;1;1;1;0
3294;1;1;1;1;1;1;1;1;0
3295;1;1;1;1;2;1;1;1;1
3296;1;1;1;1;NA;1;2;3;4
3297;1;1;1;2;2;1;2;3;3
3298;1;1;1;1;1;0;0;0;0
3299;1;1;1;1;1;0;1;1;1
3300;1;1;1;1;1;NA;2;2;2
3301;1;1;1;1;1;1;1;1;0
3302;1;1;1;1;1;2;2;3;1
3303;1;1;1;0;1;NA;NA;NA;1
3304;1;1;1;1;1;0;1;1;0
3305;1;1;1;1;1;1;2;1;1
3306;1;1;1;1;1;1;1;1;2
3307;1;1;1;1;1;0;1;1;1
3308;1;1;1;1;1;NA;2;1;1
3309;1;1;1;1;1;NA;1;1;2
3310;1;1;1;1;1;0;1;1;1
3311;1;1;1;1;1;0;1;1;1
3312;1;1;1;1;1;NA;1;1;0
3313;1;1;1;1;1;NA;2;2;2
3314;1;1;1;1;1;NA;0;0;0
3315;1;1;1;1;2;1;1;1;1
3316;1;1;1;1;NA;1;2;1;1
3317;1;1;1;1;0;1;1;1;1
3318;1;1;1;1;1;0;1;1;1
3319;1;1;1;1;1;2;1;1;1
3320;1;1;1;1;1;NA;0;1;0
3321;1;1;1;1;1;1;1;1;2
3322;1;1;1;1;1;1;1;1;0
3323;1;1;1;1;1;1;1;2;2
3324;1;1;1;1;2;2;1;1;1
3325;1;1;1;1;1;1;2;3;4
3326;1;1;1;1;1;0;1;1;1
3327;1;1;1;1;1;1;1;1;2
3328;1;1;1;1;1;0;0;0;1
3329;1;1;1;1;1;0;0;1;1
3330;1;1;1;1;1;1;2;1;1
3331;1;1;1;1;1;1;0;1;1
3332;1;1;1;1;1;1;1;2;2
3333;1;1;1;1;1;0;1;1;1
3334;1;1;1;2;1;NA;1;1;1
3335;1;1;1;1;1;1;1;2;2
3336;1;1;1;1;1;0;1;1;1
3337;1;1;1;1;0;3;1;1;1
3338;1;1;1;1;NA;NA;2;1;1
3339;1;1;1;1;1;0;1;1;1
3340;1;1;1;1;1;0;0;1;1
3341;1;1;1;1;1;1;2;1;1
3342;1;1;1;0;1;1;1;1;1
3343;1;1;1;1;1;1;1;1;0
3344;1;1;1;1;1;0;1;1;1
3345;1;1;1;1;1;1;2;1;3
3346;1;1;1;1;1;0;1;1;1
3347;1;1;1;1;0;1;1;1;1
3348;1;1;1;1;1;1;1;0;0
3349;1;1;1;1;1;1;1;1;2
3350;1;1;1;1;2;1;1;1;1
3351;1;1;1;1;1;1;1;2;3
3352;1;1;1;1;1;2;1;1;1
3353;1;1;1;1;1;0;0;1;1
3354;1;1;1;1;1;0;0;1;1
3355;1;1;1;1;1;0;1;1;1
3356;1;1;1;1;1;1;2;1;1
3357;1;1;1;1;1;1;1;1;2
3358;1;1;1;1;1;1;2;1;1
3359;1;2;1;1;1;1;1;1;3
3360;1;1;1;1;1;1;2;1;1
3361;1;1;1;1;1;1;2;2;2
3362;1;1;1;1;1;2;2;2;2
3363;1;1;1;1;1;0;1;1;1
3364;1;2;3;2;2;NA;2;1;1
3365;1;1;1;1;1;1;2;3;2
3366;1;1;1;1;1;0;1;1;1
3367;1;1;1;1;1;NA;2;1;1
3368;1;1;2;1;1;NA;NA;1;1
3369;1;1;1;1;1;1;2;1;1
3370;1;1;1;1;2;1;2;2;2
3371;1;1;1;2;3;1;1;1;1
3372;1;1;1;1;2;1;1;1;1
3373;1;1;1;1;2;2;1;1;1
3374;1;1;1;1;2;2;1;1;1
3375;1;1;1;1;1;2;2;1;1
3376;1;1;1;1;1;0;1;1;1
3377;1;1;1;1;2;1;1;1;1
3378;1;1;1;1;1;0;3;4;1
3379;1;1;1;1;1;2;2;2;2
3380;1;1;1;1;1;1;1;2;2
3381;1;1;1;1;1;0;1;1;1
3382;1;1;1;1;1;NA;2;1;1
3383;1;1;1;1;1;2;1;1;1
3384;1;1;1;1;1;2;2;1;1
3385;1;1;1;1;1;1;0;1;1
3386;1;2;2;2;2;2;1;1;2
3387;1;1;1;1;1;2;1;1;1
3388;1;1;1;1;1;1;0;1;1
3389;1;1;1;1;1;2;1;1;1
3390;1;1;1;1;1;0;3;4;4
3391;1;1;1;1;1;0;1;1;1
3392;1;1;1;1;1;1;0;0;0
3393;1;1;1;1;1;2;1;1;1
3394;1;1;1;1;1;1;1;2;1
3395;1;1;1;1;1;0;1;1;1
3396;1;1;1;1;1;1;0;1;1
3397;1;1;1;1;1;1;1;1;2
3398;1;1;1;1;1;1;0;1;1
3399;1;1;1;1;0;3;1;1;1
3400;1;1;1;1;1;2;1;1;1
3401;1;1;1;1;1;1;2;1;1
3402;1;1;1;1;1;1;2;2;2
3403;1;1;1;1;1;0;1;1;1
3404;1;1;1;1;1;NA;2;2;2
3405;1;1;1;2;2;NA;NA;NA;NA
3406;1;1;1;1;1;NA;2;3;4
3407;1;1;1;1;1;2;1;1;1
3408;1;1;1;1;1;0;1;1;1
3409;1;1;1;1;2;1;1;1;1
3410;1;1;1;1;1;0;0;1;3
3411;1;1;1;1;1;1;2;3;3
3412;1;1;1;1;1;0;1;1;1
3413;1;1;1;1;1;NA;1;2;2
3414;1;1;1;1;1;0;1;1;1
3415;1;2;1;3;1;NA;1;1;1
3416;1;1;1;0;1;NA;3;1;1
3417;1;1;1;1;1;NA;2;1;1
3418;1;1;1;1;2;NA;NA;1;1
3419;1;1;1;0;0;0;0;1;1
3420;1;1;1;0;0;0;1;1;1
3421;1;1;1;0;0;0;0;1;1
3422;1;1;1;1;1;1;2;1;1
3423;1;1;1;1;1;0;1;3;1
3424;1;1;1;1;1;0;3;1;0
3425;1;1;1;1;1;0;1;1;1
3426;1;1;1;1;1;0;1;1;1
3427;1;1;1;1;1;1;1;2;2
3428;1;1;1;1;1;0;0;0;0
3429;1;1;1;1;2;1;1;1;1
3430;1;1;1;1;1;1;1;1;2
3431;1;1;1;1;1;0;1;1;1
3432;1;1;1;1;1;NA;2;3;1
3433;1;1;1;1;2;1;1;1;3
3434;1;1;1;1;1;1;2;1;1
3435;1;1;1;1;1;0;1;1;1
3436;1;1;1;1;1;NA;1;0;0
3437;1;1;1;1;1;NA;2;2;1
3438;1;1;1;1;1;2;1;1;1
3439;1;1;1;1;1;1;0;3;3
3440;1;1;1;1;1;1;1;2;1
3441;1;1;1;1;1;1;1;2;1
3442;1;1;1;1;1;1;1;1;2
3443;1;1;1;1;1;0;0;1;1
3444;1;1;1;1;1;1;1;0;0
3445;1;1;1;1;1;1;2;3;4
3446;1;1;1;1;1;0;NA;NA;NA
3447;1;1;1;1;1;0;1;1;1
3448;1;1;1;1;1;2;2;1;1
3449;1;1;1;1;1;1;0;0;1
3450;1;1;1;1;1;0;1;1;1
3451;1;1;2;2;2;NA;2;2;1
3452;1;1;1;1;1;1;1;2;2
3453;1;1;1;1;0;1;1;1;1
3454;1;1;1;1;1;0;3;4;5
3455;1;1;1;1;1;0;1;1;1
3456;1;2;1;3;3;NA;1;1;1
3457;1;1;1;1;1;NA;2;3;4
3458;1;1;1;1;1;NA;1;1;2
3459;1;1;1;1;1;NA;0;3;3
3460;1;1;1;1;1;NA;2;1;1
3461;1;1;1;1;0;NA;0;1;1
3462;1;1;1;1;1;NA;2;1;1
3463;1;1;1;1;1;NA;2;1;0
3464;1;1;1;1;1;0;0;1;1
3465;1;1;1;1;1;0;3;1;1
3466;1;1;1;1;1;2;1;1;1
3467;1;1;1;1;1;1;2;1;1
3468;1;1;1;1;1;0;NA;1;1
3469;1;1;1;1;1;NA;NA;1;0
3470;1;1;1;1;1;0;NA;1;0
3471;1;1;1;1;1;1;2;1;1
3472;1;1;1;1;1;2;1;1;1
3473;1;1;1;0;0;NA;0;0;0
3474;1;1;1;1;1;0;0;0;0
3475;1;1;1;1;1;0;1;1;1
3476;1;1;1;2;2;NA;2;1;1
3477;1;1;1;1;1;NA;1;2;2
3478;1;1;1;1;1;2;1;1;1
3479;1;1;1;1;1;0;0;1;1
3480;1;1;1;1;1;0;1;1;0
3481;1;1;1;1;1;1;2;1;1
3482;1;1;1;1;1;3;1;2;3
3483;1;1;1;1;1;2;1;1;1
3484;1;1;1;1;1;0;0;0;0
3485;1;1;1;1;1;1;2;1;1
3486;1;1;1;1;1;0;1;1;1
3487;1;1;1;1;1;NA;1;1;2
3488;1;1;1;1;1;NA;0;0;0
3489;1;1;1;1;1;1;1;1;2
3490;1;1;1;1;1;1;2;1;1
3491;1;1;1;1;1;1;1;1;2
3492;1;1;1;1;1;0;1;1;1
3493;1;1;1;1;2;NA;1;1;1
3494;1;1;1;1;1;NA;2;2;2
3495;1;1;1;1;1;1;2;1;1
3496;1;1;1;1;1;0;NA;1;1
3497;1;1;1;1;1;1;NA;0;0
3498;1;1;1;1;1;1;2;1;1
3499;1;1;1;1;1;2;NA;0;0
3500;1;1;1;2;2;0;0;0;0
3501;1;1;1;1;1;1;2;1;1
3502;1;1;1;1;1;0;0;1;0
3503;1;1;1;1;0;0;1;1;1
3504;1;1;1;1;1;1;0;1;1
3505;1;1;1;2;2;1;1;1;1
3506;1;1;1;1;1;2;2;1;1
3507;1;1;1;1;1;0;1;1;0
3508;1;1;1;1;1;1;1;2;1
3509;1;0;1;1;1;3;4;4;4
3510;1;1;1;0;1;1;1;1;1
3511;1;1;1;1;1;0;1;1;1
3512;1;1;1;1;1;0;3;4;5
3513;1;1;1;1;1;0;1;1;1
3514;1;2;1;1;1;1;2;1;1
3515;1;1;1;1;1;2;3;4;5
3516;1;1;1;1;1;0;1;1;1
3517;1;1;1;1;1;NA;0;0;0
3518;1;1;1;2;1;3;1;1;1
3519;1;1;1;1;1;2;3;3;3
3520;1;1;1;1;1;2;1;1;1
3521;1;1;1;1;1;NA;2;1;1
3522;1;1;1;1;1;0;1;1;1
3523;1;1;1;1;1;NA;0;1;1
3524;1;1;1;1;1;2;1;1;1
3525;1;1;1;1;1;NA;2;1;1
3526;1;1;1;1;1;NA;1;0;1
3527;1;1;1;1;1;1;1;1;0
3528;1;1;1;1;1;1;0;0;NA
3529;1;1;1;1;1;1;2;1;NA
3530;1;1;1;2;2;2;1;1;NA
3531;1;1;1;1;1;1;0;1;NA
3532;1;1;1;1;1;1;2;1;NA
3533;1;1;1;1;1;0;0;1;NA
3534;1;1;1;1;2;1;1;1;NA
3535;1;1;1;1;1;1;0;1;NA
3536;1;1;1;1;1;0;1;1;NA
3537;1;1;1;1;1;NA;2;1;NA
3538;1;1;1;1;1;0;0;1;NA
3539;1;1;1;1;1;1;0;1;NA
3540;1;1;1;1;0;1;NA;1;NA
3541;1;1;1;1;1;0;1;1;NA
3542;1;1;1;1;1;0;1;1;NA
3543;1;1;1;1;1;0;1;1;NA
3544;1;1;1;1;1;1;2;1;1
3545;1;1;1;1;1;1;0;0;0
3546;1;1;1;1;1;1;1;1;2
3547;1;1;1;1;1;1;2;2;2
3548;1;1;1;1;1;1;2;1;1
3549;1;1;1;1;1;0;NA;1;1
3550;1;1;1;1;1;0;1;1;1
3551;1;1;1;1;1;1;1;1;2
3552;1;1;1;1;1;1;2;2;2
3553;1;1;1;1;1;1;1;1;2
3554;1;1;1;1;1;1;2;1;1
3555;1;1;1;1;2;1;1;1;1
3556;1;1;1;1;1;0;3;1;1
3557;1;1;1;1;1;0;0;1;1
3558;1;1;1;1;1;1;2;1;1
3559;1;1;1;1;1;1;2;3;3
3560;1;1;1;1;1;1;2;1;1
3561;1;1;1;1;1;1;0;1;1
3562;1;1;1;1;1;2;2;1;1
3563;1;1;1;1;1;1;2;1;1
3564;1;1;1;1;1;1;2;1;1
3565;1;1;1;1;2;1;1;1;1
3566;1;1;1;1;1;1;1;1;0
3567;1;1;1;1;1;1;2;1;NA
3568;1;1;1;1;1;2;2;1;1
3569;1;1;1;1;1;2;1;1;1
3570;1;1;1;1;1;2;1;3;3
3571;1;1;1;1;1;1;2;1;1
3572;1;1;1;1;1;1;2;1;1
3573;1;1;1;1;1;1;NA;1;2
3574;1;1;2;1;1;1;1;1;1
3575;1;1;1;1;1;1;1;1;0
3576;1;1;1;1;1;0;0;3;1
3577;1;1;1;1;1;1;0;3;3
3578;1;1;1;1;1;1;2;2;1
3579;1;1;1;1;1;1;1;1;2
3580;1;1;2;1;1;1;1;2;1
3581;1;1;1;1;1;1;2;1;2
3582;1;1;1;1;1;1;0;0;1
3583;1;1;1;1;1;1;2;2;2
3584;1;1;1;1;1;1;0;0;0
3585;1;1;1;1;1;1;2;1;1
3586;1;1;1;1;1;1;2;1;1
3587;1;1;1;1;1;1;1;2;2
3588;1;1;1;1;1;1;2;1;1
3589;1;1;1;2;1;1;NA;1;1
3590;1;1;1;0;0;1;NA;0;0
3591;1;1;1;1;2;1;NA;0;0
3592;1;1;1;1;1;1;0;3;1
3593;1;1;1;1;1;2;1;1;1
3594;1;1;1;1;1;0;1;0;0
3595;1;1;1;1;1;0;1;1;1
3596;1;1;1;1;1;NA;2;1;0
3597;1;1;1;1;2;NA;NA;1;NA
3598;1;1;1;1;1;1;1;1;2
3599;1;1;1;1;1;1;1;1;0
3600;1;1;1;1;1;0;1;1;1
3601;1;1;1;1;1;1;2;1;1
3602;1;1;1;1;1;1;1;2;1
3603;1;1;1;1;1;0;1;NA;1
3604;1;1;1;1;1;0;1;1;1
3605;1;1;1;1;1;NA;1;1;2
3606;1;1;1;1;1;1;2;1;2
3607;1;1;1;1;1;0;3;1;1
3608;1;1;1;1;0;0;0;1;1
3609;1;1;1;1;1;0;1;1;1
3610;1;1;1;1;1;NA;2;1;1
3611;1;1;1;1;1;NA;2;1;1
3612;1;1;1;1;1;1;2;1;2
3613;1;1;1;1;1;3;2;3;4
3614;1;1;1;1;1;1;1;1;0
3615;1;1;1;1;1;1;2;3;3
3616;1;1;1;1;1;0;NA;NA;NA
3617;1;1;1;1;1;0;1;1;NA
3618;1;1;1;1;1;2;3;2;4
3619;1;1;1;1;1;0;1;1;1
3620;1;1;1;1;1;2;1;1;1
3621;1;1;1;1;1;0;3;3;3
3622;1;1;1;1;2;1;1;1;1
3623;1;1;1;1;1;1;2;1;1
3624;1;1;1;0;1;3;1;0;0
3625;1;1;1;NA;2;NA;2;NA;NA
3626;1;0;0;NA;0;NA;0;NA;NA
3627;1;1;1;1;1;1;1;0;0
3628;1;1;1;1;1;1;2;NA;NA
3629;1;1;1;1;1;1;2;NA;NA
3630;1;1;1;0;1;1;1;NA;NA
3631;1;1;1;1;1;0;1;NA;NA
3632;1;1;1;2;2;1;1;NA;NA
3633;1;1;1;1;1;1;2;NA;NA
3634;1;2;2;2;2;2;2;NA;NA
3635;1;1;1;1;1;1;2;NA;NA
3636;1;1;1;1;1;0;1;NA;NA
3637;1;1;1;1;1;1;2;NA;NA
3638;1;1;1;1;1;0;1;NA;NA
3639;1;1;1;1;1;0;1;NA;NA
3640;1;1;1;1;1;1;2;NA;NA
3641;1;1;1;1;1;1;2;NA;NA
3642;1;1;1;1;1;0;1;NA;NA
3643;1;1;1;1;1;2;1;NA;NA
3644;1;1;1;1;1;0;1;NA;NA
3645;1;1;1;1;1;2;1;NA;NA
3646;1;1;1;1;1;NA;0;NA;NA
3647;1;1;1;1;1;NA;2;NA;NA
3648;1;1;1;1;1;0;0;NA;NA
3649;1;1;1;1;1;1;0;NA;NA
3650;1;1;1;1;1;0;1;NA;NA
3651;1;0;0;0;0;NA;1;NA;NA
3652;1;1;1;1;1;NA;2;NA;NA
3653;1;1;1;1;1;2;1;NA;NA
3654;1;1;1;1;1;0;1;NA;NA
3655;1;1;1;2;2;NA;1;NA;NA
3656;1;1;1;1;1;0;0;NA;NA
3657;1;1;1;1;1;0;0;NA;NA
3658;1;1;1;1;1;1;2;NA;NA
3659;1;1;1;1;1;1;2;NA;NA
3660;1;1;1;1;1;0;NA;NA;NA
3661;1;1;1;1;1;2;1;NA;NA
3662;1;1;1;1;1;1;2;NA;NA
3663;1;1;1;1;1;2;1;NA;NA
3664;1;1;1;1;1;NA;2;NA;NA
3665;1;1;1;1;1;1;2;NA;NA
3666;1;1;1;1;1;1;2;NA;NA
3667;1;0;1;1;3;1;0;NA;NA
3668;1;1;1;1;1;1;0;NA;NA
3669;1;1;1;1;1;1;2;NA;NA
3670;1;1;1;1;2;1;NA;NA;NA
3671;1;2;2;2;2;2;2;NA;NA
3672;1;1;1;1;1;1;2;NA;NA
3673;1;1;1;2;2;2;1;NA;NA
3674;1;1;1;1;2;1;0;NA;NA
3675;1;1;1;1;1;0;0;NA;NA
3676;1;1;1;1;1;2;1;NA;NA
3677;1;1;1;1;1;0;1;NA;NA
3678;1;1;1;1;2;1;1;NA;NA
3679;1;1;1;1;1;1;0;NA;NA
3680;1;1;1;1;1;1;2;NA;NA
3681;1;1;1;2;2;2;NA;NA;NA
3682;1;1;1;0;0;0;1;NA;NA
3683;1;1;1;1;1;0;0;NA;NA
3684;1;1;1;1;1;1;2;NA;NA
3685;1;1;1;1;1;0;1;NA;NA
3686;1;1;1;2;3;3;1;NA;NA
3687;1;1;2;1;1;1;1;NA;NA
3688;1;1;1;2;2;3;4;NA;NA
3689;1;1;1;1;1;1;2;NA;NA
3690;1;1;1;1;1;0;1;NA;NA
3691;1;1;1;2;2;NA;1;NA;NA
3692;1;1;1;1;1;NA;2;NA;NA
3693;1;1;1;1;1;1;2;NA;NA
3694;1;1;1;1;1;1;2;NA;NA
3695;1;1;1;1;1;1;2;NA;NA
3696;1;1;1;1;1;1;2;NA;NA
3697;1;1;1;1;1;1;2;NA;NA
3698;1;1;1;1;1;0;NA;NA;NA
3699;1;1;1;2;2;3;2;NA;NA
3700;1;1;1;1;0;1;1;NA;NA
3701;1;1;1;1;2;1;1;NA;NA
3702;1;1;1;0;NA;0;0;NA;NA
3703;1;1;1;2;2;2;1;NA;NA
3704;1;1;1;2;1;1;0;NA;NA
3705;1;1;1;1;1;1;1;0;0
3706;1;2;1;2;2;2;1;NA;NA
3707;1;1;1;1;1;1;2;NA;NA
3708;1;1;1;1;1;1;2;NA;NA
3709;1;1;1;1;1;0;1;NA;NA
3710;1;0;1;1;1;1;0;NA;NA
3711;1;1;1;1;1;1;2;NA;NA
3712;1;1;1;1;1;2;NA;NA;NA
3713;1;1;1;1;1;0;1;NA;NA
3714;1;1;1;1;1;1;2;NA;NA
3715;1;1;1;1;0;0;0;NA;NA
3716;1;1;1;1;1;1;2;NA;NA
3717;1;1;1;1;1;1;0;NA;NA
3718;1;1;1;1;1;0;1;NA;NA
3719;1;1;1;1;0;1;1;NA;NA
3720;1;1;1;0;1;1;1;NA;NA
3721;1;1;1;1;0;1;1;NA;NA
3722;1;1;1;1;0;1;1;NA;NA
3723;1;2;1;1;NA;1;1;NA;NA
3724;1;1;1;1;1;1;2;NA;NA
3725;1;1;1;1;1;1;2;NA;NA
3726;1;1;1;1;1;0;1;NA;NA
3727;1;1;1;1;1;NA;2;NA;NA
3728;1;0;1;1;0;NA;1;NA;NA
3729;1;1;1;1;1;1;2;NA;NA
3730;1;1;1;1;1;0;3;NA;NA
3731;1;1;1;1;1;0;1;NA;NA
3732;1;1;1;1;1;1;2;NA;NA
3733;1;1;1;1;1;1;0;NA;NA
3734;1;1;1;1;1;0;1;NA;NA
3735;1;1;1;1;1;0;1;NA;NA
3736;1;1;1;1;1;1;0;NA;NA
3737;1;1;1;1;1;2;NA;NA;NA
3738;1;1;1;1;0;1;1;NA;NA
3739;1;1;1;2;NA;1;1;NA;NA
3740;1;1;1;1;1;1;2;NA;NA
3741;1;1;1;2;2;1;3;NA;NA
3742;1;1;1;1;1;0;3;NA;NA
3743;1;1;1;1;1;1;2;NA;NA
3744;1;1;1;1;1;0;NA;NA;NA
3745;1;1;1;1;1;1;2;NA;NA
3746;1;1;1;2;2;2;1;NA;NA
3747;1;1;1;1;1;1;0;NA;NA
3748;1;1;1;1;1;1;0;NA;NA
3749;1;2;2;2;2;2;2;NA;NA
3750;1;1;1;1;1;1;0;NA;NA
3751;1;1;1;1;2;1;1;NA;NA
3752;1;1;1;1;1;0;1;NA;NA
3753;1;1;1;1;1;2;3;NA;NA
3754;1;1;1;1;1;2;1;NA;NA
3755;1;1;1;1;1;1;1;0;0
3756;1;2;1;1;1;1;3;NA;NA
3757;1;1;1;1;1;1;0;NA;NA
3758;1;1;1;1;1;1;2;NA;NA
3759;1;1;1;1;1;0;1;NA;NA
3760;1;2;1;1;1;NA;1;NA;NA
3761;1;1;1;0;1;NA;0;NA;NA
3762;1;1;1;1;1;NA;2;NA;NA
3763;1;1;1;1;1;1;0;NA;NA
3764;1;1;1;1;1;1;2;NA;NA
3765;1;1;1;1;1;1;2;NA;NA
3766;1;1;1;1;2;1;1;NA;NA
3767;1;1;1;1;1;2;1;NA;NA
3768;1;1;1;1;1;0;1;NA;NA
3769;1;1;1;1;1;1;2;NA;NA
3770;1;2;1;2;2;2;1;NA;NA
3771;1;1;1;1;1;0;1;NA;NA
3772;1;1;1;1;1;0;1;NA;NA
3773;1;1;1;1;1;0;1;NA;NA
3774;1;1;1;1;1;0;1;NA;NA
3775;1;2;1;2;2;3;2;NA;NA
