;C1;D;E2;F2;G1;M1;N1
1;1;1;1;1;2;1;1
2;1;1;1;0;NA;1;1
3;1;1;1;1;NA;1;2
4;1;1;1;1;NA;1;2
5;1;1;0;1;NA;1;1
6;1;1;1;0;1;1;1
7;1;1;1;0;1;1;1
8;1;1;0;NA;1;1;1
9;3;1;0;1;4;5;6
10;1;1;1;0;1;1;1
11;1;1;1;NA;1;0;1
12;1;1;1;NA;1;2;2
13;1;1;2;1;1;1;1
14;1;3;1;0;1;1;1
15;1;2;2;3;2;2;1
16;1;1;1;2;1;2;1
17;1;1;1;1;1;1;2
18;1;1;1;0;1;1;1
19;1;1;1;NA;1;2;1
20;1;1;1;1;1;1;2
21;1;1;1;0;1;1;1
22;1;1;2;1;1;1;1
23;1;1;1;0;1;1;1
24;1;1;1;0;1;1;1
25;1;1;1;1;1;0;1
26;1;1;1;0;3;1;4
27;1;1;1;0;1;1;1
28;1;1;1;2;1;1;2
29;1;1;1;0;0;1;1
30;1;1;1;0;1;1;1
31;1;1;1;0;1;1;1
32;1;1;1;NA;1;2;2
33;1;1;2;NA;1;1;1
34;1;1;2;NA;1;1;1
35;1;1;2;NA;0;4;4
36;1;1;2;NA;2;2;2
37;1;1;1;NA;2;2;2
38;1;1;1;1;1;2;2
39;1;1;1;0;2;1;1
40;1;1;1;NA;NA;2;2
41;1;1;0;0;1;1;1
42;1;1;1;1;0;0;0
43;1;1;1;1;2;2;2
44;1;1;1;0;1;1;1
45;1;1;1;NA;0;1;1
46;1;1;1;NA;1;1;2
47;1;1;1;NA;1;2;1
48;1;1;1;1;2;3;4
49;1;1;1;0;3;1;1
50;1;2;4;3;5;1;2
51;1;1;1;1;1;1;2
52;1;1;1;0;1;1;0
53;1;1;1;0;1;1;1
54;1;1;1;2;1;1;1
55;1;1;1;0;1;1;1
56;1;1;1;0;1;1;3
57;1;1;1;2;1;1;1
58;1;1;1;0;1;1;1
59;1;1;1;2;1;1;1
60;1;1;1;1;1;2;1
61;1;1;1;1;1;2;2
62;1;1;2;1;2;1;2
63;1;1;1;1;0;1;0
64;1;1;2;1;1;1;1
65;1;1;1;0;1;1;1
66;1;1;1;NA;2;1;1
67;1;1;1;NA;2;3;3
68;1;1;0;NA;NA;NA;NA
69;1;1;0;NA;0;1;0
70;1;1;1;1;2;1;1
71;1;1;1;0;NA;1;1
72;1;1;1;1;NA;1;2
73;1;0;0;0;NA;1;0
74;1;2;1;1;NA;1;1
75;1;1;1;0;NA;1;1
76;1;1;1;0;NA;1;1
77;1;1;1;0;NA;3;3
78;1;1;1;0;0;0;0
79;1;1;0;1;1;1;1
80;1;1;1;1;2;1;1
81;1;0;0;0;0;0;0
82;1;1;1;1;2;3;4
83;1;1;1;1;0;1;1
84;1;1;1;0;1;1;1
85;1;1;1;0;1;1;1
86;1;2;2;NA;1;1;1
87;1;1;1;1;1;2;3
88;1;1;1;0;1;1;1
89;1;1;0;1;1;1;1
90;1;1;1;0;1;1;1
91;1;1;1;NA;1;1;2
92;1;1;1;NA;2;1;1
93;1;1;1;NA;2;1;1
94;1;1;1;NA;1;2;2
95;1;1;1;NA;0;1;1
96;1;1;1;NA;2;2;2
97;1;1;1;NA;2;3;4
98;1;1;2;NA;NA;NA;NA
99;1;1;1;NA;0;0;0
100;1;1;0;NA;NA;NA;NA
101;1;1;1;NA;2;1;1
102;1;1;0;NA;NA;1;1
103;1;1;1;NA;NA;2;2
104;1;1;1;0;1;1;1
105;1;0;1;0;0;0;0
106;1;1;1;2;2;2;2
107;1;1;1;0;1;1;1
108;1;1;2;NA;3;1;1
109;1;1;1;0;1;0;0
110;1;1;1;0;1;1;1
111;1;1;1;0;1;1;1
112;1;1;1;NA;2;2;2
113;1;2;3;NA;1;1;1
114;1;1;1;2;0;0;0
115;1;1;1;2;1;1;1
116;1;1;1;1;1;0;1
117;1;1;1;0;1;0;1
118;1;1;1;0;1;1;1
119;1;1;1;NA;2;3;3
120;1;1;1;0;1;1;1
121;1;1;0;NA;0;1;1
122;1;1;2;NA;1;0;1
123;1;1;0;NA;1;1;1
124;1;1;1;NA;1;1;2
125;1;1;1;NA;2;1;1
126;1;1;1;0;1;1;1
127;1;1;1;2;3;3;3
128;1;1;1;1;1;2;2
129;1;1;1;1;0;0;0
130;1;1;1;2;1;1;1
131;1;1;1;1;1;1;2
132;1;1;1;0;3;1;1
133;1;1;1;NA;NA;1;2
134;1;1;1;0;1;1;1
135;1;1;1;1;2;2;2
136;1;1;1;1;2;3;4
137;1;1;1;0;1;1;1
138;1;1;1;NA;2;1;1
139;1;1;1;NA;1;1;0
140;1;1;1;NA;0;1;1
141;1;1;1;NA;0;0;0
142;1;1;1;NA;1;2;1
143;1;0;0;NA;0;NA;0
144;1;1;1;NA;1;2;3
145;1;1;1;NA;0;0;0
146;1;1;1;0;1;1;1
147;1;0;0;0;1;1;1
148;1;1;1;0;0;1;1
149;1;1;1;2;1;1;1
150;1;1;1;1;1;1;2
151;1;2;1;1;1;1;1
152;1;1;1;0;1;1;1
153;1;1;1;NA;1;2;1
154;1;1;1;0;1;1;1
155;1;1;2;2;1;1;1
156;1;1;1;0;1;1;1
157;1;1;1;NA;1;2;1
158;1;1;2;2;2;2;2
159;1;1;1;1;2;2;2
160;1;1;1;1;0;1;1
161;1;1;1;1;1;2;1
162;1;1;1;0;1;NA;1
163;1;1;1;2;1;3;1
164;1;1;1;1;2;1;1
165;1;1;1;2;NA;1;1
166;1;1;1;1;2;1;0
167;1;1;1;0;1;1;1
168;1;1;1;2;1;1;1
169;1;1;1;NA;0;1;3
170;1;1;1;NA;2;1;1
171;1;1;1;2;1;1;1
172;1;2;2;0;2;1;1
173;1;1;1;1;2;1;1
174;1;1;1;0;1;1;3
175;1;1;1;0;1;3;3
176;1;1;1;1;0;0;0
177;1;1;2;1;NA;NA;NA
178;1;0;1;1;1;1;1
179;1;1;1;1;2;3;4
180;1;1;1;1;2;1;3
181;1;2;3;0;2;1;1
182;1;1;1;1;1;1;2
183;1;1;1;1;1;1;2
184;1;1;1;0;1;1;1
185;1;1;1;NA;1;0;1
186;1;1;1;2;2;1;1
187;1;1;1;0;1;1;1
188;1;1;1;1;1;0;1
189;1;1;1;1;0;1;1
190;1;1;1;1;2;3;4
191;1;2;1;1;2;1;1
192;1;1;1;1;1;2;2
193;1;1;1;1;2;1;1
194;1;1;2;0;0;2;2
195;1;1;1;2;1;1;1
196;1;1;1;NA;2;2;1
197;1;1;1;1;2;3;3
198;1;1;1;1;2;1;1
199;1;1;1;1;2;1;1
200;1;1;1;2;1;3;3
201;1;1;1;2;1;2;2
202;1;1;1;1;1;1;2
203;1;1;1;0;1;1;1
204;1;1;0;NA;1;1;1
205;1;1;1;1;2;1;1
206;1;1;1;2;NA;1;1
207;1;1;1;2;NA;1;1
208;1;1;1;1;2;1;1
209;1;1;1;1;0;0;0
210;1;1;1;1;2;1;1
211;1;1;1;0;NA;1;1
212;1;1;1;NA;NA;2;2
213;1;0;0;0;0;0;0
214;1;2;2;2;1;1;1
215;1;1;1;1;2;1;1
216;1;1;1;1;2;3;1
217;1;1;2;1;3;4;4
218;1;1;1;1;1;2;1
219;1;1;0;1;1;1;1
220;1;1;2;1;1;1;1
221;1;1;1;1;2;3;1
222;1;1;1;0;1;1;1
223;1;1;1;1;0;0;1
224;1;1;1;0;1;1;1
225;1;1;1;2;1;1;1
226;1;1;1;1;2;1;1
227;1;1;1;1;1;1;2
228;1;1;1;1;1;1;0
229;1;1;1;1;1;2;2
230;1;1;1;1;2;1;1
231;1;1;1;1;1;1;2
232;1;1;1;2;1;1;1
233;1;1;1;NA;1;2;2
234;1;1;2;NA;1;NA;NA
235;1;1;1;1;1;0;1
236;1;1;1;1;0;1;1
237;1;1;1;0;1;1;1
238;1;1;1;1;2;3;3
239;1;1;1;1;2;1;1
240;1;1;1;1;1;2;1
241;1;1;1;1;2;1;1
242;1;1;2;1;1;1;1
243;1;1;1;1;1;2;1
244;1;1;1;2;1;1;1
245;1;1;1;1;1;1;2
246;1;1;1;1;1;1;2
247;1;1;1;0;1;1;1
248;1;1;1;NA;1;1;2
249;1;1;1;1;2;1;1
250;1;1;1;1;2;2;2
251;1;1;1;1;2;1;1
252;1;1;1;0;1;1;1
253;1;1;1;NA;2;1;1
254;1;1;1;1;2;2;2
255;1;0;1;1;1;1;1
256;1;1;1;2;2;2;2
257;1;1;1;2;0;4;4
258;1;1;1;1;1;1;2
259;1;2;1;1;1;1;1
260;1;2;3;3;4;1;1
261;1;2;1;1;1;1;1
262;1;1;1;2;3;1;1
263;1;1;1;2;1;1;1
264;1;1;0;1;0;1;1
265;1;1;1;0;1;1;1
266;1;1;0;NA;0;1;1
267;1;2;2;2;1;2;3
268;1;1;1;1;1;0;0
269;1;1;1;0;1;1;1
270;1;1;2;1;1;1;1
271;1;1;1;0;1;1;1
272;1;1;1;0;1;1;1
273;1;1;1;NA;2;2;2
274;1;1;1;1;0;0;0
275;1;1;1;1;1;2;2
276;1;1;1;0;1;1;1
277;1;2;2;3;4;1;1
278;1;NA;NA;NA;NA;0;0
279;1;1;0;1;1;1;1
280;1;1;1;1;1;1;2
281;1;1;1;1;1;1;2
282;1;2;1;3;4;1;2
283;1;1;1;0;1;1;1
284;1;1;1;NA;1;2;2
285;1;1;1;2;1;1;1
286;1;1;1;2;3;1;1
287;1;1;1;1;2;1;1
288;1;2;2;2;1;1;1
289;1;1;1;1;1;2;3
290;1;1;0;1;1;1;1
291;1;1;1;0;1;0;1
292;1;1;1;1;1;2;2
293;1;1;1;1;2;3;3
294;1;1;1;1;0;1;1
295;1;1;1;0;1;1;1
296;1;1;1;NA;2;1;1
297;1;1;1;NA;1;2;2
298;1;1;1;NA;1;1;2
299;1;1;1;1;0;0;0
300;1;1;1;1;2;2;2
301;1;1;1;0;1;1;1
302;1;1;2;1;1;1;1
303;1;1;1;0;1;1;0
304;1;1;1;1;2;1;1
305;1;1;1;1;2;3;1
306;1;1;0;0;NA;NA;1
307;1;1;1;1;NA;NA;0
308;1;1;1;1;2;1;1
309;1;1;1;1;1;1;0
310;1;1;1;1;2;1;NA
311;1;1;1;0;1;1;1
312;1;1;1;1;2;2;2
313;1;1;0;1;NA;NA;NA
314;1;1;1;1;2;3;4
315;1;1;0;0;1;1;1
316;1;1;NA;NA;2;2;2
317;1;1;1;2;0;1;1
318;1;1;1;1;1;2;1
319;1;2;1;3;0;0;1
320;1;2;3;1;1;1;1
321;1;2;2;2;3;3;1
322;1;1;1;2;1;1;1
323;1;1;1;1;1;0;0
324;1;1;1;1;1;2;2
325;1;1;1;1;1;2;2
326;1;NA;0;1;0;NA;NA
327;1;NA;1;1;2;NA;NA
328;1;1;1;1;1;2;2
329;1;1;1;1;1;1;2
330;1;1;1;1;1;2;2
331;1;1;1;0;1;1;1
332;1;1;1;NA;1;1;2
333;1;1;1;0;1;1;1
334;1;1;1;1;1;1;2
335;1;1;1;1;1;2;NA
336;1;1;1;1;1;2;NA
337;1;1;1;1;1;1;2
338;1;1;1;1;2;1;1
339;1;1;1;2;3;1;1
340;1;1;1;0;1;1;1
341;1;1;1;NA;1;2;2
342;1;1;1;NA;0;NA;NA
343;1;1;1;2;1;1;1
344;1;1;1;NA;2;1;1
345;1;1;1;2;1;3;0
346;1;1;1;0;1;1;1
347;1;1;1;1;2;1;1
348;1;1;1;0;1;1;1
349;1;1;1;NA;1;2;2
350;1;1;1;1;1;0;0
351;1;1;1;2;2;2;2
352;1;1;1;1;2;3;1
353;1;1;1;2;1;1;3
354;1;1;1;0;0;1;0
355;1;0;1;1;1;1;1
356;1;1;1;2;1;1;1
357;1;2;2;NA;1;1;1
358;1;1;1;0;1;1;1
359;1;2;1;NA;1;1;1
360;1;1;1;0;1;1;1
361;1;1;1;1;1;2;2
362;1;1;1;1;1;2;1
363;1;1;2;3;1;2;1
364;1;1;2;1;1;2;1
365;1;1;1;1;1;1;2
366;1;1;1;1;2;1;1
367;1;1;1;2;1;1;1
368;1;1;1;1;2;3;3
369;1;1;1;0;1;0;0
370;1;1;1;1;2;1;1
371;1;1;1;1;2;1;1
372;1;1;1;1;2;3;3
373;1;2;1;2;1;2;1
374;1;2;1;1;1;1;1
375;1;2;3;1;4;5;5
376;1;NA;NA;2;NA;NA;NA
377;1;0;1;1;1;1;1
378;1;NA;2;0;1;4;4
379;1;0;1;0;0;1;0
380;1;1;1;1;2;1;1
381;1;0;0;0;1;1;1
382;1;NA;NA;NA;1;1;2
383;1;0;0;1;1;1;1
384;1;NA;NA;0;1;1;1
385;1;NA;NA;2;1;1;1
386;1;NA;NA;0;1;1;1
387;1;NA;NA;NA;2;1;1
388;1;NA;NA;NA;NA;1;0
389;1;1;1;1;2;2;2
390;1;1;1;1;2;3;4
391;1;1;1;2;3;1;3
392;1;1;1;1;1;2;1
393;1;1;1;1;1;2;1
394;1;1;1;1;2;1;1
395;1;1;1;1;1;1;2
396;1;1;1;1;2;1;1
397;1;1;1;1;1;1;0
398;1;1;1;2;1;1;1
399;1;1;1;1;1;2;3
400;1;1;1;1;0;1;0
401;1;1;1;1;1;2;3
402;1;1;1;1;0;1;1
403;1;1;1;1;1;2;2
404;1;1;1;2;1;1;1
405;1;1;1;0;1;1;1
406;1;1;1;NA;2;2;2
407;1;1;1;0;1;1;1
408;1;1;1;2;1;1;1
409;1;1;1;1;1;2;3
410;1;1;1;1;1;0;0
411;1;1;1;0;0;1;1
412;1;1;1;2;1;2;1
413;1;1;1;2;2;2;2
414;1;1;1;1;0;1;1
415;1;1;1;1;2;2;2
416;1;2;2;2;2;2;2
417;1;1;1;2;1;1;1
418;1;1;1;1;0;1;1
419;1;1;1;2;1;2;2
420;1;1;1;1;1;2;2
421;1;0;1;3;3;0;3
422;1;1;1;1;2;1;1
423;1;1;1;1;1;0;1
424;1;1;1;1;2;1;2
425;1;1;1;0;1;1;1
426;1;1;1;1;1;1;2
427;1;1;1;1;0;3;1
428;1;2;1;1;NA;NA;1
429;1;1;1;1;NA;NA;0
430;1;1;1;1;0;1;1
431;2;1;1;1;NA;1;1
432;1;1;1;1;NA;0;0
433;1;1;1;1;0;1;1
434;1;1;1;1;1;2;2
435;1;1;1;1;1;1;2
436;1;1;1;1;1;1;0
437;1;1;1;1;1;2;3
438;1;1;1;0;1;1;1
439;1;1;2;3;2;2;2
440;1;2;3;3;1;1;1
441;1;1;1;1;1;1;0
442;1;2;2;2;3;1;NA
443;1;1;1;1;0;0;NA
444;1;1;1;1;2;2;NA
445;1;1;1;2;1;1;1
446;1;1;1;1;2;1;1
447;1;1;1;0;1;1;1
448;1;1;1;0;1;1;1
449;1;1;1;NA;1;1;2
450;1;1;1;0;1;1;1
451;1;0;0;0;1;1;1
452;1;NA;NA;NA;0;0;0
453;1;1;2;0;4;1;5
454;1;1;1;0;1;1;1
455;1;1;0;0;1;1;1
456;1;1;1;0;1;1;1
457;1;1;1;2;2;2;2
458;1;2;1;3;1;1;1
459;1;1;1;2;1;1;1
460;1;1;1;1;0;1;1
461;1;1;1;0;1;1;1
462;1;1;1;NA;2;1;1
463;1;1;1;NA;0;3;3
464;1;2;2;1;1;1;1
465;1;1;1;1;2;1;1
466;1;1;1;1;2;1;2
467;1;1;1;0;1;1;1
468;1;1;1;NA;0;1;1
469;1;2;2;NA;3;4;1
470;1;1;1;1;0;0;0
471;1;1;1;1;1;2;2
472;1;1;1;1;2;NA;NA
473;1;1;1;1;2;1;1
474;1;1;1;1;2;3;1
475;1;1;1;2;3;4;5
476;1;1;0;1;1;1;1
477;1;1;1;0;1;1;1
478;1;1;1;NA;1;1;2
479;1;1;0;NA;0;1;3
480;1;1;1;1;1;2;1
481;1;1;1;2;1;1;1
482;1;1;1;0;1;1;1
483;1;1;1;NA;1;1;2
484;1;1;1;0;1;1;1
485;1;1;1;NA;1;1;2
486;1;1;1;NA;2;2;3
487;1;1;1;1;2;1;1
488;1;1;1;0;NA;1;1
489;1;1;1;NA;NA;1;2
490;1;1;1;1;NA;2;1
491;1;1;1;0;1;0;0
492;1;1;2;1;1;1;1
493;1;1;1;2;1;1;1
494;1;1;1;0;0;1;1
495;1;1;2;NA;NA;1;1
496;1;1;1;NA;NA;2;2
497;1;1;2;1;2;1;1
498;1;2;2;2;3;4;4
499;1;1;1;0;0;1;1
500;1;1;1;2;1;3;1
501;1;1;1;1;2;2;2
502;1;1;1;0;1;1;1
503;1;1;0;NA;1;1;1
504;1;1;1;0;1;1;1
505;1;1;1;0;1;1;1
506;1;1;1;1;1;2;2
507;1;1;1;0;1;1;1
508;1;2;1;NA;1;1;1
509;1;1;1;NA;2;3;3
510;1;1;2;1;2;2;2
511;1;1;1;1;2;1;1
512;1;1;1;1;2;2;2
513;1;1;2;2;1;1;1
514;1;1;1;0;1;1;1
515;1;1;1;NA;1;2;1
516;1;1;1;0;0;1;0
517;1;1;1;1;2;1;3
518;1;1;1;1;0;1;1
519;1;1;1;1;0;0;0
520;1;1;1;0;1;1;1
521;1;1;1;0;1;1;1
522;1;1;1;2;1;1;1
523;1;1;1;2;1;1;1
524;1;1;1;2;1;1;1
525;1;1;1;1;2;3;3
526;1;1;1;1;0;1;1
527;1;1;1;1;1;2;1
528;1;1;1;2;1;1;1
529;1;1;1;0;1;1;1
530;1;1;1;0;1;1;1
531;1;1;1;NA;2;2;2
532;1;1;1;1;1;2;1
533;1;1;2;2;2;3;3
534;1;1;1;0;1;1;1
535;1;1;1;2;2;1;1
536;1;1;1;0;3;4;1
537;1;1;1;2;1;1;1
538;1;1;1;NA;2;1;1
539;1;0;0;NA;1;1;1
540;1;1;1;1;2;1;1
541;1;2;2;2;2;3;2
542;1;1;1;1;1;2;2
543;1;1;1;2;3;2;4
544;1;2;2;2;2;2;2
545;1;1;1;0;1;1;1
546;1;1;1;0;1;0;0
547;1;1;0;1;0;0;0
548;1;1;1;1;0;1;1
549;1;1;1;0;NA;1;1
550;1;1;1;1;2;3;1
551;1;1;1;2;1;1;3
552;1;1;1;2;1;1;1
553;1;1;1;1;1;0;0
554;1;1;2;1;1;1;1
555;1;1;NA;1;1;2;2
556;1;2;2;1;2;3;3
557;1;1;1;1;2;1;1
558;1;1;1;1;2;3;2
559;1;1;1;2;1;1;1
560;1;1;2;1;1;1;1
561;1;1;1;1;0;1;1
562;1;1;0;1;1;1;1
563;1;1;1;0;1;1;1
564;1;1;1;1;2;3;1
565;1;1;1;2;1;1;1
566;1;1;1;NA;1;2;2
567;1;1;1;NA;1;1;2
568;1;1;1;NA;1;1;0
569;1;1;1;2;1;1;1
570;1;1;1;1;1;0;1
571;1;1;2;1;1;3;1
572;1;1;1;1;1;1;0
573;1;1;1;0;1;1;1
574;1;1;1;2;1;1;1
575;1;2;2;2;2;2;2
576;1;1;1;2;1;1;1
577;1;1;1;2;1;1;2
578;1;1;1;0;1;1;3
579;1;1;1;0;0;3;3
580;1;1;2;1;1;1;1
581;1;1;1;2;1;1;1
582;1;1;1;1;2;3;1
583;1;1;1;2;3;4;5
584;1;1;1;2;1;1;1
585;1;1;1;1;1;1;0
586;1;1;1;0;1;1;1
587;1;1;1;1;1;2;2
588;1;1;1;0;1;1;1
589;1;1;1;NA;1;2;1
590;1;1;1;0;1;1;1
591;1;1;2;NA;1;1;1
592;1;1;NA;NA;2;1;1
593;1;1;1;NA;2;3;3
594;1;1;1;1;1;2;1
595;1;2;1;1;1;1;1
596;1;1;1;2;1;1;1
597;1;1;1;0;1;1;1
598;1;1;1;NA;1;1;2
599;1;1;1;1;1;1;2
600;1;1;1;1;3;2;2
601;1;1;1;0;1;1;1
602;1;1;1;1;0;1;1
603;1;1;1;1;1;1;0
604;1;1;1;2;3;1;1
605;1;1;1;1;0;1;0
606;1;1;1;1;2;3;3
607;1;1;1;2;3;1;1
608;1;1;1;1;2;2;2
609;1;1;1;2;1;1;1
610;1;1;0;NA;1;1;1
611;1;1;1;0;1;1;1
612;1;1;1;NA;2;2;2
613;1;1;1;NA;2;1;1
614;1;1;1;NA;1;2;2
615;1;1;1;NA;0;0;0
616;1;1;1;2;1;1;1
617;1;1;1;2;3;3;3
618;1;1;1;0;1;1;1
619;1;1;1;0;1;1;0
620;1;1;1;2;1;1;1
621;1;2;1;NA;3;1;1
622;1;1;1;0;1;1;1
623;1;1;1;NA;0;1;1
624;1;2;1;NA;1;1;1
625;1;1;1;NA;2;1;1
626;1;1;1;2;1;1;1
627;1;1;1;0;1;1;1
628;1;1;1;NA;1;2;2
629;1;1;1;NA;0;1;0
630;1;1;2;NA;1;1;1
631;1;1;1;NA;0;0;0
632;1;1;1;NA;2;2;2
633;1;1;1;0;1;1;1
634;1;1;0;NA;1;1;1
635;1;1;1;0;1;1;1
636;1;1;1;NA;2;2;2
637;1;1;1;1;1;2;2
638;1;1;1;0;0;1;1
639;1;1;1;1;2;1;1
640;1;1;1;1;0;0;0
641;1;1;1;1;1;2;2
642;1;1;1;1;2;3;3
643;1;1;1;2;1;1;1
644;1;1;1;0;1;1;1
645;1;1;1;1;2;1;1
646;1;1;1;1;2;1;1
647;1;2;1;1;NA;1;1
648;1;1;1;2;NA;1;1
649;1;1;1;1;0;1;1
650;1;2;2;2;1;1;1
651;1;1;1;1;2;1;1
652;1;1;1;0;1;1;1
653;1;1;1;1;1;1;0
654;1;1;1;1;1;1;2
655;1;1;1;1;2;2;2
656;1;1;1;0;NA;NA;NA
657;1;2;2;1;NA;NA;NA
658;1;1;1;1;2;3;3
659;1;1;1;1;0;1;1
660;1;1;1;1;2;3;4
661;1;1;2;1;1;1;1
662;1;1;1;1;0;1;1
663;1;1;1;2;1;1;1
664;1;1;1;1;2;2;2
665;1;0;1;1;0;0;0
666;1;0;1;0;0;0;0
667;1;1;1;0;1;1;1
668;1;1;1;NA;1;2;2
669;1;1;1;1;0;1;1
670;1;1;1;0;1;1;1
671;1;1;1;NA;2;1;1
672;1;1;1;1;2;1;1
673;1;1;1;1;1;2;2
674;1;1;1;0;1;1;1
675;1;1;1;0;0;1;1
676;1;1;1;0;1;1;1
677;1;1;1;NA;1;1;2
678;1;1;1;0;1;1;1
679;1;1;1;2;2;2;2
680;1;1;1;0;1;1;1
681;1;1;1;1;0;1;1
682;1;1;1;0;3;1;1
683;1;0;0;0;0;1;1
684;1;1;0;1;1;1;1
685;1;1;NA;2;2;2;2
686;1;1;1;0;1;1;1
687;1;1;1;NA;0;0;0
688;1;0;1;NA;NA;NA;NA
689;1;2;2;1;1;1;1
690;1;1;2;1;1;1;1
691;1;1;1;1;2;1;1
692;1;1;1;1;NA;1;0
693;1;1;1;0;0;1;1
694;1;1;1;0;1;1;1
695;1;1;1;NA;1;0;0
696;1;1;1;2;1;1;1
697;1;1;1;NA;2;1;1
698;1;2;2;NA;2;2;2
699;1;1;1;0;1;1;1
700;1;0;0;NA;0;0;0
701;1;1;1;NA;1;1;0
702;1;0;0;0;1;1;0
703;1;1;1;1;2;1;3
704;1;1;1;0;0;1;1
705;1;1;0;NA;NA;1;1
706;1;1;1;NA;NA;1;2
707;1;1;1;1;2;2;3
708;1;1;1;1;2;2;2
709;1;1;1;1;2;1;1
710;1;0;0;0;0;0;0
711;1;1;1;1;1;2;2
712;1;1;1;1;0;0;0
713;1;1;1;1;1;1;2
714;1;2;2;2;1;1;NA
715;1;1;1;1;0;0;1
716;1;0;1;0;1;0;0
717;1;1;1;1;1;0;0
718;1;1;1;2;1;3;3
719;1;1;1;NA;2;NA;NA
720;1;1;1;1;2;3;1
721;1;1;1;1;1;1;2
722;1;2;0;1;4;4;1
723;1;1;1;1;0;0;1
724;1;1;1;1;1;2;2
725;1;1;1;1;2;2;2
726;1;1;1;0;1;1;0
727;1;1;1;0;1;1;1
728;1;1;1;1;2;1;2
729;1;1;1;1;2;3;1
730;1;1;1;1;2;3;1
731;1;1;1;1;0;1;1
732;1;1;1;0;NA;0;0
733;1;1;1;0;1;1;1
734;1;0;0;NA;1;3;0
735;1;1;1;1;2;1;1
736;1;1;0;1;1;1;1
737;1;1;1;1;2;1;1
738;1;1;1;1;1;1;2
739;1;1;1;1;2;1;1
740;1;1;1;0;NA;0;0
741;1;1;1;0;NA;1;1
742;1;1;1;1;2;1;1
743;1;2;2;1;2;3;3
744;1;1;1;1;2;1;1
745;1;1;1;1;2;1;1
746;1;1;1;1;0;1;1
747;2;1;2;1;2;1;2
748;1;1;1;1;0;1;1
749;1;1;1;1;2;2;2
750;1;1;1;1;2;3;4
751;1;1;1;0;NA;NA;NA
752;1;1;1;0;1;1;1
753;1;1;1;0;1;0;0
754;1;1;1;NA;2;NA;NA
755;1;1;1;2;1;1;1
756;1;1;1;2;1;1;1
757;1;1;1;1;2;3;4
758;1;1;1;1;0;1;1
759;1;1;1;1;1;2;2
760;1;2;2;0;1;2;2
761;1;0;1;0;1;1;1
762;1;1;1;1;1;1;2
763;1;1;1;1;1;2;1
764;1;1;1;1;1;2;3
765;1;1;1;1;1;1;2
766;1;1;1;1;2;1;1
767;1;1;1;1;0;1;1
768;1;1;1;0;0;1;1
769;1;1;1;1;0;1;1
770;1;1;1;2;3;1;1
771;1;1;1;0;1;1;1
772;1;1;1;1;1;1;2
773;1;0;1;1;0;0;0
774;1;1;1;0;0;0;0
775;1;1;1;2;0;1;1
776;1;1;1;0;1;1;1
777;1;1;1;NA;2;1;1
778;1;1;1;0;1;1;1
779;1;1;1;NA;2;2;3
780;1;1;1;1;2;1;1
781;1;1;1;1;2;1;1
782;1;1;2;3;4;1;3
783;1;1;1;1;2;1;1
784;1;1;1;1;0;1;1
785;1;1;1;0;1;1;1
786;1;1;1;0;1;1;1
787;1;2;2;2;1;1;1
788;1;1;1;0;1;1;1
789;1;1;1;1;0;1;1
790;1;2;3;2;NA;1;1
791;1;0;0;0;0;1;1
792;1;1;1;0;1;1;1
793;1;1;1;1;2;3;3
794;1;1;1;1;2;1;1
795;1;1;1;0;1;1;0
796;1;1;1;NA;0;0;NA
797;1;1;1;1;2;1;1
798;1;1;1;1;NA;2;2
799;1;1;1;0;NA;1;1
800;1;0;1;NA;NA;1;1
801;1;1;1;1;1;2;2
802;1;1;1;0;1;1;1
803;1;1;1;NA;2;2;2
804;1;1;1;0;1;1;1
805;1;1;1;0;3;1;1
806;1;2;1;3;1;1;1
807;1;1;1;0;1;1;1
808;1;1;1;0;1;1;1
809;1;1;1;NA;2;1;1
810;1;1;1;NA;NA;1;0
811;1;1;0;3;1;1;1
812;1;1;0;1;1;1;1
813;1;1;1;2;1;2;1
814;1;1;1;1;1;1;0
815;1;0;4;2;0;0;1
816;1;1;1;1;0;1;1
817;1;1;1;0;1;1;1
818;1;0;0;1;1;1;1
819;1;1;1;1;2;1;1
820;1;1;1;1;0;1;1
821;1;1;1;1;2;1;1
822;1;1;2;1;NA;1;1
823;1;1;1;1;2;2;2
824;1;1;1;1;2;2;2
825;1;1;1;1;1;2;2
826;1;1;1;0;1;1;1
827;1;1;1;NA;0;1;1
828;1;1;1;NA;1;2;2
829;1;1;1;NA;0;0;0
830;1;1;1;2;1;1;1
831;1;1;1;1;1;2;1
832;1;1;1;1;1;2;1
833;1;0;1;1;1;1;1
834;1;1;1;0;0;3;1
835;1;1;1;1;2;1;1
836;1;1;1;1;1;1;2
837;1;1;1;1;2;1;1
838;1;0;1;0;NA;0;0
839;1;2;2;2;2;2;2
840;1;1;1;0;1;1;1
841;1;1;1;0;1;1;1
842;1;1;1;NA;0;1;1
843;1;1;1;0;1;1;1
844;1;1;1;NA;1;1;2
845;1;2;2;NA;3;1;4
846;1;1;1;2;1;1;1
847;1;1;1;NA;2;1;1
848;1;1;1;0;1;1;1
849;1;2;1;NA;1;1;1
850;1;1;1;NA;2;2;2
851;1;1;1;2;1;1;2
852;1;1;1;1;2;1;2
853;1;1;1;1;1;2;3
854;1;1;1;1;0;3;3
855;1;1;1;1;1;2;2
856;1;1;1;1;1;1;0
857;1;2;1;1;1;1;NA
858;1;1;1;0;1;1;NA
859;1;1;0;1;0;1;0
860;1;1;NA;0;NA;1;NA
861;1;1;NA;2;NA;1;NA
862;1;1;2;1;3;1;1
863;1;2;2;2;1;1;0
864;1;1;1;0;1;1;1
865;1;1;1;1;2;1;1
866;1;1;1;1;1;1;2
867;1;1;1;1;2;2;2
868;1;1;1;1;2;0;0
869;1;1;1;1;1;2;3
870;1;1;1;1;0;1;1
871;1;1;1;0;NA;1;1
872;1;1;1;1;1;1;2
873;1;1;1;1;1;1;2
874;1;1;1;1;1;1;2
875;1;1;1;0;0;0;0
876;1;1;1;1;2;3;3
877;1;1;1;1;2;3;4
878;1;1;1;0;NA;NA;NA
879;1;1;1;1;2;2;2
880;1;1;1;1;1;0;0
881;1;1;1;1;1;2;3
882;1;1;1;2;1;1;1
883;1;1;0;0;1;1;1
884;1;1;1;1;0;1;1
885;1;1;1;1;1;2;1
886;1;1;1;1;2;1;1
887;1;1;1;2;1;1;1
888;1;1;1;1;1;2;3
889;1;1;1;1;2;1;1
890;1;1;1;1;NA;1;0
891;1;2;1;1;NA;1;1
892;1;1;1;1;2;1;1
893;1;1;1;1;0;0;1
894;1;1;1;2;1;1;1
895;1;1;1;1;2;1;1
896;1;1;1;1;0;1;1
897;1;1;1;1;NA;1;2
898;1;1;1;1;2;3;2
899;1;1;1;0;0;1;1
900;1;1;2;NA;NA;1;1
901;1;1;1;1;2;3;3
902;1;1;1;0;1;1;1
903;1;2;1;NA;3;4;4
904;1;1;1;NA;2;1;1
905;1;0;0;0;0;0;0
906;1;1;1;0;0;1;1
907;1;1;1;1;1;2;2
908;1;1;1;1;1;1;0
909;1;1;1;1;1;2;3
910;1;2;2;3;4;1;1
911;1;1;1;0;1;1;1
912;1;1;1;0;1;1;1
913;1;1;1;NA;2;1;1
914;1;1;1;NA;1;1;2
915;1;1;0;NA;0;1;NA
916;1;1;1;1;1;2;1
917;1;1;1;0;1;1;1
918;1;1;1;NA;2;0;0
919;1;1;1;0;1;1;1
920;1;1;1;NA;1;2;2
921;1;1;1;NA;0;0;1
922;1;1;1;NA;NA;NA;2
923;1;1;1;NA;NA;NA;2
924;1;1;1;0;0;1;1
925;1;1;1;1;1;2;2
926;1;1;1;0;1;1;1
927;1;1;1;NA;2;1;1
928;1;1;1;0;1;1;1
929;1;1;0;1;1;1;1
930;1;1;1;0;1;1;1
931;1;1;1;NA;1;2;2
932;1;1;0;0;0;0;0
933;1;1;1;2;1;1;1
934;1;1;1;0;1;1;1
935;1;1;1;NA;0;1;1
936;1;2;2;NA;1;1;1
937;1;1;0;1;1;1;1
938;1;1;NA;1;2;2;2
939;1;1;1;1;1;2;2
940;1;1;2;1;1;1;1
941;1;1;1;1;2;2;2
942;1;1;1;1;2;1;1
943;1;1;1;1;1;1;2
944;1;1;1;1;1;1;0
945;1;1;1;1;1;1;0
946;1;1;1;0;1;1;0
947;1;1;1;0;1;1;1
948;1;1;2;NA;1;1;1
949;1;1;1;0;1;1;1
950;1;0;1;NA;1;1;1
951;1;1;1;NA;0;1;1
952;1;1;1;2;2;3;1
953;1;1;1;1;1;1;2
954;1;1;1;0;3;0;0
955;1;1;1;1;2;1;1
956;1;1;1;1;2;1;1
957;1;1;1;2;2;1;1
958;1;1;1;0;1;1;1
959;1;1;1;NA;2;2;1
960;1;1;0;1;1;1;1
961;1;1;1;1;1;1;2
962;1;1;1;1;0;1;1
963;1;1;1;1;1;1;2
964;1;1;1;0;1;1;1
965;1;1;1;NA;2;1;1
966;1;1;1;NA;0;1;1
967;1;1;1;NA;1;0;1
968;1;1;1;2;1;1;1
969;1;2;2;NA;1;1;1
970;1;1;1;0;1;1;1
971;1;1;1;2;1;1;1
972;1;1;1;0;1;1;1
973;1;1;1;NA;2;3;3
974;1;1;1;0;1;1;1
975;1;0;0;NA;1;3;1
976;1;0;0;NA;1;1;3
977;1;2;2;NA;3;4;5
978;1;1;1;NA;2;1;3
979;1;1;1;NA;0;0;1
980;1;1;1;NA;NA;NA;2
981;1;1;1;0;1;1;1
982;1;1;1;2;1;1;1
983;1;1;1;0;1;1;1
984;1;1;1;NA;2;1;1
985;1;1;1;NA;0;1;1
986;1;1;2;NA;NA;1;1
987;1;1;1;0;1;1;1
988;1;1;2;NA;3;1;1
989;1;1;1;0;1;1;1
990;1;1;1;NA;2;3;3
991;1;1;1;NA;1;0;0
992;1;1;1;NA;2;3;3
993;1;1;1;NA;0;1;1
994;1;1;1;NA;NA;1;0
995;1;0;0;0;0;0;0
996;1;2;2;3;2;2;2
997;1;1;1;0;1;1;1
998;1;1;1;0;1;1;1
999;1;1;1;1;0;1;0
1000;1;1;1;1;1;1;2
1001;1;1;1;0;1;1;NA
1002;1;1;1;1;1;2;1
1003;1;1;1;2;1;1;3
1004;1;1;1;2;1;1;2
1005;1;1;2;2;3;1;1
1006;1;1;1;0;1;2;0
1007;1;1;1;2;1;1;1
1008;1;1;1;2;1;1;1
1009;1;1;1;NA;2;2;2
1010;1;1;1;2;1;1;1
1011;1;1;1;1;0;1;1
1012;1;1;1;1;1;2;3
1013;1;1;1;2;1;NA;NA
1014;1;1;1;0;3;1;0
1015;1;1;1;0;1;1;1
1016;1;1;1;1;0;3;3
1017;1;1;2;1;NA;NA;NA
1018;1;1;1;2;NA;NA;NA
1019;1;1;2;1;0;1;1
1020;1;1;NA;2;NA;1;1
1021;1;1;NA;0;NA;0;0
1022;1;1;1;1;2;1;1
1023;1;1;1;1;2;1;1
1024;1;1;1;1;1;2;3
1025;1;1;1;1;1;1;0
1026;1;1;1;1;2;1;1
1027;1;2;1;1;1;1;1
1028;1;2;1;2;3;2;2
1029;1;1;2;1;1;1;1
1030;1;1;1;2;2;2;2
1031;1;1;1;2;1;1;1
1032;1;1;1;1;1;2;1
1033;1;1;1;1;2;1;1
1034;1;1;1;1;0;0;0
1035;1;1;1;1;0;1;1
1036;1;1;1;1;2;1;1
1037;1;2;1;1;1;3;3
1038;1;1;1;1;1;2;1
1039;1;2;2;0;1;NA;1
1040;1;1;1;0;1;NA;1
1041;1;2;1;1;1;NA;1
1042;1;1;1;2;3;4;5
1043;1;1;1;1;1;2;1
1044;1;1;1;1;2;0;0
1045;1;1;1;1;1;2;2
1046;1;2;1;1;1;NA;NA
1047;1;NA;0;1;1;NA;NA
1048;1;2;1;1;1;NA;NA
1049;1;1;1;1;1;2;1
1050;1;1;1;1;2;1;1
1051;1;1;1;1;0;1;1
1052;1;1;1;1;NA;0;1
1053;1;1;1;1;1;2;2
1054;1;0;0;0;0;NA;NA
1055;1;1;1;0;1;NA;NA
1056;1;2;2;NA;1;NA;NA
1057;1;1;0;1;1;NA;NA
1058;1;0;3;3;3;NA;NA
1059;1;1;1;1;1;1;2
1060;1;1;1;1;1;2;1
1061;1;1;1;1;2;3;3
1062;1;2;1;1;3;3;4
1063;1;1;1;1;1;2;1
1064;1;1;1;0;0;NA;1
1065;1;1;1;1;0;0;0
1066;1;1;1;1;2;1;1
1067;1;1;1;0;NA;1;1
1068;1;1;1;1;1;1;2
1069;1;1;1;1;1;1;2
1070;1;1;1;1;1;1;2
1071;1;1;1;2;1;1;1
1072;1;1;2;1;1;1;1
1073;1;1;2;1;1;1;1
1074;1;1;1;1;1;0;0
1075;1;1;1;1;1;0;1
1076;1;0;1;1;1;1;1
1077;1;1;2;1;1;1;1
1078;1;1;1;2;1;1;1
1079;1;1;1;0;1;0;0
1080;1;1;1;1;1;2;3
1081;1;1;1;2;1;NA;NA
1082;1;0;1;1;1;1;1
1083;1;NA;1;0;1;1;0
1084;1;1;2;1;1;1;1
1085;1;2;2;1;3;1;2
1086;1;1;1;1;2;3;3
1087;1;1;1;1;1;1;2
1088;1;1;1;0;1;1;1
1089;1;1;1;NA;2;1;1
1090;1;1;1;1;2;2;2
1091;1;1;1;0;1;1;1
1092;1;1;1;NA;0;1;1
1093;1;1;1;1;2;1;1
1094;1;2;1;1;1;1;1
1095;1;NA;1;1;1;1;2
1096;1;1;1;2;1;3;4
1097;1;1;1;1;2;3;4
1098;1;1;1;2;NA;NA;NA
1099;1;1;1;0;NA;NA;NA
1100;1;1;1;0;0;0;0
1101;1;1;1;1;1;2;2
1102;1;1;1;2;2;1;1
1103;1;1;1;2;1;1;1
1104;1;2;1;NA;3;2;2
1105;1;1;1;0;1;1;1
1106;1;1;1;0;1;1;1
1107;1;1;1;NA;2;3;3
1108;1;1;1;NA;2;1;1
1109;1;1;1;NA;1;2;3
1110;1;1;1;NA;0;1;1
1111;1;1;1;NA;0;0;0
1112;1;1;1;NA;2;1;2
1113;1;1;1;NA;0;1;0
1114;1;1;1;NA;1;2;1
1115;1;1;1;NA;0;1;1
1116;1;1;1;NA;1;2;2
1117;1;2;2;NA;1;1;1
1118;1;1;1;NA;0;1;0
1119;1;1;1;NA;2;1;1
1120;1;1;1;NA;1;1;2
1121;1;1;1;1;2;1;1
1122;1;1;1;0;1;1;1
1123;1;1;1;1;1;0;0
1124;1;1;2;1;1;1;1
1125;1;1;1;0;1;1;1
1126;1;1;2;1;1;1;1
1127;1;1;NA;0;1;1;1
1128;1;1;NA;1;2;2;2
1129;1;1;1;1;1;1;0
1130;1;1;1;1;1;1;2
1131;1;1;1;1;2;3;3
1132;1;1;1;0;NA;NA;NA
1133;1;1;1;2;3;4;4
1134;2;1;1;1;1;1;1
1135;1;2;3;0;1;1;0
1136;1;1;1;0;1;1;1
1137;1;1;1;1;2;3;4
1138;1;1;2;1;1;2;1
1139;1;1;1;1;1;1;0
1140;1;1;2;2;2;2;2
1141;1;1;1;1;2;1;1
1142;1;1;1;0;3;1;1
1143;1;1;1;0;1;1;1
1144;1;1;1;NA;2;1;2
1145;1;2;1;NA;1;2;1
1146;1;1;1;NA;0;1;1
1147;1;1;1;NA;NA;2;1
1148;1;2;2;NA;NA;1;1
1149;1;1;1;1;2;2;1
1150;1;1;1;2;1;1;1
1151;1;1;1;1;2;3;3
1152;1;1;1;2;1;1;1
1153;1;1;1;NA;1;0;0
1154;1;1;1;0;1;1;1
1155;1;1;1;NA;2;1;1
1156;1;1;1;1;2;1;1
1157;1;0;1;0;NA;0;0
1158;1;1;1;0;NA;1;1
1159;1;1;1;1;1;1;0
1160;1;1;1;0;1;1;NA
1161;1;1;1;0;1;1;1
1162;1;0;0;NA;1;1;0
1163;1;1;1;NA;2;1;1
1164;1;1;1;NA;0;1;1
1165;1;1;1;1;0;1;1
1166;1;1;1;2;NA;1;1
1167;1;2;2;2;NA;2;2
1168;1;1;1;0;1;1;1
1169;1;1;1;NA;2;2;2
1170;1;1;1;NA;2;1;1
1171;1;1;1;0;1;1;1
1172;1;1;1;1;2;3;2
1173;1;1;1;0;1;1;0
1174;1;1;1;0;3;1;4
1175;1;1;1;1;1;1;2
1176;1;1;1;0;1;1;1
1177;1;1;0;1;1;1;1
1178;1;1;1;2;2;1;1
1179;1;1;1;1;2;1;1
1180;1;1;1;1;2;1;1
1181;1;1;1;0;1;1;1
1182;1;2;3;NA;1;1;1
1183;1;1;1;NA;2;1;1
1184;1;0;0;NA;NA;1;3
1185;1;1;1;2;1;1;1
1186;1;1;1;2;1;1;1
1187;1;1;2;3;2;1;1
1188;1;1;1;2;2;2;1
1189;1;1;1;0;1;0;0
1190;1;1;1;1;2;2;2
1191;1;2;1;3;NA;NA;NA
1192;1;1;2;1;1;1;1
1193;1;1;1;2;1;1;1
1194;1;1;0;1;1;1;1
1195;1;1;NA;2;1;1;1
1196;1;1;0;0;0;1;1
1197;1;1;2;3;4;5;6
1198;1;1;1;1;1;0;0
1199;1;1;2;1;1;NA;NA
1200;1;1;1;0;1;NA;NA
1201;1;1;1;0;1;1;1
1202;1;1;1;NA;2;1;1
1203;1;1;1;NA;2;1;1
1204;1;1;1;NA;2;1;1
1205;1;0;0;0;0;0;0
1206;1;1;0;1;1;1;1
1207;1;1;1;0;1;1;1
1208;1;1;1;1;0;1;1
1209;1;1;1;1;NA;0;0
1210;1;1;1;1;2;2;2
1211;1;0;0;0;0;0;0
1212;1;1;1;0;1;1;1
1213;1;0;0;NA;0;1;1
1214;1;1;1;NA;1;0;0
1215;1;2;2;NA;1;3;3
1216;1;2;1;1;1;1;1
1217;1;1;1;0;1;1;1
1218;1;1;1;NA;2;1;1
1219;1;1;1;0;1;1;1
1220;1;1;1;NA;1;1;2
1221;1;2;1;1;1;1;1
1222;1;1;1;0;1;1;1
1223;1;1;1;NA;1;1;2
1224;1;1;0;NA;1;1;1
1225;1;1;1;1;1;1;2
1226;1;1;1;0;1;1;1
1227;1;1;1;0;3;1;4
1228;1;1;1;NA;NA;2;NA
1229;1;1;1;2;1;1;1
1230;1;1;1;NA;1;1;0
1231;1;1;1;1;1;1;2
1232;1;1;1;2;3;4;4
1233;1;1;1;1;1;2;2
1234;1;2;1;0;0;1;0
1235;1;2;2;0;2;2;2
1236;1;1;1;1;1;1;2
1237;1;1;1;1;2;1;1
1238;1;1;1;1;1;2;3
1239;1;1;1;1;2;1;1
1240;1;1;1;1;2;1;1
1241;1;1;1;0;1;1;1
1242;1;0;0;NA;0;1;1
1243;1;1;2;NA;1;1;1
1244;1;1;1;0;1;1;1
1245;1;1;1;NA;0;1;0
1246;1;1;1;0;0;1;1
1247;1;1;1;0;1;1;1
1248;1;2;3;4;4;3;1
1249;1;1;1;0;1;1;1
1250;1;1;0;0;0;0;1
1251;1;0;0;0;0;0;0
1252;1;1;1;1;2;1;1
1253;1;2;2;2;1;1;1
1254;1;1;1;2;1;1;1
1255;1;1;1;NA;2;1;1
1256;1;1;1;1;0;1;1
1257;1;1;1;1;NA;1;2
1258;1;1;1;0;1;1;1
1259;1;1;1;2;1;1;1
1260;1;1;1;2;1;1;2
1261;1;1;1;0;3;1;3
1262;1;1;1;1;1;0;1
1263;1;1;1;2;1;1;1
1264;1;1;1;NA;1;2;1
1265;1;1;1;1;2;1;1
1266;1;1;1;0;1;1;1
1267;1;1;1;1;1;2;2
1268;1;1;1;0;1;1;1
1269;1;1;1;NA;1;2;1
1270;1;2;2;2;1;2;2
1271;1;1;1;0;1;1;1
1272;1;1;1;NA;1;2;1
1273;1;1;1;1;0;1;1
1274;1;1;1;0;1;1;1
1275;1;1;1;0;1;1;1
1276;1;1;1;NA;1;2;1
1277;1;1;1;1;0;1;1
1278;1;2;2;1;NA;1;1
1279;1;1;1;1;NA;2;2
1280;1;1;1;1;NA;2;2
1281;1;1;1;0;NA;NA;NA
1282;1;1;1;1;2;1;1
1283;1;1;1;2;1;1;1
1284;1;1;1;0;1;1;1
1285;1;1;1;NA;1;2;2
1286;1;1;1;1;0;1;1
1287;1;1;1;1;1;1;2
1288;1;1;1;2;1;1;1
1289;1;1;1;2;3;1;1
1290;1;1;1;0;1;1;1
1291;1;1;1;1;0;1;1
1292;1;1;1;2;NA;3;3
1293;1;1;1;0;NA;1;1
1294;1;1;1;2;3;1;1
1295;1;1;1;0;1;1;1
1296;1;1;1;2;3;4;4
1297;1;2;2;NA;NA;NA;NA
1298;1;1;0;0;1;0;0
1299;1;1;2;1;1;1;1
1300;1;1;1;1;0;0;0
1301;1;1;1;1;1;2;2
1302;1;0;1;0;1;NA;NA
1303;1;1;1;1;2;1;1
1304;1;1;0;1;1;1;1
1305;1;1;NA;1;0;1;1
1306;1;1;1;0;0;1;1
1307;1;1;1;0;1;1;1
1308;1;1;1;0;1;1;1
1309;1;1;1;1;2;1;1
1310;1;1;1;0;1;1;1
1311;1;2;1;NA;1;1;1
1312;1;1;1;NA;1;2;1
1313;1;1;1;2;1;1;1
1314;1;1;1;1;2;1;1
1315;1;1;1;0;0;1;1
1316;1;1;1;0;1;1;1
1317;1;1;1;NA;0;0;0
1318;1;1;1;NA;1;2;1
1319;1;1;1;NA;0;0;0
1320;1;1;3;NA;2;3;3
1321;1;1;2;NA;1;1;3
1322;1;1;1;1;1;2;3
1323;1;1;1;1;1;2;1
1324;1;1;1;0;1;0;1
1325;1;1;1;1;2;1;1
1326;1;1;1;0;1;1;1
1327;1;2;2;NA;1;2;2
1328;1;1;1;NA;2;3;3
1329;1;1;1;1;2;2;2
1330;1;1;1;1;2;3;3
1331;1;1;1;2;1;1;1
1332;1;1;1;1;2;3;3
1333;1;1;1;1;1;1;2
1334;1;1;2;1;1;1;1
1335;1;1;1;1;2;2;2
1336;1;1;1;1;2;3;4
1337;1;2;1;1;NA;NA;NA
1338;1;1;1;1;2;2;2
1339;1;1;2;1;1;1;3
1340;1;1;1;1;2;1;1
1341;1;1;1;0;1;1;1
1342;1;1;2;NA;1;1;2
1343;1;1;1;1;2;1;1
1344;1;1;1;1;0;1;1
1345;1;1;0;1;1;1;1
1346;1;3;4;3;1;0;2
1347;1;1;1;1;2;1;1
1348;1;1;1;1;1;2;2
1349;1;1;1;1;2;3;3
1350;1;1;1;1;1;2;2
1351;1;1;1;0;1;1;1
1352;1;1;1;NA;2;3;3
1353;1;1;0;1;1;1;1
1354;1;1;NA;1;1;2;1
1355;1;1;1;1;1;2;1
1356;1;1;1;2;1;1;1
1357;1;1;1;1;1;1;2
1358;1;1;1;0;1;1;1
1359;1;1;2;2;1;1;1
1360;1;1;1;0;1;1;1
1361;1;1;2;NA;1;1;1
1362;1;0;0;0;0;0;0
1363;1;1;1;1;1;1;2
1364;1;1;1;1;2;1;1
1365;1;1;2;1;1;1;1
1366;1;1;1;1;2;1;1
1367;1;1;1;2;1;1;1
1368;1;1;1;1;0;3;3
1369;1;1;1;0;1;1;1
1370;1;1;1;1;0;1;1
1371;1;1;1;2;1;1;1
1372;1;1;0;1;0;1;1
1373;1;1;0;1;1;1;1
1374;1;1;1;1;2;1;1
1375;1;1;1;0;1;1;1
1376;1;1;1;NA;2;1;1
1377;1;1;1;0;1;1;1
1378;1;1;2;NA;3;1;1
1379;1;1;0;1;0;1;0
1380;1;1;1;0;1;1;1
1381;1;1;1;NA;1;1;0
1382;1;1;1;NA;2;2;2
1383;1;1;1;1;1;1;2
1384;1;1;1;1;2;1;1
1385;1;1;1;2;NA;1;1
1386;1;1;1;0;1;1;1
1387;1;1;1;NA;1;0;1
1388;1;1;1;NA;2;3;3
1389;1;1;1;1;2;3;3
1390;1;1;1;2;NA;NA;NA
1391;1;1;1;0;NA;NA;NA
1392;1;1;1;1;2;2;3
1393;1;1;1;2;1;1;1
1394;1;1;1;0;1;1;0
1395;1;1;1;1;0;0;1
1396;1;1;1;2;1;1;1
1397;1;1;1;NA;2;1;2
1398;1;1;1;NA;1;1;2
1399;1;1;1;NA;1;2;1
1400;1;1;1;1;1;0;0
1401;1;1;1;0;1;1;1
1402;1;1;1;1;2;1;1
1403;1;1;1;0;0;1;1
1404;1;1;1;0;1;1;1
1405;1;1;1;1;1;1;0
1406;1;1;1;1;2;1;1
1407;1;1;2;1;1;1;1
1408;1;1;1;1;2;2;1
1409;1;1;1;1;1;0;0
1410;1;1;1;1;1;2;3
1411;1;1;1;0;1;NA;NA
1412;1;1;1;0;3;3;4
1413;1;1;1;2;1;3;3
1414;1;1;1;1;1;1;2
1415;1;1;1;0;1;3;3
1416;1;1;1;1;2;3;4
1417;1;0;0;0;NA;NA;NA
1418;1;1;1;0;1;1;1
1419;1;1;1;NA;0;1;1
1420;1;1;1;NA;1;2;2
1421;1;1;1;NA;2;1;1
1422;1;1;1;1;2;2;2
1423;1;2;1;1;2;2;2
1424;1;1;1;1;2;3;4
1425;1;1;1;1;1;1;2
1426;1;1;1;1;2;2;2
1427;1;1;1;2;NA;NA;NA
1428;1;1;1;1;1;1;2
1429;1;1;1;0;1;1;1
1430;1;1;1;NA;1;2;2
1431;1;1;2;NA;3;1;1
1432;1;1;1;NA;2;1;1
1433;1;1;1;NA;2;1;3
1434;1;1;1;NA;1;1;2
1435;1;1;0;NA;1;1;NA
1436;1;1;1;0;1;1;1
1437;1;1;1;NA;2;3;3
1438;1;1;1;1;2;1;1
1439;1;1;1;1;NA;0;0
1440;1;1;1;2;3;2;2
1441;1;1;1;1;2;3;4
1442;1;1;1;0;NA;NA;NA
1443;1;1;1;0;0;1;1
1444;1;0;0;NA;NA;1;0
1445;1;2;1;NA;NA;1;1
1446;1;1;1;1;2;3;3
1447;1;1;1;2;1;1;1
1448;1;1;1;0;1;1;1
1449;1;1;1;NA;2;2;2
1450;1;1;1;1;2;3;3
1451;1;1;0;3;NA;NA;NA
1452;1;1;1;0;NA;NA;NA
1453;1;1;1;0;1;1;1
1454;1;0;1;1;1;1;1
1455;1;1;1;0;0;1;1
1456;1;1;1;2;1;1;1
1457;1;1;1;0;1;1;1
1458;1;1;1;NA;2;1;1
1459;1;1;1;NA;NA;1;0
1460;1;1;1;0;1;1;1
1461;1;0;1;1;1;1;1
1462;1;NA;1;2;1;1;1
1463;1;NA;1;1;1;2;1
1464;1;1;1;1;1;1;2
1465;1;1;1;0;1;1;1
1466;1;1;1;NA;1;2;3
1467;1;1;1;NA;2;3;3
1468;1;1;1;NA;1;2;2
1469;1;1;1;NA;1;1;2
1470;1;1;1;NA;1;1;2
1471;1;1;1;2;1;1;1
1472;1;1;1;1;2;1;1
1473;1;1;2;1;NA;0;0
1474;1;1;1;2;1;1;1
1475;1;1;1;1;1;1;2
1476;1;1;1;2;1;1;1
1477;1;1;1;1;1;2;2
1478;1;1;1;1;1;0;0
1479;1;1;1;0;1;1;1
1480;1;1;1;1;2;3;3
1481;1;1;1;0;NA;NA;NA
1482;1;2;1;1;3;4;4
1483;1;NA;2;1;NA;NA;NA
1484;1;1;1;0;1;0;0
1485;1;1;1;1;2;1;1
1486;1;1;1;0;1;1;1
1487;1;1;1;NA;0;1;0
1488;1;1;1;1;0;1;0
1489;1;1;1;0;1;1;1
1490;1;1;1;1;1;2;2
1491;1;1;1;1;2;1;1
1492;1;1;1;0;0;1;1
1493;1;1;1;1;2;1;1
1494;1;2;2;1;1;1;1
1495;1;0;1;0;1;1;1
1496;1;1;1;1;1;0;0
1497;1;1;1;2;3;NA;NA
1498;1;1;1;1;0;1;1
1499;1;1;1;2;NA;1;1
1500;1;1;1;2;NA;0;0
1501;1;1;2;NA;NA;NA;NA
1502;1;1;1;1;1;2;3
1503;1;1;1;0;1;NA;NA
1504;1;1;1;2;1;1;1
1505;1;1;1;0;0;0;0
1506;1;1;1;0;1;0;0
1507;1;1;1;0;1;1;1
1508;1;1;1;1;0;0;0
1509;1;1;1;1;2;1;1
1510;1;1;1;1;2;1;1
1511;1;1;1;1;2;1;1
1512;1;1;1;2;1;3;3
1513;1;1;1;1;2;1;1
1514;1;1;1;0;1;1;1
1515;1;1;1;NA;1;2;3
1516;1;1;1;1;1;2;1
1517;1;1;1;1;2;1;1
1518;1;1;1;1;2;1;1
1519;1;1;0;1;1;1;0
1520;1;1;1;1;2;1;1
1521;1;1;1;2;1;1;1
1522;1;2;3;NA;3;1;4
1523;1;1;1;NA;0;1;1
1524;1;1;2;1;1;1;1
1525;1;0;1;1;1;1;1
1526;1;2;1;1;1;1;1
1527;1;1;1;0;1;1;1
1528;1;2;1;NA;1;1;1
1529;1;1;1;1;1;2;2
1530;1;1;1;1;1;1;2
1531;1;1;1;1;2;2;2
1532;1;1;1;1;2;1;1
1533;1;1;1;1;2;3;3
1534;1;1;1;1;2;1;1
1535;1;1;1;1;2;1;1
1536;1;1;1;1;0;1;1
1537;1;1;1;0;1;0;1
1538;1;1;1;1;1;1;2
1539;1;1;1;1;1;1;2
1540;1;1;1;1;0;1;1
1541;1;1;1;0;0;0;0
1542;1;1;1;2;3;3;4
1543;1;1;1;1;1;2;1
1544;1;1;1;1;1;2;0
1545;1;1;1;1;1;1;2
1546;1;0;0;0;0;0;0
1547;1;0;0;0;1;1;1
1548;1;1;1;1;2;1;1
1549;1;1;1;1;1;1;2
1550;1;1;1;1;1;2;2
1551;1;1;1;1;0;1;1
1552;1;1;1;1;2;3;3
1553;1;1;1;1;2;2;2
1554;1;1;1;1;2;1;1
1555;1;1;0;1;1;0;0
1556;1;1;1;1;1;0;0
1557;1;1;1;2;1;2;1
1558;1;1;1;0;1;1;1
1559;1;1;1;NA;2;3;3
1560;1;1;1;1;1;1;2
1561;1;1;1;1;2;1;2
1562;1;1;1;0;1;1;1
1563;1;1;1;0;1;1;1
1564;1;1;1;0;1;1;1
1565;1;1;1;NA;2;3;3
1566;1;1;1;2;3;4;3
1567;1;1;1;1;2;1;1
1568;1;1;1;1;0;1;1
1569;1;1;1;1;NA;0;0
1570;1;1;1;1;2;0;0
1571;1;1;1;0;0;1;1
1572;1;1;1;0;0;3;3
1573;1;1;1;1;2;2;2
1574;1;1;0;0;1;1;0
1575;1;1;1;2;1;1;1
1576;1;1;1;1;2;1;1
1577;1;1;1;1;1;1;2
1578;1;1;1;0;1;1;1
1579;1;1;1;NA;1;2;1
1580;1;1;1;NA;2;1;1
1581;1;1;1;NA;NA;0;1
1582;1;1;1;2;3;1;1
1583;1;1;1;NA;NA;1;0
1584;1;1;0;0;NA;1;NA
1585;1;2;2;NA;NA;1;NA
1586;1;1;1;1;1;1;2
1587;1;1;1;0;1;1;1
1588;1;1;1;2;1;1;1
1589;1;1;1;NA;1;2;2
1590;1;1;1;NA;0;1;1
1591;1;1;1;1;2;2;2
1592;1;1;1;1;1;0;0
1593;1;1;1;0;1;1;1
1594;1;1;1;1;1;2;2
1595;1;1;1;0;1;1;1
1596;1;1;1;0;0;1;1
1597;1;1;1;1;2;3;3
1598;1;1;1;0;3;1;1
1599;1;1;1;0;3;3;1
1600;1;1;1;1;2;1;1
1601;1;1;1;0;0;0;0
1602;1;1;1;1;0;1;1
1603;1;1;1;2;1;1;1
1604;1;1;1;1;1;2;3
1605;1;1;1;2;1;1;1
1606;1;1;1;0;1;1;1
1607;1;1;1;NA;0;1;1
1608;1;2;2;NA;2;3;3
1609;1;1;1;NA;2;1;1
1610;1;0;0;NA;3;1;1
1611;1;1;1;NA;2;1;1
1612;1;1;1;NA;1;0;1
1613;1;1;1;2;1;1;1
1614;1;1;1;NA;2;1;3
1615;1;1;1;NA;0;0;0
1616;1;1;1;NA;1;1;0
1617;1;1;0;NA;1;1;NA
1618;1;1;1;NA;1;0;NA
1619;1;1;0;NA;1;1;1
1620;1;1;0;NA;1;1;1
1621;1;0;0;0;0;0;0
1622;1;1;1;1;2;3;1
1623;1;1;1;0;NA;NA;1
1624;1;2;2;NA;NA;NA;1
1625;1;1;1;NA;NA;NA;2
1626;1;1;1;1;1;2;2
1627;1;1;1;1;0;NA;NA
1628;1;1;1;1;1;0;0
1629;1;1;1;1;2;1;1
1630;1;1;1;1;2;1;1
1631;1;0;1;3;1;1;1
1632;1;1;1;0;0;1;1
1633;1;1;1;1;2;1;1
1634;1;2;2;2;NA;1;1
1635;1;1;1;0;1;3;3
1636;1;1;1;0;1;1;1
1637;1;1;1;NA;0;1;1
1638;1;1;1;0;1;1;1
1639;1;1;1;2;1;1;1
1640;1;1;0;1;1;1;1
1641;1;1;1;2;1;1;1
1642;1;1;1;0;0;0;0
1643;1;1;1;2;0;1;4
1644;1;1;1;1;2;1;1
1645;1;2;2;2;2;1;2
1646;1;1;1;1;2;1;1
1647;1;1;1;0;1;1;1
1648;1;1;1;NA;1;1;2
1649;1;1;1;NA;0;1;1
1650;1;1;1;1;2;2;2
1651;1;1;1;1;2;1;1
1652;1;1;1;0;1;1;1
1653;1;1;1;2;1;1;1
1654;1;2;2;2;2;1;1
1655;1;1;1;2;2;1;1
1656;1;1;1;NA;NA;1;0
1657;1;1;1;1;2;1;1
1658;1;2;1;3;1;1;1
1659;1;1;1;1;2;2;2
1660;1;1;1;0;1;1;1
1661;1;1;1;NA;2;2;3
1662;1;1;2;NA;NA;NA;NA
1663;1;1;1;2;1;1;1
1664;1;1;1;NA;2;3;3
1665;1;1;1;NA;2;1;1
1666;1;1;1;0;1;1;1
1667;1;2;2;NA;2;2;2
1668;1;1;1;1;0;1;1
1669;1;1;1;2;1;1;1
1670;1;1;1;0;1;1;1
1671;1;1;1;2;1;1;1
1672;1;1;1;0;1;3;3
1673;1;1;1;1;2;1;1
1674;1;1;1;1;0;1;1
1675;1;1;2;1;NA;1;1
1676;1;1;1;1;0;3;3
1677;1;1;1;1;2;2;2
1678;1;1;1;1;2;2;2
1679;1;1;1;0;1;1;1
1680;1;1;1;1;2;1;1
1681;1;1;1;0;1;1;1
1682;1;1;1;NA;1;1;0
1683;1;1;1;NA;1;0;0
1684;1;1;1;NA;2;1;1
1685;1;1;1;1;0;1;1
1686;1;1;1;1;NA;0;0
1687;1;2;1;1;1;1;1
1688;1;NA;2;2;1;1;1
1689;1;1;1;0;1;1;1
1690;1;1;1;NA;2;1;1
1691;1;1;1;2;1;1;1
1692;1;1;1;1;1;1;2
1693;1;1;1;2;1;1;1
1694;1;1;1;1;2;2;3
1695;1;1;1;1;2;2;2
1696;1;1;1;0;1;1;1
1697;1;1;1;NA;2;0;0
1698;1;1;1;1;1;2;2
1699;1;1;1;1;1;1;0
1700;1;2;2;1;1;1;1
1701;1;1;1;1;0;1;1
1702;1;1;1;0;1;1;1
1703;1;1;1;1;2;1;1
1704;1;1;2;1;NA;1;1
1705;1;1;1;1;2;1;1
1706;1;1;1;1;2;2;2
1707;1;1;1;2;1;1;1
1708;1;1;1;0;1;1;1
1709;1;1;1;NA;2;2;2
1710;1;1;1;1;2;3;3
1711;1;1;1;1;2;3;3
1712;1;1;1;1;2;1;1
1713;1;1;1;0;NA;1;1
1714;1;1;1;NA;NA;2;3
1715;1;1;2;NA;NA;1;1
1716;1;1;1;1;NA;2;2
1717;1;1;0;0;1;1;1
1718;1;1;1;1;2;2;2
1719;1;1;1;0;1;1;1
1720;1;1;1;0;1;1;1
1721;1;1;1;NA;2;1;1
1722;1;1;1;NA;2;3;3
1723;1;0;0;0;0;0;0
1724;1;1;1;1;1;2;2
1725;1;1;1;1;1;2;1
1726;1;1;1;0;1;NA;1
1727;1;1;2;1;1;NA;1
1728;1;1;1;1;1;2;2
1729;0;1;1;1;3;0;0
1730;1;0;0;0;0;0;0
1731;1;1;1;1;0;1;1
1732;1;1;1;0;1;1;1
1733;1;1;1;1;0;0;0
1734;1;1;1;1;1;2;2
1735;1;1;1;1;2;1;1
1736;1;1;1;0;NA;1;1
1737;1;1;1;1;2;1;1
1738;1;1;1;0;NA;1;1
1739;1;1;1;0;1;1;1
1740;1;1;1;1;1;0;1
1741;1;1;1;1;1;2;2
1742;1;1;1;1;2;1;1
1743;1;3;1;1;4;2;4
1744;1;1;0;1;1;1;1
1745;1;1;NA;1;2;3;4
1746;1;1;2;1;3;1;1
1747;1;1;1;1;2;2;2
1748;1;1;1;1;1;1;2
1749;1;1;1;2;2;1;1
1750;1;1;1;2;1;1;1
1751;1;1;1;0;1;1;1
1752;1;1;1;NA;1;1;2
1753;1;2;2;2;1;1;2
1754;1;1;1;1;0;0;0
1755;1;1;1;1;2;1;1
1756;1;1;1;1;2;1;1
1757;1;1;1;0;1;1;1
1758;1;1;1;0;1;1;1
1759;1;1;1;1;2;1;1
1760;1;1;1;1;1;0;1
1761;1;1;1;1;1;2;2
1762;1;2;2;2;2;1;1
1763;1;1;1;0;1;1;1
1764;1;1;1;2;3;3;3
1765;1;1;0;0;0;0;0
1766;1;1;1;0;1;1;1
1767;1;1;1;NA;1;2;1
1768;1;0;0;0;0;0;0
1769;1;1;1;1;1;2;1
1770;1;1;0;0;1;1;1
1771;1;1;1;0;1;1;1
1772;1;1;1;2;1;1;1
1773;1;1;1;0;1;1;1
1774;1;1;1;2;1;1;1
1775;1;1;1;0;1;1;0
1776;1;1;1;1;0;0;0
1777;1;1;1;1;2;2;2
1778;1;1;1;1;2;3;2
1779;1;1;0;1;0;0;0
1780;1;1;1;1;2;1;1
1781;1;1;1;1;2;1;1
1782;1;0;0;1;0;0;1
1783;1;1;1;1;1;2;1
1784;1;1;1;1;0;1;1
1785;1;1;1;1;2;1;1
1786;1;1;1;1;2;1;1
1787;1;1;1;1;2;1;1
1788;1;1;1;1;2;2;3
1789;1;1;1;0;NA;NA;NA
1790;1;1;1;0;1;1;1
1791;1;1;1;1;1;1;2
1792;1;1;1;1;2;1;1
1793;1;1;1;1;1;2;1
1794;1;1;1;1;1;2;1
1795;1;1;1;1;2;2;2
1796;1;1;0;1;0;1;1
1797;1;1;1;1;2;1;1
1798;1;1;1;0;NA;1;1
1799;1;1;1;1;2;1;1
1800;1;1;1;1;1;1;2
1801;1;1;1;0;1;1;1
1802;1;1;1;NA;2;1;1
1803;1;1;1;NA;1;1;2
1804;1;1;1;NA;0;1;1
1805;1;1;1;NA;1;1;2
1806;1;1;1;0;1;1;1
1807;1;1;1;1;2;1;1
1808;1;1;2;1;NA;1;1
1809;1;1;1;1;1;1;2
1810;1;1;1;0;1;1;1
1811;1;1;1;NA;1;2;2
1812;1;2;2;NA;1;NA;NA
1813;1;1;1;0;1;1;1
1814;1;1;1;NA;1;2;2
1815;1;1;1;NA;1;2;1
1816;1;1;1;2;1;1;1
1817;1;1;1;2;1;1;1
1818;1;1;0;1;1;1;1
1819;1;1;1;0;1;1;1
1820;1;1;1;1;0;0;0
1821;1;1;1;1;2;1;1
1822;1;1;1;0;3;1;1
1823;1;1;1;0;1;1;1
1824;1;1;2;NA;1;1;1
1825;1;0;0;0;0;0;0
1826;1;1;0;0;0;0;0
1827;1;1;1;1;0;1;1
1828;1;2;2;2;1;1;1
1829;1;2;2;2;3;3;3
1830;1;1;2;1;1;1;1
1831;1;1;1;1;1;1;0
1832;1;1;1;0;0;0;0
1833;1;1;1;1;2;1;3
1834;1;1;1;0;1;1;1
1835;1;1;2;3;3;1;1
1836;1;1;2;1;3;1;1
1837;1;2;1;1;2;2;2
1838;1;2;2;2;3;1;1
1839;1;1;1;0;1;1;1
1840;1;1;1;0;0;0;0
1841;1;1;1;1;0;0;0
1842;1;1;1;1;2;2;2
1843;1;1;1;0;1;1;1
1844;1;1;1;NA;2;1;1
1845;1;1;1;NA;1;1;2
1846;1;1;0;1;1;1;1
1847;1;1;1;1;1;1;0
1848;1;1;0;1;1;1;0
1849;1;1;2;1;1;1;3
1850;1;1;0;0;0;0;0
1851;1;1;1;1;2;2;2
1852;1;1;1;1;2;1;2
1853;1;1;1;0;0;1;0
1854;1;2;2;1;1;2;1
1855;1;1;1;0;3;4;4
1856;1;1;1;2;3;1;1
1857;1;1;1;1;2;1;1
1858;1;1;1;0;1;1;1
1859;1;1;1;1;2;0;0
1860;1;1;1;0;NA;NA;NA
1861;1;1;1;1;0;0;0
1862;1;1;1;0;3;4;4
1863;1;2;2;0;1;1;1
1864;1;1;1;1;2;1;1
1865;1;1;1;2;1;1;1
1866;1;1;1;2;2;2;1
1867;1;1;1;0;1;1;1
1868;1;1;1;0;1;1;1
1869;1;1;1;2;3;1;1
1870;1;1;1;2;1;1;1
1871;1;1;1;1;2;1;1
1872;1;1;1;1;2;2;2
1873;2;1;1;1;1;0;1
1874;1;1;1;0;1;1;1
1875;1;1;1;1;1;0;1
1876;1;2;3;4;5;NA;5
1877;1;1;1;1;2;1;1
1878;1;1;1;1;1;2;2
1879;1;1;1;2;1;1;1
1880;1;1;1;0;1;1;1
1881;1;1;2;NA;1;1;1
1882;1;1;1;1;2;1;1
1883;1;1;1;0;NA;1;1
1884;1;1;1;1;0;0;0
1885;1;1;1;1;1;2;3
1886;1;0;0;0;0;0;0
1887;1;1;1;1;1;0;1
1888;1;1;1;1;2;2;2
1889;1;2;1;1;1;1;1
1890;1;1;1;1;1;1;0
1891;1;1;1;1;2;1;1
1892;1;1;0;1;3;4;5
1893;1;1;1;1;2;1;1
1894;1;1;1;1;1;1;0
1895;1;1;1;1;2;2;2
1896;1;1;1;1;0;0;1
1897;1;1;1;1;1;2;1
1898;1;1;1;1;1;1;0
1899;1;1;1;0;1;1;1
1900;1;1;1;NA;2;3;1
1901;1;1;1;0;1;1;1
1902;1;1;1;1;2;2;2
1903;1;1;1;1;0;0;0
1904;1;1;1;1;0;1;1
1905;1;2;2;2;2;2;3
1906;1;2;2;3;1;2;2
1907;1;1;1;1;1;2;2
1908;1;1;1;0;1;1;1
1909;1;2;2;NA;1;1;1
1910;1;1;1;NA;2;2;2
1911;1;1;1;1;2;1;1
1912;1;1;1;0;1;1;1
1913;1;1;1;2;1;1;1
1914;1;1;1;0;1;1;1
1915;1;0;0;0;0;0;0
1916;1;1;1;1;1;2;2
1917;1;1;1;0;1;1;1
1918;1;1;1;0;0;0;0
1919;1;1;1;1;2;1;1
1920;1;1;1;1;1;1;2
1921;1;1;1;0;1;1;1
1922;1;1;1;1;2;2;2
1923;1;1;1;1;1;2;2
1924;1;1;1;1;2;1;1
1925;1;1;1;0;1;1;1
1926;1;1;1;1;2;3;2
1927;1;2;2;2;2;1;3
1928;1;1;1;0;1;1;1
1929;1;1;1;NA;2;2;2
1930;1;1;1;NA;1;0;0
1931;1;1;1;NA;2;3;4
1932;1;1;1;1;0;1;0
1933;1;1;1;1;2;1;1
1934;1;2;2;1;1;1;1
1935;1;1;1;1;1;1;0
1936;1;1;2;2;3;3;3
1937;1;0;1;1;1;1;1
1938;1;NA;1;1;2;1;1
1939;1;NA;1;1;NA;1;0
1940;1;NA;2;1;NA;1;1
1941;1;1;1;1;2;1;1
1942;1;1;1;2;1;1;1
1943;1;1;1;0;1;1;1
1944;1;1;1;NA;2;1;1
1945;1;1;1;NA;2;1;1
1946;1;1;2;NA;NA;1;1
1947;1;1;1;NA;NA;0;0
1948;1;1;1;2;1;2;1
1949;1;1;1;NA;2;NA;1
1950;1;1;1;1;1;1;0
1951;1;1;1;0;0;3;0
1952;1;1;2;1;1;1;1
1953;1;1;1;1;2;1;1
1954;1;1;1;0;0;0;0
1955;1;1;1;1;1;2;2
1956;1;1;1;1;2;1;1
1957;1;1;1;1;NA;0;0
1958;1;1;1;1;1;2;1
1959;1;1;1;1;2;2;3
1960;1;1;1;1;1;0;1
1961;1;1;1;1;0;0;0
1962;1;1;1;1;2;2;2
1963;1;1;1;1;2;2;2
1964;1;0;1;1;1;1;1
1965;1;NA;2;1;1;1;1
1966;1;NA;1;0;0;0;0
1967;1;1;1;1;2;1;1
1968;1;1;1;1;2;1;1
1969;1;1;1;1;1;2;2
1970;1;1;1;1;0;1;1
1971;1;2;1;1;1;1;1
1972;1;NA;1;2;1;1;1
1973;1;2;1;NA;2;1;1
1974;1;1;1;0;1;1;1
1975;1;1;1;NA;2;1;1
1976;1;1;1;0;1;1;1
1977;1;0;1;0;0;0;0
1978;1;1;1;1;1;2;2
1979;1;1;1;0;1;1;1
1980;1;1;2;NA;1;1;3
1981;1;1;1;0;1;1;1
1982;1;1;1;NA;2;1;1
1983;1;1;1;NA;1;1;0
1984;1;1;1;NA;1;1;2
1985;1;2;2;NA;2;2;2
1986;1;1;2;NA;1;1;1
1987;1;1;1;NA;2;1;1
1988;1;1;0;NA;NA;1;1
1989;1;1;1;1;1;2;1
1990;1;1;1;1;1;2;1
1991;1;1;1;2;2;2;2
1992;1;2;1;1;1;1;2
1993;1;1;1;1;2;1;1
1994;1;1;1;0;1;1;1
1995;1;1;1;1;0;1;0
1996;1;1;1;1;2;1;1
1997;1;1;1;0;1;1;1
1998;1;1;2;NA;2;2;1
1999;1;1;1;NA;0;1;1
2000;1;1;2;NA;NA;1;1
2001;1;1;1;1;1;1;2
2002;1;1;1;1;1;1;2
2003;1;1;1;1;2;2;2
2004;1;1;1;1;1;1;2
2005;1;1;1;1;2;2;2
2006;1;1;1;0;NA;NA;NA
2007;1;2;1;1;NA;NA;NA
2008;1;1;1;0;0;1;1
2009;1;1;1;1;2;2;2
2010;1;1;1;1;2;2;2
2011;1;1;1;1;1;1;2
2012;1;1;1;1;2;1;1
2013;1;1;1;0;3;4;5
2014;1;1;1;0;1;1;1
2015;1;1;1;1;2;1;1
2016;1;1;1;1;1;2;1
2017;1;1;1;1;1;1;2
2018;1;1;1;0;1;1;1
2019;1;1;1;1;1;2;1
2020;1;1;1;1;2;1;1
2021;1;1;2;1;1;1;1
2022;1;1;1;1;1;0;0
2023;1;1;1;1;1;1;2
2024;1;1;1;1;0;1;1
2025;1;1;1;1;0;3;3
2026;1;1;1;0;0;0;0
2027;1;1;1;1;1;1;2
2028;1;1;1;1;0;0;0
2029;1;0;0;0;1;1;1
2030;1;1;1;1;0;0;0
2031;1;1;1;1;0;0;1
2032;1;1;2;1;1;1;1
2033;1;1;1;1;1;1;2
2034;1;1;1;1;2;1;1
2035;1;1;1;1;1;2;1
2036;1;1;1;0;1;1;1
2037;1;1;1;NA;2;2;2
2038;1;1;1;NA;0;1;1
2039;1;1;1;NA;NA;0;0
2040;1;1;1;NA;1;1;2
2041;1;1;1;1;2;3;4
2042;1;0;0;0;NA;NA;NA
2043;1;1;2;1;1;1;1
2044;1;1;2;2;2;1;1
2045;1;1;2;0;4;5;6
2046;1;1;1;2;3;4;4
2047;1;1;2;0;0;NA;NA
2048;1;1;1;0;1;1;1
2049;1;1;1;2;3;1;1
2050;1;1;1;1;1;1;0
2051;1;1;1;0;1;1;1
2052;1;1;1;NA;1;0;0
2053;1;1;1;NA;1;1;0
2054;1;1;1;2;3;1;4
2055;1;1;1;1;2;1;1
2056;1;1;1;1;2;1;1
2057;1;1;2;1;1;1;1
2058;1;1;1;2;1;1;1
2059;1;1;1;1;2;1;1
2060;1;1;1;1;NA;1;2
2061;1;1;1;2;NA;1;1
2062;1;1;2;1;NA;1;1
2063;1;2;2;1;NA;1;1
2064;1;NA;NA;0;NA;1;1
2065;1;1;1;1;1;2;2
2066;1;1;1;1;0;0;1
2067;1;1;1;2;1;1;1
2068;1;1;1;1;1;1;0
2069;1;1;1;1;1;1;2
2070;1;1;1;0;1;1;NA
2071;1;1;1;1;2;2;2
2072;1;1;1;0;1;1;1
2073;1;2;2;2;1;2;2
2074;1;1;1;1;2;2;2
2075;1;1;1;1;1;2;3
2076;1;1;1;1;1;2;1
2077;1;1;1;1;1;2;2
2078;1;2;1;1;1;1;1
2079;1;1;1;0;1;1;1
2080;1;1;1;NA;1;0;0
2081;1;1;1;NA;0;NA;NA
2082;1;1;1;NA;0;NA;NA
2083;1;1;1;1;1;2;2
2084;1;1;1;1;1;1;2
2085;1;1;1;1;1;1;0
2086;1;1;1;1;2;1;1
2087;1;1;1;1;2;1;1
2088;1;1;1;1;0;1;1
2089;1;1;1;1;2;1;1
2090;1;1;2;1;1;1;1
2091;1;1;1;1;1;0;0
2092;1;1;1;1;0;1;1
2093;1;2;2;1;NA;2;2
2094;1;1;1;1;NA;2;2
2095;1;1;1;1;2;3;3
2096;1;1;1;1;2;2;2
2097;1;1;1;1;0;1;1
2098;1;1;1;1;1;2;3
2099;1;0;0;0;0;1;1
2100;1;1;1;1;2;1;3
2101;1;2;1;1;1;1;1
2102;1;0;0;1;1;1;1
2103;1;1;1;1;2;1;1
2104;1;2;2;1;NA;1;1
2105;1;1;1;1;1;2;2
2106;1;1;1;1;0;1;1
2107;1;1;1;1;2;1;1
2108;1;1;1;1;1;2;2
2109;1;1;1;1;2;NA;NA
2110;1;1;1;1;1;0;1
2111;1;1;1;1;0;1;1
2112;1;1;0;1;1;1;1
2113;1;1;1;1;2;3;4
2114;1;1;1;0;NA;NA;NA
2115;1;1;1;1;0;1;1
2116;1;1;1;1;2;1;1
2117;1;1;1;1;2;1;1
2118;1;1;1;2;1;1;1
2119;1;1;1;1;0;1;1
2120;1;1;1;0;3;1;1
2121;1;1;2;NA;NA;1;1
2122;1;1;1;1;2;1;1
2123;1;1;1;2;1;1;1
2124;1;1;1;1;1;2;3
2125;1;1;1;1;2;NA;NA
2126;1;1;1;0;1;1;1
2127;1;1;1;NA;0;1;1
2128;1;1;0;NA;NA;3;3
2129;1;1;1;1;0;1;1
2130;1;1;1;0;0;0;1
2131;1;1;1;0;1;0;1
2132;1;1;1;1;1;2;1
2133;1;1;1;0;1;1;0
2134;1;1;1;0;1;1;1
2135;1;1;0;1;1;1;1
2136;1;1;1;2;1;1;1
2137;1;1;1;0;1;1;1
2138;1;1;0;1;3;1;1
2139;1;2;2;3;1;1;1
2140;1;NA;NA;NA;1;1;0
2141;1;1;1;1;1;1;2
2142;1;1;1;0;1;1;1
2143;1;1;1;1;1;2;2
2144;1;1;1;2;3;1;1
2145;1;1;0;1;1;1;1
2146;1;1;1;1;1;1;0
2147;1;1;1;1;2;1;1
2148;1;1;1;1;1;2;3
2149;1;1;1;1;0;1;1
2150;1;1;0;1;1;1;1
2151;1;1;2;1;3;1;1
2152;1;1;1;1;2;1;1
2153;1;1;1;1;NA;1;0
2154;1;1;1;1;NA;1;2
2155;1;1;1;0;NA;1;1
2156;1;1;1;1;NA;2;2
2157;1;1;1;1;2;2;2
2158;1;2;2;1;1;2;2
2159;1;1;1;0;0;1;1
2160;1;1;1;1;1;1;2
2161;1;1;1;1;0;0;0
2162;1;1;1;0;0;0;0
2163;1;1;1;0;1;1;1
2164;1;1;1;1;1;1;0
2165;1;1;1;2;2;1;1
2166;1;1;1;2;1;1;1
2167;1;1;1;0;1;1;1
2168;1;1;1;2;2;2;2
2169;1;1;1;2;3;1;1
2170;1;1;1;1;2;2;2
2171;1;1;1;1;2;1;1
2172;1;1;1;1;0;1;1
2173;1;1;1;0;1;1;1
2174;1;1;0;NA;0;1;1
2175;1;1;1;0;1;1;1
2176;1;1;1;NA;2;1;1
2177;1;1;2;NA;1;2;2
2178;1;1;1;0;1;1;1
2179;1;1;1;1;1;1;0
2180;1;1;1;1;0;1;1
2181;1;1;1;1;2;1;1
2182;1;1;1;0;1;1;0
2183;1;1;1;0;0;1;1
2184;1;1;1;0;1;1;1
2185;1;1;1;1;2;1;1
2186;1;1;1;1;NA;1;2
2187;1;1;1;0;NA;1;1
2188;1;1;1;0;NA;0;0
2189;1;1;1;1;0;1;1
2190;1;2;1;2;2;3;3
2191;1;1;1;NA;NA;0;0
2192;1;1;1;0;3;4;5
2193;1;1;1;0;1;1;1
2194;1;1;1;1;0;1;1
2195;1;1;1;1;0;1;1
2196;1;1;1;1;2;3;4
2197;1;1;1;0;NA;NA;NA
2198;1;1;1;2;3;1;1
2199;1;1;1;1;2;1;1
2200;1;1;1;1;2;3;2
2201;1;1;1;0;1;1;1
2202;1;1;1;0;3;3;3
2203;1;1;1;0;1;1;0
2204;1;1;1;2;1;1;1
2205;1;1;1;1;1;1;2
2206;1;1;1;1;2;2;2
2207;1;1;1;1;0;1;1
2208;1;1;1;1;2;1;1
2209;1;1;1;1;1;1;2
2210;1;1;0;1;1;1;1
2211;1;1;2;1;1;1;1
2212;1;1;1;0;1;1;1
2213;1;1;1;1;2;3;3
2214;1;1;1;1;0;0;0
2215;1;1;1;0;1;1;1
2216;1;1;2;1;2;2;3
2217;1;1;1;1;2;1;1
2218;1;1;1;1;0;1;1
2219;1;1;1;0;1;1;1
2220;1;1;1;1;2;3;3
2221;1;1;1;1;1;2;1
2222;1;1;1;1;1;NA;2
2223;1;1;1;1;2;NA;1
2224;1;1;1;1;1;NA;0
2225;1;1;1;1;1;1;2
2226;1;1;1;1;1;1;0
2227;1;2;1;1;1;1;2
2228;1;1;1;0;0;0;0
2229;1;1;1;1;1;2;2
2230;1;1;1;1;1;2;3
2231;1;1;1;1;2;1;1
2232;1;1;1;1;2;2;2
2233;1;1;1;1;0;1;1
2234;1;2;1;1;1;2;2
2235;1;1;1;1;2;1;1
2236;1;1;1;1;0;1;1
2237;1;0;0;1;NA;1;1
2238;1;1;1;1;NA;2;2
2239;1;1;1;1;2;1;1
2240;2;1;1;1;1;1;1
2241;1;1;1;1;0;1;1
2242;1;0;0;1;0;0;0
2243;1;1;1;1;2;2;2
2244;1;1;1;1;1;1;2
2245;1;1;1;1;2;2;2
2246;1;1;1;1;2;2;3
2247;1;1;1;1;2;3;3
2248;1;1;1;1;1;0;0
2249;1;1;1;1;0;3;4
2250;1;1;1;1;2;2;3
2251;1;1;1;0;NA;NA;NA
2252;1;1;1;1;2;1;1
2253;1;1;1;1;2;1;1
2254;1;1;1;1;2;3;4
2255;1;1;1;1;2;2;2
2256;1;1;1;1;2;1;1
2257;1;1;1;1;NA;1;2
2258;1;1;1;1;1;1;2
2259;1;1;2;1;1;1;1
2260;1;1;1;1;1;1;2
2261;1;1;1;1;2;1;1
2262;1;1;1;1;2;3;4
2263;1;1;2;1;NA;NA;NA
2264;1;2;2;3;1;1;2
2265;1;1;1;1;2;1;1
2266;1;2;1;1;NA;1;1
2267;1;1;1;2;NA;2;2
2268;1;1;1;1;NA;2;0
2269;1;1;1;1;NA;2;1
2270;1;1;1;1;2;2;3
2271;1;1;1;1;2;2;1
2272;1;1;2;2;1;1;1
2273;1;1;1;1;0;1;1
2274;1;1;1;1;2;3;4
2275;1;1;1;1;0;0;0
2276;1;1;2;1;NA;NA;NA
2277;1;1;1;1;2;3;4
2278;1;1;1;0;NA;NA;NA
2279;1;0;0;0;0;1;1
2280;1;1;1;0;1;0;0
2281;1;1;1;0;1;1;1
2282;1;1;1;2;1;1;1
2283;1;1;1;0;1;1;1
2284;1;1;1;0;1;1;1
2285;1;1;1;NA;1;1;2
2286;1;1;1;1;2;1;2
2287;1;1;1;2;1;1;1
2288;1;1;1;0;1;1;1
2289;1;1;1;NA;1;1;2
2290;1;1;1;NA;2;1;3
2291;1;1;1;NA;2;1;0
2292;1;1;1;NA;1;2;1
2293;1;1;1;1;0;1;1
2294;1;1;1;1;1;2;2
2295;1;1;0;1;1;1;1
2296;1;1;1;2;1;1;1
2297;1;1;1;0;1;1;1
2298;1;1;1;1;2;1;1
2299;1;1;1;2;3;4;4
2300;1;1;1;0;1;1;1
2301;1;1;1;2;1;1;1
2302;1;1;1;0;1;1;1
2303;1;1;1;1;1;1;0
2304;1;1;1;0;1;1;1
2305;1;1;1;1;1;2;2
2306;1;1;1;2;1;1;3
2307;1;1;1;1;2;3;3
2308;1;1;1;0;NA;NA;NA
2309;1;1;1;2;1;1;1
2310;1;1;1;1;2;2;2
2311;1;1;1;1;2;1;1
2312;1;1;1;1;2;3;3
2313;1;1;1;2;1;1;1
2314;1;1;1;NA;2;2;3
2315;1;1;1;NA;1;1;0
2316;1;1;1;NA;2;3;1
2317;1;1;1;0;1;1;1
2318;1;1;1;NA;0;1;1
2319;1;1;1;NA;NA;1;0
2320;1;1;1;NA;2;1;2
2321;1;1;1;NA;1;2;2
2322;1;1;1;NA;2;3;3
2323;1;1;1;NA;2;2;2
2324;1;1;1;NA;2;2;2
2325;1;2;2;NA;3;1;2
2326;1;1;1;NA;0;1;1
2327;1;1;1;NA;0;0;0
2328;1;1;1;NA;0;3;3
2329;1;1;1;1;1;1;2
2330;1;1;1;2;1;1;NA
2331;1;1;1;0;0;1;1
2332;1;1;1;0;NA;1;0
2333;1;1;1;1;2;1;1
2334;1;1;1;1;NA;1;2
2335;1;1;1;1;NA;1;2
2336;1;1;1;1;2;1;1
2337;1;1;2;1;NA;1;1
2338;1;1;1;0;1;1;1
2339;1;1;1;1;0;1;1
2340;1;1;1;0;0;1;1
2341;1;1;1;0;1;1;1
2342;1;1;1;NA;0;1;1
2343;1;1;1;2;1;1;1
2344;1;1;1;1;1;2;2
2345;1;1;2;1;1;1;3
2346;1;1;1;1;1;0;0
2347;1;1;1;0;1;1;1
2348;1;2;1;NA;1;1;1
2349;1;1;1;1;2;2;2
2350;1;1;1;0;1;1;1
2351;1;1;1;NA;2;1;1
2352;1;1;1;2;1;1;1
2353;1;1;0;1;3;3;3
2354;1;1;2;1;1;1;1
2355;1;1;1;0;1;1;1
2356;1;1;1;0;1;1;1
2357;1;1;1;1;1;2;2
2358;1;1;2;1;2;1;2
2359;1;1;1;0;1;1;1
2360;1;1;1;1;2;1;1
2361;1;1;1;1;2;1;1
2362;1;1;1;2;NA;1;3
2363;1;1;1;0;0;1;1
2364;1;1;1;1;2;1;1
2365;1;1;1;0;NA;1;1
2366;1;1;1;1;2;3;2
2367;1;1;1;1;1;2;3
2368;1;1;1;0;1;NA;NA
2369;1;1;1;1;2;2;1
2370;1;1;1;1;0;0;0
2371;1;1;1;1;1;2;3
2372;1;1;1;1;1;2;2
2373;1;1;1;1;1;1;2
2374;1;1;1;0;1;1;1
2375;1;1;1;NA;1;1;2
2376;1;2;2;NA;1;1;3
2377;1;1;1;NA;1;0;0
2378;1;1;1;1;0;1;1
2379;1;1;1;2;1;1;1
2380;1;1;1;NA;1;2;2
2381;1;1;1;2;1;1;1
2382;1;1;1;1;2;2;2
2383;1;1;1;0;1;1;1
2384;1;1;2;NA;1;1;1
2385;1;1;0;1;1;1;1
2386;1;1;1;1;2;2;2
2387;1;1;2;1;2;1;1
2388;1;1;1;1;1;1;2
2389;1;1;1;1;1;1;0
2390;1;1;0;1;0;1;1
2391;1;1;1;2;3;1;1
2392;1;1;0;0;0;1;1
2393;1;1;1;1;1;2;2
2394;1;1;1;2;1;1;2
2395;1;1;1;0;0;3;3
2396;1;1;1;2;1;1;1
2397;1;1;2;1;1;1;1
2398;1;1;1;0;1;1;1
2399;1;1;1;1;2;1;1
2400;1;1;1;1;2;1;1
2401;1;1;1;2;NA;1;1
2402;1;1;1;0;1;1;1
2403;1;1;1;2;1;1;1
2404;1;1;1;NA;1;2;2
2405;1;1;1;0;1;1;1
2406;1;1;1;0;1;1;1
2407;1;1;1;NA;1;1;2
2408;1;1;1;NA;1;2;1
2409;1;1;1;NA;2;NA;1
2410;1;1;1;NA;1;NA;0
2411;1;1;1;NA;2;2;2
2412;1;2;1;NA;1;1;1
2413;1;1;1;NA;1;1;2
2414;1;1;1;2;1;1;1
2415;1;1;1;1;2;2;2
2416;1;1;1;1;1;1;2
2417;1;1;1;1;2;3;4
2418;1;1;1;1;2;2;2
2419;1;1;1;0;1;1;1
2420;1;0;0;NA;1;0;0
2421;1;1;1;1;2;1;1
2422;1;1;1;1;NA;1;2
2423;1;1;1;1;2;1;2
2424;1;1;1;1;2;1;2
2425;1;1;1;1;2;1;2
2426;1;1;2;1;1;1;1
2427;1;1;1;0;1;1;1
2428;1;1;1;NA;2;1;1
2429;1;2;0;NA;1;3;0
2430;1;1;1;1;1;1;2
2431;1;1;1;1;2;2;2
2432;1;1;1;1;1;1;2
2433;1;1;1;1;1;1;2
2434;1;1;1;1;2;1;1
2435;1;1;1;1;1;1;0
2436;1;1;1;1;0;1;3
2437;1;1;1;1;2;2;2
2438;1;1;1;1;2;2;2
2439;1;1;1;2;NA;NA;NA
2440;1;1;1;1;0;1;1
2441;1;1;1;1;0;0;0
2442;1;1;2;1;1;1;1
2443;1;1;1;1;2;3;3
2444;1;1;1;1;2;2;3
2445;1;1;1;0;0;0;0
2446;1;1;1;2;1;1;1
2447;1;0;1;1;1;1;1
2448;1;1;1;0;3;3;3
2449;1;1;1;1;1;2;2
2450;1;1;1;2;1;1;1
2451;1;1;1;1;2;1;1
2452;1;1;1;0;1;1;1
2453;1;1;1;1;2;2;2
2454;1;1;1;1;2;1;1
2455;1;1;1;2;NA;2;2
2456;1;1;1;2;1;1;1
2457;1;1;1;0;1;0;0
2458;1;1;2;2;2;2;2
2459;1;1;1;1;2;3;4
2460;1;1;1;0;NA;NA;NA
2461;1;1;1;1;0;1;0
2462;1;1;1;1;1;2;1
2463;1;1;1;0;0;1;1
2464;1;1;1;1;1;0;0
2465;1;1;1;0;1;1;1
2466;1;1;1;NA;2;1;1
2467;1;1;1;1;2;1;1
2468;1;2;1;1;NA;1;1
2469;1;2;1;1;NA;1;1
2470;1;1;1;0;1;1;1
2471;1;1;2;1;1;3;3
2472;1;1;1;1;2;3;3
2473;1;1;0;1;1;1;1
2474;2;1;1;1;1;1;1
2475;1;1;1;1;1;1;0
2476;1;1;1;1;1;2;NA
2477;1;1;1;1;2;1;1
2478;1;1;1;0;1;1;1
2479;1;1;1;1;2;1;1
2480;1;1;1;0;1;1;1
2481;1;1;1;NA;0;1;1
2482;1;1;1;NA;2;1;1
2483;1;1;1;1;2;1;1
2484;1;1;1;2;1;1;1
2485;1;1;1;1;1;2;2
2486;1;1;1;2;1;1;1
2487;1;1;2;2;0;0;0
2488;1;1;1;1;2;2;1
2489;1;1;1;0;0;3;3
2490;1;1;1;2;1;1;1
2491;1;1;1;1;0;1;1
2492;1;1;1;0;1;1;1
2493;1;1;1;1;2;1;1
2494;1;1;1;0;1;1;1
2495;1;2;1;NA;1;1;2
2496;1;2;2;2;2;1;1
2497;1;1;1;1;0;1;1
2498;1;1;1;1;1;2;2
2499;1;1;1;1;2;1;1
2500;1;1;2;1;1;1;1
2501;1;2;2;1;3;3;3
2502;1;1;2;1;1;1;1
2503;1;1;1;1;0;3;4
2504;1;1;1;1;1;1;2
2505;1;1;1;1;1;1;2
2506;1;1;1;1;0;1;0
2507;1;1;1;1;0;1;1
2508;1;2;1;1;NA;1;2
2509;1;2;1;1;1;1;1
2510;1;2;1;3;1;2;2
2511;1;1;1;1;1;2;3
2512;1;1;1;1;2;1;1
2513;1;1;1;0;1;1;1
2514;1;1;1;1;2;1;1
2515;1;1;1;1;NA;1;2
2516;1;1;1;0;0;1;0
2517;1;1;1;1;2;1;1
2518;1;1;1;0;1;1;1
2519;1;1;1;2;1;1;1
2520;1;2;2;1;2;1;1
2521;1;0;0;0;0;0;0
2522;1;1;1;1;2;1;1
2523;1;1;1;1;2;1;1
2524;1;1;1;0;1;1;1
2525;1;1;1;1;0;1;1
2526;1;1;0;1;1;1;1
2527;1;1;NA;1;2;2;3
2528;1;1;1;1;1;0;0
2529;1;1;1;1;0;1;1
2530;1;1;1;1;1;1;2
2531;1;1;1;0;1;1;1
2532;1;1;0;3;1;1;1
2533;1;1;1;1;2;1;1
2534;1;1;3;3;3;2;2
2535;1;1;1;0;0;1;1
2536;1;1;1;0;3;1;1
2537;1;1;1;0;1;1;1
2538;1;1;1;NA;2;3;3
2539;1;1;1;NA;1;0;0
2540;1;1;1;NA;0;1;1
2541;1;1;1;1;0;0;0
2542;1;1;1;1;2;2;1
2543;1;1;1;0;0;1;1
2544;1;1;1;1;2;1;1
2545;1;1;1;0;NA;1;1
2546;1;1;1;1;2;1;1
2547;1;1;1;1;1;1;2
2548;1;1;1;1;2;1;1
2549;1;1;1;2;1;1;1
2550;1;1;1;1;2;1;1
2551;1;1;1;2;NA;1;1
2552;1;2;1;NA;NA;1;1
2553;1;1;1;1;1;1;0
2554;1;1;1;1;0;1;1
2555;1;1;1;0;1;1;1
2556;1;1;2;NA;1;1;1
2557;1;1;1;NA;2;1;1
2558;1;1;1;1;1;1;0
2559;1;2;1;1;1;1;1
2560;1;1;1;1;1;1;2
2561;1;1;2;1;2;1;1
2562;1;1;1;0;3;4;4
2563;1;1;1;0;0;1;3
2564;1;1;0;NA;NA;1;NA
2565;1;1;1;1;2;1;2
2566;1;1;0;0;1;1;1
2567;1;1;1;1;2;2;2
2568;1;1;1;2;3;1;1
2569;1;1;1;1;1;2;1
2570;1;1;1;1;0;1;1
2571;1;1;1;0;1;0;1
2572;1;2;1;NA;1;NA;1
2573;1;1;1;0;1;1;1
2574;1;1;1;NA;1;2;1
2575;1;1;1;2;1;1;3
2576;1;1;1;1;1;1;0
2577;1;1;2;1;1;1;1
2578;1;2;3;1;4;1;1
2579;1;1;1;0;1;1;1
2580;1;1;1;NA;2;3;3
2581;1;1;1;1;0;1;1
2582;1;1;1;1;1;2;1
2583;1;1;2;1;2;2;2
2584;1;1;1;1;1;2;3
2585;1;1;1;0;0;0;0
2586;1;1;2;1;1;1;1
2587;1;1;1;0;3;1;1
2588;1;1;1;1;2;1;1
2589;1;1;1;1;2;2;2
2590;1;1;1;1;2;3;4
2591;1;1;0;1;1;1;1
2592;1;1;1;2;1;1;1
2593;1;1;1;1;1;2;2
2594;1;1;1;1;2;1;1
2595;1;2;3;4;NA;1;1
2596;1;1;1;1;1;1;2
2597;1;1;1;1;1;1;2
2598;1;1;1;1;1;1;0
2599;1;1;1;1;2;1;1
2600;1;0;1;1;1;1;1
2601;1;1;1;0;1;1;1
2602;1;2;1;1;1;3;2
2603;1;1;1;1;2;1;1
2604;1;1;1;0;NA;3;3
2605;1;1;1;1;1;2;2
2606;1;2;2;2;3;1;1
2607;1;1;1;1;2;1;1
2608;1;1;1;0;0;1;1
2609;1;1;1;2;2;1;1
2610;1;1;2;1;1;2;2
2611;1;1;1;2;1;1;1
2612;1;1;1;1;1;1;2
2613;1;1;1;0;1;1;NA
2614;1;1;1;2;1;1;1
2615;1;1;1;0;1;1;1
2616;1;1;1;NA;0;0;1
2617;1;1;1;NA;1;1;0
2618;1;1;1;2;1;1;1
2619;1;1;1;0;1;1;1
2620;1;1;1;NA;2;1;1
2621;1;1;1;NA;2;1;1
2622;1;1;1;NA;1;2;1
2623;1;2;1;1;1;1;1
2624;1;1;2;1;1;1;3
2625;1;1;1;1;2;1;1
2626;1;1;1;1;1;2;1
2627;1;1;1;1;2;1;1
2628;1;1;1;1;2;1;1
2629;1;1;1;2;1;1;1
2630;1;1;1;1;1;1;0
2631;1;1;1;0;1;1;1
2632;1;1;1;1;2;1;3
2633;1;1;1;2;2;1;1
2634;1;1;1;2;1;1;1
2635;1;1;1;NA;1;1;0
2636;1;1;1;0;0;1;1
2637;1;1;1;1;2;1;1
2638;1;1;1;1;0;0;0
2639;1;1;1;1;1;0;1
2640;1;1;1;0;1;1;1
2641;1;1;1;1;1;1;2
2642;1;1;1;2;1;1;1
2643;1;1;1;0;0;1;1
2644;1;1;1;0;1;1;1
2645;1;1;2;1;1;1;1
2646;1;1;1;1;2;1;1
2647;1;1;1;0;NA;1;1
2648;1;1;1;NA;NA;1;0
2649;1;1;1;0;1;1;1
2650;1;2;2;2;1;2;2
2651;1;1;1;1;2;1;1
2652;1;1;1;2;1;1;1
2653;1;2;2;2;3;1;1
2654;1;1;1;0;0;1;1
2655;1;1;1;1;1;1;0
2656;1;1;1;1;1;1;0
2657;1;1;0;1;1;1;NA
2658;1;1;1;1;2;1;1
2659;1;1;1;1;2;1;1
2660;1;1;1;0;NA;1;1
2661;1;1;1;1;1;1;0
2662;1;0;0;0;1;1;NA
2663;1;1;1;1;2;1;1
2664;1;1;1;1;2;1;1
2665;1;1;1;1;1;1;2
2666;1;1;1;1;2;1;1
2667;1;1;1;2;2;1;1
2668;1;1;1;0;0;1;1
2669;1;1;2;1;1;1;1
2670;1;1;1;1;2;1;1
2671;1;1;1;2;3;3;3
2672;1;1;1;1;2;1;1
2673;1;1;1;1;1;1;0
2674;1;1;1;1;0;1;0
2675;1;2;2;2;2;1;1
2676;1;1;1;1;2;1;1
2677;1;1;1;1;NA;2;1
2678;1;1;1;2;NA;1;1
2679;1;1;1;1;2;3;3
2680;1;1;1;0;1;1;1
2681;1;1;1;NA;2;3;3
2682;1;1;1;NA;0;1;1
2683;1;1;1;2;3;1;1
2684;1;1;1;1;1;1;2
2685;1;1;1;0;1;1;1
2686;1;1;1;NA;2;3;3
2687;1;0;0;NA;1;1;1
2688;1;1;1;NA;1;0;0
2689;1;1;1;NA;2;2;2
2690;1;1;1;NA;0;1;1
2691;1;1;1;NA;2;2;2
2692;1;1;1;NA;1;1;2
2693;1;1;1;NA;1;2;2
2694;1;1;1;0;1;1;1
2695;1;1;1;NA;2;1;1
2696;1;1;1;NA;2;1;2
2697;1;1;2;NA;2;1;1
2698;1;1;0;NA;1;1;1
2699;1;1;1;NA;2;1;1
2700;1;1;1;NA;2;1;0
2701;1;1;1;NA;2;1;1
2702;1;1;1;NA;2;3;4
2703;1;1;1;NA;1;2;1
2704;1;1;1;NA;1;0;0
2705;1;1;0;NA;1;1;1
2706;1;1;1;NA;1;1;2
2707;1;1;1;NA;1;2;2
2708;1;1;1;NA;0;NA;NA
2709;1;1;1;NA;1;2;1
2710;1;1;1;NA;1;2;1
2711;1;1;1;NA;2;1;1
2712;1;1;2;NA;2;1;1
2713;1;1;1;NA;1;2;1
2714;1;1;1;NA;1;0;1
2715;1;1;1;NA;0;1;1
2716;1;1;1;NA;NA;2;1
2717;1;1;1;NA;NA;1;2
2718;1;1;0;NA;NA;0;0
2719;1;1;2;NA;NA;1;1
2720;1;1;1;NA;NA;0;0
2721;1;1;1;NA;NA;2;1
2722;1;1;1;NA;NA;0;0
2723;1;1;2;NA;NA;NA;NA
2724;1;2;2;NA;NA;1;1
2725;1;1;1;NA;2;2;2
2726;1;1;1;NA;0;1;1
2727;1;1;1;NA;2;1;1
2728;1;1;1;2;3;1;1
2729;1;1;1;0;1;1;1
2730;1;1;1;1;0;1;1
2731;1;1;1;1;2;1;1
2732;1;1;1;0;1;1;1
2733;1;2;2;NA;1;2;2
2734;1;1;1;1;1;1;2
2735;1;2;1;1;1;1;1
2736;1;1;1;1;2;2;2
2737;1;1;1;0;1;1;1
2738;1;2;2;NA;1;1;1
2739;1;1;1;NA;2;2;2
2740;1;0;1;NA;1;1;1
2741;1;0;0;NA;0;0;0
2742;1;1;1;NA;2;1;1
2743;1;3;3;NA;1;2;1
2744;1;1;1;NA;2;1;1
2745;1;1;1;NA;2;1;1
2746;1;1;1;NA;NA;2;1
2747;1;0;1;NA;1;1;1
2748;1;1;1;NA;2;1;1
2749;1;1;1;NA;2;1;1
2750;1;1;1;NA;2;1;0
2751;1;1;1;1;2;1;1
2752;1;1;1;0;1;1;1
2753;1;1;1;0;1;1;1
2754;1;1;1;NA;2;1;1
2755;1;1;2;NA;2;2;1
2756;1;1;2;NA;1;1;1
2757;1;1;1;1;0;1;1
2758;1;1;1;2;2;1;1
2759;1;1;1;2;1;1;1
2760;1;1;1;NA;0;1;1
2761;1;1;1;2;1;1;1
2762;1;1;1;2;1;1;3
2763;1;1;1;1;2;1;3
2764;1;0;0;1;NA;1;NA
2765;1;1;1;0;1;1;1
2766;1;1;1;NA;2;1;1
2767;1;1;1;NA;2;1;1
2768;1;1;1;1;2;1;1
2769;1;1;1;2;NA;1;1
2770;1;1;2;1;NA;1;1
2771;1;1;1;2;1;1;1
2772;1;1;1;0;0;1;1
2773;1;2;2;NA;NA;1;1
2774;1;1;1;NA;NA;2;2
2775;1;1;1;2;3;1;1
2776;1;1;1;NA;NA;2;2
2777;1;1;0;NA;NA;1;1
2778;1;2;2;NA;NA;0;0
2779;1;1;1;NA;NA;2;2
2780;1;1;2;NA;NA;1;1
2781;1;0;NA;NA;NA;1;1
2782;1;1;1;1;2;1;1
2783;1;1;1;1;2;1;1
2784;1;1;1;1;0;0;0
2785;1;1;1;1;1;1;2
2786;1;1;1;1;2;1;1
2787;1;1;1;1;0;1;3
2788;1;1;2;2;1;1;1
2789;1;1;1;1;0;1;1
2790;1;1;1;0;1;1;1
2791;1;1;1;NA;0;1;1
2792;1;1;1;2;1;1;1
2793;1;1;1;NA;2;3;3
2794;1;1;1;2;1;1;1
2795;1;1;1;NA;1;1;0
2796;1;1;1;2;1;1;1
2797;1;1;1;NA;2;1;1
2798;1;1;1;1;2;3;3
2799;1;1;1;1;2;3;3
2800;1;1;1;0;NA;NA;NA
2801;1;1;1;0;1;1;1
2802;1;1;1;NA;1;2;1
2803;1;1;1;NA;1;2;2
2804;1;1;1;1;1;2;2
2805;1;1;1;0;1;1;3
2806;1;1;1;2;1;1;1
2807;1;1;1;1;1;0;1
2808;1;1;2;3;4;4;4
2809;1;1;1;1;2;2;1
2810;1;1;1;0;1;1;1
2811;1;1;1;NA;2;2;2
2812;1;1;1;1;2;1;1
2813;1;1;1;1;2;1;1
2814;1;1;1;0;1;1;1
2815;1;1;1;1;2;1;1
2816;1;1;1;0;1;1;1
2817;1;1;1;NA;2;2;1
2818;1;1;1;1;2;1;1
2819;1;1;1;1;1;1;2
2820;1;1;1;1;2;3;3
2821;1;1;1;0;NA;NA;NA
2822;1;1;0;1;1;0;0
2823;1;1;1;1;2;1;1
2824;1;1;1;0;0;1;1
2825;1;2;2;1;3;1;1
2826;1;1;1;1;1;2;3
2827;1;1;1;2;3;3;3
2828;1;1;1;0;3;4;5
2829;1;1;1;2;1;1;1
2830;1;1;1;2;3;3;3
2831;1;1;1;2;1;1;1
2832;1;1;1;0;1;1;1
2833;1;1;1;0;1;1;1
2834;1;1;1;NA;0;0;0
2835;1;1;1;0;1;1;1
2836;1;1;1;2;3;1;3
2837;1;1;1;1;1;1;2
2838;1;1;1;1;2;1;NA
2839;1;2;2;2;2;3;3
2840;1;1;1;1;1;2;3
2841;1;1;1;1;1;0;3
2842;1;1;1;0;1;NA;NA
2843;1;1;1;2;1;1;1
2844;1;1;1;1;2;3;3
2845;1;1;1;1;0;1;0
2846;1;1;1;1;2;1;1
2847;1;1;1;1;NA;2;2
2848;1;1;1;1;2;1;1
2849;1;1;1;0;NA;1;1
2850;1;2;2;2;2;2;2
2851;1;1;1;1;0;1;1
2852;1;2;1;1;NA;1;2
2853;1;0;1;0;NA;0;0
2854;1;1;1;0;NA;1;1
2855;1;1;1;0;1;1;1
2856;1;1;1;NA;2;1;3
2857;1;1;1;NA;0;1;1
2858;1;1;1;NA;0;1;1
2859;1;1;1;1;1;1;0
2860;1;1;1;2;1;1;1
2861;1;1;1;NA;2;2;2
2862;1;1;1;1;2;1;1
2863;1;1;1;0;1;1;1
2864;1;1;1;NA;0;3;3
2865;1;1;1;1;0;0;0
2866;1;1;1;1;1;1;0
2867;1;1;1;1;2;1;3
2868;1;1;1;2;1;1;1
2869;1;1;1;0;1;1;1
2870;1;2;1;NA;2;1;2
2871;1;1;1;NA;2;1;1
2872;1;1;1;NA;NA;2;1
2873;1;1;1;NA;1;1;2
2874;1;1;1;NA;0;1;0
2875;1;1;1;NA;0;1;1
2876;1;1;1;NA;NA;1;0
2877;1;1;1;NA;2;3;4
2878;1;1;0;NA;NA;NA;NA
2879;1;2;2;NA;3;1;2
2880;1;1;1;NA;1;1;2
2881;1;1;1;2;1;1;1
2882;1;1;1;0;1;1;1
2883;1;1;1;NA;2;2;2
2884;1;1;2;NA;NA;NA;NA
2885;1;1;1;1;1;1;2
2886;1;1;1;0;1;1;1
2887;1;1;1;NA;1;1;2
2888;1;1;1;0;1;1;1
2889;1;1;1;NA;1;1;0
2890;1;1;2;NA;3;1;1
2891;1;1;1;NA;2;1;1
2892;1;1;1;NA;1;1;2
2893;1;1;1;NA;2;1;1
2894;1;1;1;NA;2;1;2
2895;1;1;1;NA;2;2;1
2896;1;1;2;NA;1;1;1
2897;1;1;1;NA;2;3;1
2898;1;1;1;NA;1;2;1
2899;1;1;2;3;4;5;4
2900;1;1;1;2;1;3;3
2901;1;1;2;NA;1;NA;NA
2902;1;1;0;NA;1;NA;NA
2903;1;1;0;NA;3;NA;NA
2904;1;1;1;1;1;2;1
2905;1;1;1;0;1;1;1
2906;1;1;2;1;1;1;1
2907;1;1;2;1;2;2;2
2908;1;1;1;1;0;1;1
2909;1;1;2;1;1;1;1
2910;1;1;1;1;2;1;3
2911;1;1;1;0;1;1;1
2912;1;1;1;2;1;1;1
2913;1;1;0;1;1;1;1
2914;1;1;1;0;3;3;3
2915;1;1;1;1;0;0;1
2916;1;1;1;0;3;1;1
2917;1;1;2;NA;NA;1;0
2918;1;1;1;NA;NA;2;2
2919;1;1;1;0;1;1;1
2920;1;1;2;NA;1;1;1
2921;1;1;1;2;1;1;1
2922;1;1;1;NA;1;1;2
2923;1;1;1;NA;1;1;2
2924;1;1;1;1;2;3;1
2925;1;1;1;2;1;1;1
2926;1;1;1;0;0;1;1
2927;1;1;1;NA;NA;1;2
2928;1;1;1;0;1;1;1
2929;1;1;1;NA;2;1;1
2930;1;1;1;NA;NA;1;0
2931;1;1;1;1;2;2;2
2932;1;1;1;0;3;1;1
2933;1;1;1;1;0;1;1
2934;1;1;1;2;NA;1;1
2935;1;1;1;1;2;1;1
2936;1;1;1;1;NA;1;2
2937;1;1;1;2;1;1;1
2938;1;1;1;1;2;1;3
2939;1;1;0;0;NA;1;NA
2940;1;1;1;0;1;1;1
2941;1;1;1;NA;0;1;1
2942;1;1;1;2;1;1;1
2943;1;1;1;1;2;1;1
2944;1;1;1;2;1;1;1
2945;1;1;2;NA;1;1;3
2946;1;1;2;NA;1;1;1
2947;1;1;1;2;0;4;4
2948;1;1;1;1;1;2;2
2949;1;1;1;2;1;1;1
2950;1;1;1;NA;1;2;3
2951;1;1;1;NA;2;1;1
2952;1;1;1;0;1;1;1
2953;1;1;1;NA;1;2;2
2954;1;1;1;NA;1;1;2
2955;1;1;1;NA;2;1;1
2956;1;1;1;0;1;1;1
2957;1;1;1;2;1;1;1
2958;1;1;1;1;2;1;1
2959;1;1;2;1;NA;1;1
2960;1;1;1;0;1;1;1
2961;1;1;1;1;2;1;1
2962;1;1;1;1;2;3;3
2963;1;1;1;2;NA;NA;NA
2964;1;1;1;0;NA;NA;NA
2965;1;1;1;0;1;1;1
2966;1;1;1;NA;1;1;2
2967;1;1;1;NA;2;1;1
2968;1;1;1;NA;0;1;1
2969;1;1;1;1;1;2;3
2970;1;2;2;2;2;NA;NA
2971;1;1;1;1;0;1;1
2972;1;1;1;0;1;1;1
2973;1;1;1;NA;2;2;2
2974;1;1;1;NA;1;1;2
2975;1;1;1;NA;1;2;1
2976;1;1;2;NA;1;1;1
2977;1;1;1;NA;1;2;2
2978;1;1;1;NA;1;2;2
2979;1;1;1;NA;2;1;1
2980;1;1;1;NA;0;1;1
2981;1;1;1;NA;2;1;1
2982;1;1;1;NA;2;1;1
2983;1;1;0;NA;NA;1;1
2984;1;1;1;NA;1;2;2
2985;1;1;1;NA;1;0;0
2986;1;1;1;NA;0;1;3
2987;1;1;1;NA;2;1;1
2988;1;1;1;NA;NA;2;2
2989;1;2;2;NA;NA;1;1
2990;1;1;2;NA;NA;3;3
2991;1;2;2;NA;NA;1;1
2992;1;2;1;1;2;2;2
2993;1;1;1;1;2;1;1
2994;1;1;1;2;2;2;2
2995;1;1;1;0;1;1;1
2996;1;1;1;NA;2;1;1
2997;1;1;1;1;1;1;0
2998;1;1;1;1;0;1;1
2999;1;1;1;2;3;1;1
3000;1;1;1;1;2;2;2
3001;1;1;1;1;2;1;1
3002;1;2;2;2;2;1;1
3003;1;1;1;0;0;0;0
3004;1;1;1;1;1;1;2
3005;1;1;1;1;1;1;0
3006;1;1;1;1;2;3;0
3007;1;1;1;1;0;0;0
3008;1;1;1;1;1;2;2
3009;1;1;1;1;1;1;2
3010;1;1;1;0;1;1;1
3011;1;1;1;NA;1;1;2
3012;1;2;1;NA;3;1;1
3013;1;1;1;NA;1;1;0
3014;1;1;1;0;1;1;1
3015;1;1;1;1;0;0;0
3016;1;1;1;0;1;1;1
3017;1;1;1;0;1;1;1
3018;1;1;1;NA;1;1;0
3019;1;1;1;NA;2;1;1
3020;1;2;2;NA;3;3;2
3021;1;1;1;NA;2;3;4
3022;1;1;1;1;2;1;1
3023;1;1;1;1;2;1;1
3024;1;1;1;1;0;0;0
3025;1;1;1;0;1;1;1
3026;1;1;1;0;1;1;1
3027;1;1;1;NA;1;1;0
3028;1;1;1;NA;1;2;2
3029;1;1;1;1;0;1;1
3030;1;1;1;2;NA;3;0
3031;1;1;1;1;1;1;2
3032;1;1;1;1;0;1;NA
3033;1;1;1;1;2;3;4
3034;1;1;1;0;1;1;1
3035;1;1;1;NA;2;1;1
3036;1;1;1;NA;1;2;2
3037;1;1;1;1;2;1;1
3038;1;0;1;1;1;1;1
3039;1;1;1;2;1;1;1
3040;1;1;1;0;1;1;1
3041;1;1;1;NA;2;1;1
3042;1;1;1;1;2;1;1
3043;1;2;2;0;0;0;0
3044;1;1;1;1;2;3;1
3045;1;1;1;0;1;1;0
3046;1;1;1;0;1;1;1
3047;1;1;1;0;0;1;1
3048;1;1;1;0;1;1;1
3049;1;2;1;NA;1;1;1
3050;1;1;1;NA;1;2;1
3051;1;1;1;NA;2;1;1
3052;1;1;1;NA;1;1;2
3053;1;1;1;NA;2;3;3
3054;1;1;1;NA;1;2;2
3055;1;1;1;NA;2;1;1
3056;1;1;1;NA;NA;2;3
3057;1;1;1;NA;2;1;1
3058;1;1;1;NA;1;2;3
3059;1;1;1;NA;0;1;1
3060;1;1;1;2;1;1;1
3061;1;1;1;NA;1;1;2
3062;1;1;1;0;1;1;1
3063;1;1;1;1;2;1;1
3064;1;1;1;2;1;1;1
3065;1;1;1;0;1;1;1
3066;1;1;1;NA;2;1;3
3067;1;1;1;NA;NA;1;2
3068;1;1;1;NA;1;2;2
3069;1;1;1;NA;1;2;2
3070;1;1;1;NA;2;1;1
3071;1;1;2;NA;2;1;2
3072;1;1;1;NA;1;0;0
3073;1;0;1;1;1;1;1
3074;1;NA;1;1;1;2;2
3075;1;NA;1;0;1;1;1
3076;1;1;1;1;2;1;1
3077;1;1;1;1;1;1;0
3078;1;1;1;1;1;0;1
3079;1;1;1;1;2;1;3
3080;1;1;1;1;1;1;0
3081;1;1;1;1;1;0;NA
3082;1;1;1;0;1;1;1
3083;1;1;2;3;1;1;3
3084;1;1;1;NA;2;1;1
3085;1;1;2;NA;NA;1;1
3086;1;1;1;0;1;1;1
3087;1;1;2;2;1;1;1
3088;1;1;1;2;1;1;1
3089;1;1;1;0;3;3;4
3090;1;1;1;1;1;1;2
3091;1;1;1;1;2;1;1
3092;1;1;1;1;2;3;3
3093;1;1;1;0;NA;NA;NA
3094;1;1;2;1;NA;NA;NA
3095;1;1;NA;0;NA;NA;NA
3096;1;2;2;2;2;1;2
3097;1;1;2;1;1;1;2
3098;1;1;1;2;1;1;1
3099;1;1;1;0;3;4;0
3100;1;0;0;NA;NA;NA;NA
3101;1;1;1;0;1;1;1
3102;1;1;1;NA;1;0;0
3103;1;1;1;NA;2;1;3
3104;1;1;1;NA;0;1;1
3105;1;0;0;NA;1;0;0
3106;1;1;1;NA;1;2;2
3107;1;1;1;NA;2;1;1
3108;1;1;1;NA;1;2;2
3109;1;1;1;NA;1;1;2
3110;1;1;1;1;2;2;1
3111;1;1;1;1;2;2;2
3112;1;1;1;1;0;1;1
3113;1;1;1;1;1;2;1
3114;1;1;1;2;3;4;5
3115;1;2;1;2;2;2;2
3116;1;1;1;1;2;1;1
3117;1;1;1;2;1;1;1
3118;1;1;1;1;1;1;2
3119;1;1;1;2;0;1;1
3120;1;1;1;0;1;1;1
3121;1;1;1;1;1;0;1
3122;1;1;1;0;1;1;1
3123;1;1;1;NA;1;2;2
3124;1;1;1;1;2;2;2
3125;1;1;1;1;1;2;2
3126;1;1;1;0;1;1;1
3127;1;1;1;NA;0;1;1
3128;1;1;2;NA;0;1;1
3129;1;1;0;NA;1;1;0
3130;1;1;1;NA;2;3;3
3131;1;1;1;1;1;1;0
3132;1;1;1;2;1;1;1
3133;1;1;1;1;2;1;1
3134;1;1;1;2;1;3;1
3135;1;1;1;0;1;1;1
3136;1;1;1;NA;1;2;2
3137;1;1;1;0;1;1;1
3138;1;1;1;NA;2;1;1
3139;1;1;1;NA;1;1;0
3140;1;1;1;2;1;1;1
3141;1;1;1;2;1;1;1
3142;1;1;1;2;1;1;1
3143;1;1;1;NA;2;1;1
3144;1;1;1;NA;1;1;2
3145;1;1;1;NA;2;1;1
3146;1;1;1;1;2;1;1
3147;1;1;2;1;1;1;1
3148;1;1;1;2;1;1;1
3149;1;1;1;2;1;1;1
3150;1;1;1;0;3;1;1
3151;1;1;1;NA;NA;0;0
3152;1;1;1;NA;NA;2;2
3153;1;1;1;0;1;1;1
3154;1;1;1;NA;0;1;1
3155;1;1;1;0;1;1;1
3156;1;1;1;NA;2;3;3
3157;1;1;0;NA;NA;NA;NA
3158;1;2;2;NA;1;1;1
3159;1;2;3;NA;2;2;4
3160;1;2;1;NA;3;1;2
3161;1;1;1;NA;2;1;3
3162;1;2;2;NA;1;2;1
3163;1;2;2;NA;2;1;2
3164;1;1;1;2;1;1;1
3165;1;1;1;NA;2;1;1
3166;1;1;1;1;2;1;1
3167;1;1;1;2;1;1;1
3168;1;1;1;0;1;1;1
3169;1;1;1;NA;2;1;1
3170;1;1;1;NA;0;1;0
3171;1;1;1;NA;2;1;1
3172;1;1;1;NA;0;3;3
3173;1;1;1;NA;2;1;1
3174;1;0;0;NA;NA;0;0
3175;1;2;2;NA;NA;1;1
3176;1;1;2;NA;1;1;1
3177;1;1;1;NA;2;1;1
3178;1;1;0;NA;0;1;0
3179;1;1;2;NA;1;1;1
3180;1;1;1;2;0;1;1
3181;1;1;1;0;1;1;0
3182;1;1;1;1;2;1;1
3183;1;1;0;0;1;1;1
3184;1;1;1;1;1;2;1
3185;1;2;1;3;2;2;2
3186;1;1;1;0;1;1;1
3187;1;1;1;NA;0;0;0
3188;1;1;1;NA;2;1;1
3189;1;1;1;NA;2;3;3
3190;1;1;1;2;1;1;1
3191;1;1;1;NA;0;0;0
3192;1;1;1;NA;1;1;0
3193;1;1;1;NA;0;1;1
3194;1;2;2;NA;1;1;1
3195;1;1;1;0;1;1;1
3196;1;1;1;NA;1;2;2
3197;1;1;1;NA;1;1;0
3198;1;1;1;NA;0;1;1
3199;1;2;2;2;1;1;1
3200;1;1;1;1;0;1;1
3201;1;1;1;1;2;1;1
3202;1;1;2;1;1;1;1
3203;1;1;1;1;2;1;1
3204;1;2;1;1;1;1;1
3205;1;1;1;0;1;1;1
3206;1;1;1;NA;0;1;1
3207;1;1;0;1;1;1;1
3208;1;1;1;1;1;1;2
3209;1;1;1;1;1;2;2
3210;1;0;1;0;1;1;1
3211;1;1;2;2;1;1;1
3212;1;1;1;1;1;1;2
3213;1;1;1;0;1;1;1
3214;1;1;1;NA;0;1;1
3215;1;1;1;NA;0;1;1
3216;1;1;0;NA;NA;1;3
3217;1;1;1;NA;NA;1;0
3218;1;1;1;NA;1;1;2
3219;1;1;1;NA;1;1;2
3220;1;1;1;NA;1;2;NA
3221;1;1;1;NA;0;0;NA
3222;1;1;1;NA;1;2;NA
3223;1;1;1;0;1;0;1
3224;1;1;1;2;1;2;1
3225;1;1;1;1;2;1;1
3226;1;1;1;1;1;1;0
3227;1;1;1;1;1;1;0
3228;1;1;2;1;1;1;1
3229;1;1;NA;1;2;3;4
3230;1;2;2;1;2;3;3
3231;1;1;1;0;0;0;0
3232;1;1;1;0;1;1;1
3233;1;1;1;NA;2;2;2
3234;1;1;1;1;1;1;0
3235;1;1;1;2;2;3;1
3236;1;0;1;NA;NA;NA;1
3237;1;1;1;0;1;1;0
3238;1;1;1;1;2;1;1
3239;1;1;1;1;1;1;2
3240;1;1;1;0;1;1;1
3241;1;1;1;NA;2;1;1
3242;1;1;1;NA;1;1;2
3243;1;1;1;0;1;1;1
3244;1;1;1;0;1;1;1
3245;1;1;1;NA;1;1;0
3246;1;1;1;NA;2;2;2
3247;1;1;1;NA;0;0;0
3248;1;1;2;1;1;1;1
3249;1;1;NA;1;2;1;1
3250;1;1;0;1;1;1;1
3251;1;1;1;0;1;1;1
3252;1;1;1;2;1;1;1
3253;1;1;1;NA;0;1;0
3254;1;1;1;1;1;1;2
3255;1;1;1;1;1;1;0
3256;1;1;1;1;1;2;2
3257;1;1;2;2;1;1;1
3258;1;1;1;1;2;3;4
3259;1;1;1;0;1;1;1
3260;1;1;1;1;1;1;2
3261;1;1;1;0;0;0;1
3262;1;1;1;0;0;1;1
3263;1;1;1;1;2;1;1
3264;1;1;1;1;0;1;1
3265;1;1;1;1;1;2;2
3266;1;1;1;0;1;1;1
3267;1;2;1;NA;1;1;1
3268;1;1;1;1;1;2;2
3269;1;1;1;0;1;1;1
3270;1;1;0;3;1;1;1
3271;1;1;NA;NA;2;1;1
3272;1;1;1;0;1;1;1
3273;1;1;1;0;0;1;1
3274;1;1;1;1;2;1;1
3275;1;0;1;1;1;1;1
3276;1;1;1;1;1;1;0
3277;1;1;1;0;1;1;1
3278;1;1;1;1;2;1;3
3279;1;1;1;0;1;1;1
3280;1;1;0;1;1;1;1
3281;1;1;1;1;1;0;0
3282;1;1;1;1;1;1;2
3283;1;1;2;1;1;1;1
3284;1;1;1;1;1;2;3
3285;1;1;1;2;1;1;1
3286;1;1;1;0;0;1;1
3287;1;1;1;0;0;1;1
3288;1;1;1;0;1;1;1
3289;1;1;1;1;2;1;1
3290;1;1;1;1;1;1;2
3291;1;1;1;1;2;1;1
3292;1;1;1;1;2;1;1
3293;1;1;1;1;2;2;2
3294;1;1;1;2;2;2;2
3295;1;1;1;0;1;1;1
3296;1;1;1;1;2;3;2
3297;1;1;1;0;1;1;1
3298;1;1;1;NA;2;1;1
3299;1;1;1;1;2;1;1
3300;1;1;2;1;2;2;2
3301;1;2;3;1;1;1;1
3302;1;1;2;1;1;1;1
3303;1;1;2;2;1;1;1
3304;1;1;2;2;1;1;1
3305;1;1;1;2;2;1;1
3306;1;1;1;0;1;1;1
3307;1;1;2;1;1;1;1
3308;1;1;1;0;3;4;1
3309;1;1;1;2;2;2;2
3310;1;1;1;1;1;2;2
3311;1;1;1;0;1;1;1
3312;1;1;1;NA;2;1;1
3313;1;1;1;2;1;1;1
3314;1;1;1;2;2;1;1
3315;1;1;1;1;0;1;1
3316;1;2;2;2;1;1;2
3317;1;1;1;2;1;1;1
3318;1;1;1;1;0;1;1
3319;1;1;1;2;1;1;1
3320;1;1;1;0;3;4;4
3321;1;1;1;0;1;1;1
3322;1;1;1;1;0;0;0
3323;1;1;1;2;1;1;1
3324;1;1;1;1;1;2;1
3325;1;1;1;0;1;1;1
3326;1;1;1;1;0;1;1
3327;1;1;1;1;1;1;2
3328;1;1;1;1;0;1;1
3329;1;1;0;3;1;1;1
3330;1;1;1;2;1;1;1
3331;1;1;1;1;2;1;1
3332;1;1;1;1;2;2;2
3333;1;1;1;0;1;1;1
3334;1;1;1;NA;2;2;2
3335;1;2;2;NA;NA;NA;NA
3336;1;1;1;NA;2;3;4
3337;1;1;1;2;1;1;1
3338;1;1;1;0;1;1;1
3339;1;1;2;1;1;1;1
3340;1;1;1;0;0;1;3
3341;1;1;1;1;2;3;3
3342;1;1;1;0;1;1;1
3343;1;1;1;NA;1;2;2
3344;1;1;1;0;1;1;1
3345;1;0;1;NA;3;1;1
3346;1;1;1;NA;2;1;1
3347;1;1;2;NA;NA;1;1
3348;1;0;0;0;0;1;1
3349;1;0;0;0;1;1;1
3350;1;0;0;0;0;1;1
3351;1;1;1;1;2;1;1
3352;1;1;1;0;1;3;1
3353;1;1;1;0;3;1;0
3354;1;1;1;0;1;1;1
3355;1;1;1;0;1;1;1
3356;1;1;1;1;1;2;2
3357;1;1;1;0;0;0;0
3358;1;1;2;1;1;1;1
3359;1;1;1;1;1;1;2
3360;1;1;1;0;1;1;1
3361;1;1;1;NA;2;3;1
3362;1;1;2;1;1;1;3
3363;1;1;1;1;2;1;1
3364;1;1;1;0;1;1;1
3365;1;1;1;NA;1;0;0
3366;1;1;1;NA;2;2;1
3367;1;1;1;2;1;1;1
3368;1;1;1;1;0;3;3
3369;1;1;1;1;1;2;1
3370;1;1;1;1;1;2;1
3371;1;1;1;1;1;1;2
3372;1;1;1;0;0;1;1
3373;1;1;1;1;1;0;0
3374;1;1;1;1;2;3;4
3375;1;1;1;0;NA;NA;NA
3376;1;1;1;0;1;1;1
3377;1;1;1;2;2;1;1
3378;1;1;1;1;0;0;1
3379;1;1;1;0;1;1;1
3380;1;2;2;NA;2;2;1
3381;1;1;1;1;1;2;2
3382;1;1;0;1;1;1;1
3383;1;1;1;0;3;4;5
3384;1;1;1;0;1;1;1
3385;1;1;1;NA;2;3;4
3386;1;1;1;NA;1;1;2
3387;1;1;1;NA;0;3;3
3388;1;1;1;NA;2;1;1
3389;1;1;0;NA;0;1;1
3390;1;1;1;NA;2;1;1
3391;1;1;1;NA;2;1;0
3392;1;1;1;0;0;1;1
3393;1;1;1;0;3;1;1
3394;1;1;1;2;1;1;1
3395;1;1;1;1;2;1;1
3396;1;1;1;0;NA;1;1
3397;1;1;1;NA;NA;1;0
3398;1;1;1;0;NA;1;0
3399;1;1;1;1;2;1;1
3400;1;1;1;2;1;1;1
3401;1;0;0;NA;0;0;0
3402;1;1;1;0;0;0;0
3403;1;1;1;0;1;1;1
3404;1;2;2;NA;2;1;1
3405;1;1;1;NA;1;2;2
3406;1;1;1;2;1;1;1
3407;1;1;1;0;0;1;1
3408;1;1;1;0;1;1;0
3409;1;1;1;1;2;1;1
3410;1;1;1;3;1;2;3
3411;1;1;1;2;1;1;1
3412;1;1;1;0;0;0;0
3413;1;1;1;1;2;1;1
3414;1;1;1;0;1;1;1
3415;1;1;1;NA;1;1;2
3416;1;1;1;NA;0;0;0
3417;1;1;1;1;1;1;2
3418;1;1;1;1;2;1;1
3419;1;1;1;1;1;1;2
3420;1;1;1;0;1;1;1
3421;1;1;2;NA;1;1;1
3422;1;1;1;NA;2;2;2
3423;1;1;1;1;2;1;1
3424;1;1;1;0;NA;1;1
3425;1;1;1;1;NA;0;0
3426;1;1;1;1;2;1;1
3427;1;1;1;2;NA;0;0
3428;1;2;2;0;0;0;0
3429;1;1;1;1;2;1;1
3430;1;1;1;0;0;1;0
3431;1;1;0;0;1;1;1
3432;1;1;1;1;0;1;1
3433;1;2;2;1;1;1;1
3434;1;1;1;2;2;1;1
3435;1;1;1;0;1;1;0
3436;1;1;1;1;1;2;1
3437;1;0;1;1;1;1;1
3438;1;1;1;0;1;1;1
3439;1;1;1;0;3;4;5
3440;1;1;1;0;1;1;1
3441;1;1;1;1;2;1;1
3442;1;1;1;2;3;4;5
3443;1;1;1;0;1;1;1
3444;1;1;1;NA;0;0;0
3445;1;2;1;3;1;1;1
3446;1;1;1;2;3;3;3
3447;1;1;1;2;1;1;1
3448;1;1;1;NA;2;1;1
3449;1;1;1;0;1;1;1
3450;1;1;1;NA;0;1;1
3451;1;1;1;2;1;1;1
3452;1;1;1;NA;2;1;1
3453;1;1;1;NA;1;0;1
3454;1;1;1;1;1;1;0
3455;1;1;1;1;0;0;NA
3456;1;1;1;1;2;1;NA
3457;1;2;2;2;1;1;NA
3458;1;1;1;1;0;1;NA
3459;1;1;1;1;2;1;NA
3460;1;1;1;0;0;1;NA
3461;1;1;2;1;1;1;NA
3462;1;1;1;1;0;1;NA
3463;1;1;1;0;1;1;NA
3464;1;1;1;NA;2;1;NA
3465;1;1;1;0;0;1;NA
3466;1;1;1;1;0;1;NA
3467;1;1;0;1;NA;1;NA
3468;1;1;1;0;1;1;NA
3469;1;1;1;0;1;1;NA
3470;1;1;1;0;1;1;NA
3471;1;1;1;1;2;1;1
3472;1;1;1;1;0;0;0
3473;1;1;1;1;1;1;2
3474;1;1;1;1;2;2;2
3475;1;1;1;1;2;1;1
3476;1;1;1;0;NA;1;1
3477;1;1;1;0;1;1;1
3478;1;1;1;1;1;1;2
3479;1;1;1;1;2;2;2
3480;1;1;1;1;1;1;2
3481;1;1;1;1;2;1;1
3482;1;1;2;1;1;1;1
3483;1;1;1;0;3;1;1
3484;1;1;1;0;0;1;1
3485;1;1;1;1;2;1;1
3486;1;1;1;1;2;3;3
3487;1;1;1;1;2;1;1
3488;1;1;1;1;0;1;1
3489;1;1;1;2;2;1;1
3490;1;1;1;1;2;1;1
3491;1;1;1;1;2;1;1
3492;1;1;2;1;1;1;1
3493;1;1;1;1;1;1;0
3494;1;1;1;1;2;1;NA
3495;1;1;1;2;2;1;1
3496;1;1;1;2;1;1;1
3497;1;1;1;2;1;3;3
3498;1;1;1;1;2;1;1
3499;1;1;1;1;2;1;1
3500;1;1;1;1;NA;1;2
3501;1;1;1;1;1;1;0
3502;1;1;1;0;0;3;1
3503;1;1;1;1;0;3;3
3504;1;1;1;1;2;2;1
3505;1;1;1;1;1;1;2
3506;1;1;1;1;1;2;1
3507;1;1;1;1;2;1;2
3508;1;1;1;1;0;0;1
3509;1;1;1;1;2;2;2
3510;1;1;1;1;0;0;0
3511;1;1;1;1;2;1;1
3512;1;1;1;1;2;1;1
3513;1;1;1;1;1;2;2
3514;1;1;1;1;2;1;1
3515;1;2;1;1;NA;1;1
3516;1;0;0;1;NA;0;0
3517;1;1;2;1;NA;0;0
3518;1;1;1;1;0;3;1
3519;1;1;1;2;1;1;1
3520;1;1;1;0;1;0;0
3521;1;1;1;0;1;1;1
3522;1;1;1;NA;2;1;0
3523;1;1;2;NA;NA;1;NA
3524;1;1;1;1;1;1;2
3525;1;1;1;1;1;1;0
3526;1;1;1;0;1;1;1
3527;1;1;1;1;2;1;1
3528;1;1;1;1;1;2;1
3529;1;1;1;0;1;NA;1
3530;1;1;1;0;1;1;1
3531;1;1;1;NA;1;1;2
3532;1;1;1;1;2;1;2
3533;1;1;1;0;3;1;1
3534;1;1;0;0;0;1;1
3535;1;1;1;0;1;1;1
3536;1;1;1;NA;2;1;1
3537;1;1;1;NA;2;1;1
3538;1;1;1;1;2;1;2
3539;1;1;1;3;2;3;4
3540;1;1;1;1;1;1;0
3541;1;1;1;1;2;3;3
3542;1;1;1;0;NA;NA;NA
3543;1;1;1;0;1;1;NA
3544;1;1;1;2;3;2;4
3545;1;1;1;0;1;1;1
3546;1;1;1;2;1;1;1
3547;1;1;1;0;3;3;3
3548;1;1;2;1;1;1;1
3549;1;1;1;1;2;1;1
3550;1;0;1;3;1;0;0
3551;1;NA;2;NA;2;NA;NA
3552;1;NA;0;NA;0;NA;NA
3553;1;1;1;1;1;0;0
3554;1;1;1;1;2;NA;NA
3555;1;1;1;1;2;NA;NA
3556;1;0;1;1;1;NA;NA
3557;1;1;1;0;1;NA;NA
3558;1;2;2;1;1;NA;NA
3559;1;1;1;1;2;NA;NA
3560;1;2;2;2;2;NA;NA
3561;1;1;1;1;2;NA;NA
3562;1;1;1;0;1;NA;NA
3563;1;1;1;1;2;NA;NA
3564;1;1;1;0;1;NA;NA
3565;1;1;1;0;1;NA;NA
3566;1;1;1;1;2;NA;NA
3567;1;1;1;1;2;NA;NA
3568;1;1;1;0;1;NA;NA
3569;1;1;1;2;1;NA;NA
3570;1;1;1;0;1;NA;NA
3571;1;1;1;2;1;NA;NA
3572;1;1;1;NA;0;NA;NA
3573;1;1;1;NA;2;NA;NA
3574;1;1;1;0;0;NA;NA
3575;1;1;1;1;0;NA;NA
3576;1;1;1;0;1;NA;NA
3577;1;0;0;NA;1;NA;NA
3578;1;1;1;NA;2;NA;NA
3579;1;1;1;2;1;NA;NA
3580;1;1;1;0;1;NA;NA
3581;1;2;2;NA;1;NA;NA
3582;1;1;1;0;0;NA;NA
3583;1;1;1;0;0;NA;NA
3584;1;1;1;1;2;NA;NA
3585;1;1;1;1;2;NA;NA
3586;1;1;1;0;NA;NA;NA
3587;1;1;1;2;1;NA;NA
3588;1;1;1;1;2;NA;NA
3589;1;1;1;2;1;NA;NA
3590;1;1;1;NA;2;NA;NA
3591;1;1;1;1;2;NA;NA
3592;1;1;1;1;2;NA;NA
3593;1;1;3;1;0;NA;NA
3594;1;1;1;1;0;NA;NA
3595;1;1;1;1;2;NA;NA
3596;1;1;2;1;NA;NA;NA
3597;1;2;2;2;2;NA;NA
3598;1;1;1;1;2;NA;NA
3599;1;2;2;2;1;NA;NA
3600;1;1;2;1;0;NA;NA
3601;1;1;1;0;0;NA;NA
3602;1;1;1;2;1;NA;NA
3603;1;1;1;0;1;NA;NA
3604;1;1;2;1;1;NA;NA
3605;1;1;1;1;0;NA;NA
3606;1;1;1;1;2;NA;NA
3607;1;2;2;2;NA;NA;NA
3608;1;0;0;0;1;NA;NA
3609;1;1;1;0;0;NA;NA
3610;1;1;1;1;2;NA;NA
3611;1;1;1;0;1;NA;NA
3612;1;2;3;3;1;NA;NA
3613;1;2;2;3;4;NA;NA
3614;1;1;1;1;2;NA;NA
3615;1;1;1;0;1;NA;NA
3616;1;2;2;NA;1;NA;NA
3617;1;1;1;NA;2;NA;NA
3618;1;1;1;1;2;NA;NA
3619;1;1;1;1;2;NA;NA
3620;1;1;1;1;2;NA;NA
3621;1;1;1;1;2;NA;NA
3622;1;1;1;1;2;NA;NA
3623;1;1;1;0;NA;NA;NA
3624;1;2;2;3;2;NA;NA
3625;1;1;0;1;1;NA;NA
3626;1;1;2;1;1;NA;NA
3627;1;0;NA;0;0;NA;NA
3628;1;2;2;2;1;NA;NA
3629;1;2;1;1;0;NA;NA
3630;1;1;1;1;1;0;0
3631;1;2;2;2;1;NA;NA
3632;1;1;1;1;2;NA;NA
3633;1;1;1;1;2;NA;NA
3634;1;1;1;0;1;NA;NA
3635;1;1;1;1;0;NA;NA
3636;1;1;1;1;2;NA;NA
3637;1;1;1;2;NA;NA;NA
3638;1;1;1;0;1;NA;NA
3639;1;1;1;1;2;NA;NA
3640;1;1;0;0;0;NA;NA
3641;1;1;1;1;2;NA;NA
3642;1;1;1;1;0;NA;NA
3643;1;1;1;0;1;NA;NA
3644;1;1;0;1;1;NA;NA
3645;1;0;1;1;1;NA;NA
3646;1;1;0;1;1;NA;NA
3647;1;1;0;1;1;NA;NA
3648;1;1;1;1;2;NA;NA
3649;1;1;1;1;2;NA;NA
3650;1;1;1;0;1;NA;NA
3651;1;1;1;NA;2;NA;NA
3652;1;1;0;NA;1;NA;NA
3653;1;1;1;1;2;NA;NA
3654;1;1;1;0;3;NA;NA
3655;1;1;1;0;1;NA;NA
3656;1;1;1;1;2;NA;NA
3657;1;1;1;1;0;NA;NA
3658;1;1;1;0;1;NA;NA
3659;1;1;1;0;1;NA;NA
3660;1;1;1;1;0;NA;NA
3661;1;1;1;2;NA;NA;NA
3662;1;1;0;1;1;NA;NA
3663;1;2;NA;1;1;NA;NA
3664;1;1;1;1;2;NA;NA
3665;1;2;2;1;3;NA;NA
3666;1;1;1;0;3;NA;NA
3667;1;1;1;1;2;NA;NA
3668;1;1;1;0;NA;NA;NA
3669;1;1;1;1;2;NA;NA
3670;1;2;2;2;1;NA;NA
3671;1;1;1;1;0;NA;NA
3672;1;1;1;1;0;NA;NA
3673;1;2;2;2;2;NA;NA
3674;1;1;1;1;0;NA;NA
3675;1;1;2;1;1;NA;NA
3676;1;1;1;0;1;NA;NA
3677;1;1;1;2;3;NA;NA
3678;1;1;1;2;1;NA;NA
3679;1;1;1;1;1;0;0
3680;1;1;1;1;0;NA;NA
3681;1;1;1;1;2;NA;NA
3682;1;1;1;0;1;NA;NA
3683;1;0;1;NA;0;NA;NA
3684;1;1;1;NA;2;NA;NA
3685;1;1;1;1;0;NA;NA
3686;1;1;1;1;2;NA;NA
3687;1;1;1;1;2;NA;NA
3688;1;1;2;1;1;NA;NA
3689;1;1;1;2;1;NA;NA
3690;1;1;1;0;1;NA;NA
3691;1;1;1;1;2;NA;NA
3692;1;2;2;2;1;NA;NA
3693;1;1;1;0;1;NA;NA
3694;1;1;1;0;1;NA;NA
3695;1;1;1;0;1;NA;NA
3696;1;1;1;0;1;NA;NA
3697;1;2;2;3;2;NA;NA
