<?xml version="1.0" encoding="UTF-8"?>
<?xml-model href="http://www.tei-c.org/release/xml/tei/custom/schema/relaxng/tei_all.rng" type="application/xml" schematypens="http://relaxng.org/ns/structure/1.0"?>
<?xml-model href="http://www.tei-c.org/release/xml/tei/custom/schema/relaxng/tei_all.rng" type="application/xml"
	schematypens="http://purl.oclc.org/dsdl/schematron"?>
<TEI xmlns="http://www.tei-c.org/ns/1.0">
  <teiHeader>
      <fileDesc>
         <titleStmt>
            <title type="main">Glossaire</title>
            <title type="sub">Li Seint confessor</title>
         </titleStmt>
         <publicationStmt>
               <publisher>Ariane Pinche</publisher>
               <date>2015-2021</date>
         </publicationStmt>
         <sourceDesc>
            <p>Glossaire constitué pour l'édition du recueil 
               <hi rend="italic">Li Seint Confessor</hi> de Wauchier de Denain. Les différentes de chacun des termes ont été récupéré à partir des fichiers XML des Vies lemmatisées.</p>
         </sourceDesc>
      </fileDesc>
  </teiHeader>
  <text>
      <body>
         <div n="glossary">
            <entry xml:id="aaiser">
               <form type="lemma">aaisier</form>
               <form type="TL">aaisier</form>
               <gramGrp>
                  <gram type="pos">vb</gram>
               </gramGrp>
               <sense>
                  <cit type="translationEquivalent" xml:lang="fr">
                     <form>
                        <orth></orth>
                     </form>
                  </cit>
                  <cit type="example">
                     <gramGrp>
                        <gram type="tense">Présent</gram>
                     </gramGrp>
                     <quote>Machin</quote>
                     <bibl>
                        <biblScope unit="text"></biblScope>
                        <biblScope unit="chapter"></biblScope>
                     </bibl>
                  </cit>
               </sense>
            </entry>
         </div>
           
         
      </body>
  </text>
</TEI>
